===============================================================================
   Date (UTC) Time         Refid  DP L P  Raw offset   Cooked offset      Disp.
===============================================================================
2023-11-14 22:13:20.000000 PPS0     0 N 1  2.740135e-07 -2.894051e-07  1.000e-06
2023-11-14 22:13:21.000000 PPS0     1 N 1  1.440429e-07 -1.436947e-07  1.000e-06
2023-11-14 22:13:22.000000 PPS0     2 N 1  1.984042e-07 -1.964760e-07  1.000e-06
2023-11-14 22:13:23.000000 PPS0     3 N 1  2.750888e-07 -2.749301e-07  1.000e-06
2023-11-14 22:13:24.000000 PPS0     4 N 1 -7.610109e-08  7.900352e-08  1.000e-06
2023-11-14 22:13:25.000000 PPS0     5 N 1  6.648268e-08 -6.826687e-08  1.000e-06
2023-11-14 22:13:26.000000 PPS0     6 N 1 -3.509561e-08  3.869281e-08  1.000e-06
2023-11-14 22:13:27.000000 PPS0     7 N 1  1.079807e-07 -1.104504e-07  1.000e-06
2023-11-14 22:13:28.000000 PPS0     8 N 1 -5.249047e-08  4.345652e-08  1.000e-06
2023-11-14 22:13:29.000000 PPS0     9 N 1  2.548810e-07 -2.560025e-07  1.000e-06
2023-11-14 22:13:30.000000 PPS0    10 N 1  2.039248e-07 -2.018375e-07  1.000e-06
2023-11-14 22:13:31.000000 PPS0    11 N 1  2.952609e-07 -2.875753e-07  1.000e-06
2023-11-14 22:13:32.000000 PPS0    12 N 1  5.174450e-08 -4.434068e-08  1.000e-06
2023-11-14 22:13:33.000000 PPS0    13 N 1 -1.381855e-07  1.444786e-07  1.000e-06
2023-11-14 22:13:34.000000 PPS0    14 N 1 -2.173973e-07  2.191135e-07  1.000e-06
2023-11-14 22:13:35.000000 PPS0    15 N 1  1.647309e-07 -1.636128e-07  1.000e-06
2023-11-14 22:13:36.000000 PPS0     0 N 1 -4.973792e-08  4.571012e-08  1.000e-06
2023-11-14 22:13:37.000000 PPS0     1 N 1 -4.575409e-08  5.100972e-08  1.000e-06
2023-11-14 22:13:38.000000 PPS0     2 N 1  1.396250e-07 -1.409357e-07  1.000e-06
2023-11-14 22:13:39.000000 PPS0     3 N 1 -1.805684e-07  1.839384e-07  1.000e-06
2023-11-14 22:13:40.000000 PPS0     4 N 1 -2.108157e-07  2.081614e-07  1.000e-06
2023-11-14 22:13:41.000000 PPS0     5 N 1 -1.032257e-07  1.069420e-07  1.000e-06
2023-11-14 22:13:42.000000 PPS0     6 N 1  4.272415e-08 -4.041488e-08  1.000e-06
2023-11-14 22:13:43.000000 PPS0     7 N 1  4.852598e-08 -5.191563e-08  1.000e-06
2023-11-14 22:13:44.000000 PPS0     8 N 1  8.831926e-08 -8.125696e-08  1.000e-06
2023-11-14 22:13:45.000000 PPS0     9 N 1  2.815236e-09  3.527365e-10  1.000e-06
2023-11-14 22:13:46.000000 PPS0    10 N 1 -1.022152e-08  1.536430e-08  1.000e-06
2023-11-14 22:13:47.000000 PPS0    11 N 1  1.089925e-07 -1.046134e-07  1.000e-06
2023-11-14 22:13:48.000000 PPS0    12 N 1  6.159340e-08 -5.339338e-08  1.000e-06
2023-11-14 22:13:49.000000 PPS0    13 N 1 -4.450968e-08  4.283885e-08  1.000e-06
2023-11-14 22:13:50.000000 PPS0    14 N 1 -7.878316e-08  8.183798e-08  1.000e-06
2023-11-14 22:13:51.000000 PPS0    15 N 1 -8.303130e-08  7.980864e-08  1.000e-06
2023-11-14 22:13:52.000000 PPS0     0 N 1  1.197828e-07 -1.139724e-07  1.000e-06
2023-11-14 22:13:53.000000 PPS0     1 N 1  9.714718e-08 -1.105627e-07  1.000e-06
2023-11-14 22:13:54.000000 PPS0     2 N 1 -1.317176e-07  1.263502e-07  1.000e-06
2023-11-14 22:13:55.000000 PPS0     3 N 1 -1.694666e-07  1.674278e-07  1.000e-06
2023-11-14 22:13:56.000000 PPS0     4 N 1  2.846243e-07 -2.861613e-07  1.000e-06
2023-11-14 22:13:57.000000 PPS0     5 N 1 -9.799135e-08  1.014855e-07  1.000e-06
2023-11-14 22:13:58.000000 PPS0     6 N 1  2.303396e-08 -2.243055e-08  1.000e-06
2023-11-14 22:13:59.000000 PPS0     7 N 1 -9.001027e-08  9.000275e-08  1.000e-06
2023-11-14 22:14:00.000000 PPS0     8 N 1  7.850404e-08 -8.806057e-08  1.000e-06
2023-11-14 22:14:01.000000 PPS0     9 N 1 -2.278776e-07  2.333004e-07  1.000e-06
2023-11-14 22:14:02.000000 PPS0    10 N 1  1.404393e-07 -1.429725e-07  1.000e-06
2023-11-14 22:14:03.000000 PPS0    11 N 1 -1.387095e-07  1.377818e-07  1.000e-06
2023-11-14 22:14:04.000000 PPS0    12 N 1 -1.643943e-07  1.626938e-07  1.000e-06
2023-11-14 22:14:05.000000 PPS0    13 N 1  2.626510e-07 -2.619906e-07  1.000e-06
2023-11-14 22:14:06.000000 PPS0    14 N 1  1.902616e-07 -1.913747e-07  1.000e-06
2023-11-14 22:14:07.000000 PPS0    15 N 1  7.106298e-08 -6.413383e-08  1.000e-06
2023-11-14 22:14:08.000000 PPS0     0 N 1 -1.844077e-07  1.826703e-07  1.000e-06
2023-11-14 22:14:09.000000 PPS0     1 N 1 -7.219591e-09  8.629497e-09  1.000e-06
2023-11-14 22:14:10.000000 PPS0     2 N 1  2.496974e-07 -2.462698e-07  1.000e-06
2023-11-14 22:14:11.000000 PPS0     3 N 1 -2.076705e-07  2.063156e-07  1.000e-06
2023-11-14 22:14:12.000000 PPS0     4 N 1 -1.167349e-07  1.121396e-07  1.000e-06
2023-11-14 22:14:13.000000 PPS0     5 N 1  3.213679e-07 -3.266827e-07  1.000e-06
2023-11-14 22:14:14.000000 PPS0     6 N 1  5.343499e-08 -5.701105e-08  1.000e-06
2023-11-14 22:14:15.000000 PPS0     7 N 1  1.474548e-07 -1.456863e-07  1.000e-06
2023-11-14 22:14:16.000000 PPS0     8 N 1  3.775373e-08 -3.813457e-08  1.000e-06
2023-11-14 22:14:17.000000 PPS0     9 N 1  1.896290e-07 -1.942875e-07  1.000e-06
2023-11-14 22:14:18.000000 PPS0    10 N 1 -8.973751e-08  8.415448e-08  1.000e-06
2023-11-14 22:14:19.000000 PPS0    11 N 1  2.198169e-07 -2.212848e-07  1.000e-06
2023-11-14 22:14:20.000000 PPS0    12 N 1 -1.356434e-07  1.335481e-07  1.000e-06
2023-11-14 22:14:21.000000 PPS0    13 N 1  3.952454e-07 -3.957828e-07  1.000e-06
2023-11-14 22:14:22.000000 PPS0    14 N 1  1.481330e-07 -1.458071e-07  1.000e-06
2023-11-14 22:14:23.000000 PPS0    15 N 1  1.910394e-08 -2.256747e-08  1.000e-06
2023-11-14 22:14:24.000000 PPS0     0 N 1 -2.885138e-08  2.707912e-08  1.000e-06
2023-11-14 22:14:25.000000 PPS0     1 N 1 -3.097671e-07  3.227178e-07  1.000e-06
2023-11-14 22:14:26.000000 PPS0     2 N 1  1.606811e-07 -1.600997e-07  1.000e-06
2023-11-14 22:14:27.000000 PPS0     3 N 1 -8.215423e-09  4.267201e-09  1.000e-06
2023-11-14 22:14:28.000000 PPS0     4 N 1  1.650614e-07 -1.659957e-07  1.000e-06
2023-11-14 22:14:29.000000 PPS0     5 N 1  9.484022e-08 -1.017777e-07  1.000e-06
2023-11-14 22:14:30.000000 PPS0     6 N 1  8.005192e-08 -7.005041e-08  1.000e-06
2023-11-14 22:14:31.000000 PPS0     7 N 1 -1.983286e-08  2.383263e-08  1.000e-06
2023-11-14 22:14:32.000000 PPS0     8 N 1  2.924249e-08 -2.371653e-08  1.000e-06
2023-11-14 22:14:33.000000 PPS0     9 N 1  1.843870e-07 -1.840788e-07  1.000e-06
2023-11-14 22:14:34.000000 PPS0    10 N 1 -5.933363e-08  6.076741e-08  1.000e-06
2023-11-14 22:14:35.000000 PPS0    11 N 1  3.120030e-08 -3.428982e-08  1.000e-06
2023-11-14 22:14:36.000000 PPS0    12 N 1  9.373747e-08 -9.157586e-08  1.000e-06
2023-11-14 22:14:37.000000 PPS0    13 N 1 -1.077577e-07  1.072003e-07  1.000e-06
2023-11-14 22:14:38.000000 PPS0    14 N 1  4.640978e-07 -4.600136e-07  1.000e-06
2023-11-14 22:14:39.000000 PPS0    15 N 1  4.092421e-08 -2.836880e-08  1.000e-06
2023-11-14 22:14:40.000000 PPS0     0 N 1 -4.172276e-08  2.933848e-08  1.000e-06
2023-11-14 22:14:41.000000 PPS0     1 N 1 -2.591232e-07  2.515256e-07  1.000e-06
2023-11-14 22:14:42.000000 PPS0     2 N 1  6.625658e-08 -6.137480e-08  1.000e-06
2023-11-14 22:14:43.000000 PPS0     3 N 1 -2.979500e-07  3.035362e-07  1.000e-06
2023-11-14 22:14:44.000000 PPS0     4 N 1 -1.562521e-07  1.575343e-07  1.000e-06
2023-11-14 22:14:45.000000 PPS0     5 N 1  9.782660e-08 -9.566495e-08  1.000e-06
2023-11-14 22:14:46.000000 PPS0     6 N 1  2.970067e-08 -2.884570e-08  1.000e-06
2023-11-14 22:14:47.000000 PPS0     7 N 1 -1.420745e-07  1.434656e-07  1.000e-06
2023-11-14 22:14:48.000000 PPS0     8 N 1  1.761761e-07 -1.715450e-07  1.000e-06
2023-11-14 22:14:49.000000 PPS0     9 N 1  4.214859e-07 -4.160698e-07  1.000e-06
2023-11-14 22:14:50.000000 PPS0    10 N 1  1.388517e-07 -1.305342e-07  1.000e-06
2023-11-14 22:14:51.000000 PPS0    11 N 1  6.638782e-08 -7.283721e-08  1.000e-06
2023-11-14 22:14:52.000000 PPS0    12 N 1 -3.054323e-07  3.118152e-07  1.000e-06
2023-11-14 22:14:53.000000 PPS0    13 N 1  1.160807e-07 -1.118442e-07  1.000e-06
2023-11-14 22:14:54.000000 PPS0    14 N 1 -1.872592e-08  2.045007e-08  1.000e-06
2023-11-14 22:14:55.000000 PPS0    15 N 1  3.138918e-07 -3.122176e-07  1.000e-06
2023-11-14 22:14:56.000000 PPS0     0 N 1 -1.354642e-07  1.333069e-07  1.000e-06
2023-11-14 22:14:57.000000 PPS0     1 N 1  2.399593e-07 -2.454091e-07  1.000e-06
2023-11-14 22:14:58.000000 PPS0     2 N 1 -3.546928e-07  3.432230e-07  1.000e-06
2023-11-14 22:14:59.000000 PPS0     3 N 1 -1.679904e-07  1.719873e-07  1.000e-06
2023-11-14 22:15:00.000000 PPS0     4 N 1  4.644871e-08 -5.023509e-08  1.000e-06
2023-11-14 22:15:01.000000 PPS0     5 N 1 -1.592626e-07  1.586926e-07  1.000e-06
2023-11-14 22:15:02.000000 PPS0     6 N 1  9.897125e-09 -1.271676e-08  1.000e-06
2023-11-14 22:15:03.000000 PPS0     7 N 1 -2.623171e-09 -1.192738e-09  1.000e-06
2023-11-14 22:15:04.000000 PPS0     8 N 1  3.049766e-07 -3.168113e-07  1.000e-06
2023-11-14 22:15:05.000000 PPS0     9 N 1  5.314996e-08 -5.822198e-08  1.000e-06
2023-11-14 22:15:06.000000 PPS0    10 N 1  1.411273e-07 -1.423028e-07  1.000e-06
2023-11-14 22:15:07.000000 PPS0    11 N 1  9.038113e-08 -8.772315e-08  1.000e-06
2023-11-14 22:15:08.000000 PPS0    12 N 1  6.660485e-08 -6.164965e-08  1.000e-06
2023-11-14 22:15:09.000000 PPS0    13 N 1 -1.725879e-07  1.773463e-07  1.000e-06
2023-11-14 22:15:10.000000 PPS0    14 N 1  3.620243e-09 -1.717021e-09  1.000e-06
2023-11-14 22:15:11.000000 PPS0    15 N 1  2.702693e-07 -2.646473e-07  1.000e-06
2023-11-14 22:15:12.000000 PPS0     0 N 1  3.347028e-07 -3.459558e-07  1.000e-06
2023-11-14 22:15:13.000000 PPS0     1 N 1 -1.059379e-07  1.107587e-07  1.000e-06
2023-11-14 22:15:14.000000 PPS0     2 N 1 -1.318299e-07  1.309170e-07  1.000e-06
2023-11-14 22:15:15.000000 PPS0     3 N 1  2.942804e-07 -2.899069e-07  1.000e-06
2023-11-14 22:15:16.000000 PPS0     4 N 1 -1.059141e-07  1.081831e-07  1.000e-06
2023-11-14 22:15:17.000000 PPS0     5 N 1  1.355484e-07 -1.352115e-07  1.000e-06
2023-11-14 22:15:18.000000 PPS0     6 N 1  2.400432e-08 -2.329653e-08  1.000e-06
2023-11-14 22:15:19.000000 PPS0     7 N 1 -1.856699e-07  1.863025e-07  1.000e-06
2023-11-14 22:15:20.000000 PPS0     8 N 1 -1.053028e-07  1.072707e-07  1.000e-06
2023-11-14 22:15:21.000000 PPS0     9 N 1  1.044430e-07 -1.089070e-07  1.000e-06
2023-11-14 22:15:22.000000 PPS0    10 N 1  1.322877e-07 -1.305086e-07  1.000e-06
2023-11-14 22:15:23.000000 PPS0    11 N 1  3.439899e-08 -3.076996e-08  1.000e-06
2023-11-14 22:15:24.000000 PPS0    12 N 1 -5.879776e-09  4.458986e-09  1.000e-06
2023-11-14 22:15:25.000000 PPS0    13 N 1  5.303384e-08 -5.332995e-08  1.000e-06
2023-11-14 22:15:26.000000 PPS0    14 N 1  2.130170e-07 -2.248867e-07  1.000e-06
2023-11-14 22:15:27.000000 PPS0    15 N 1 -4.553101e-09 -5.521680e-09  1.000e-06
2023-11-14 22:15:28.000000 PPS0     0 N 1 -3.659204e-08  3.775318e-08  1.000e-06
2023-11-14 22:15:29.000000 PPS0     1 N 1  3.934756e-08 -3.465090e-08  1.000e-06
2023-11-14 22:15:30.000000 PPS0     2 N 1  8.598923e-08 -9.987361e-08  1.000e-06
2023-11-14 22:15:31.000000 PPS0     3 N 1 -1.304309e-07  1.379992e-07  1.000e-06
2023-11-14 22:15:32.000000 PPS0     4 N 1  2.710340e-07 -2.707723e-07  1.000e-06
2023-11-14 22:15:33.000000 PPS0     5 N 1 -1.962970e-07  2.068910e-07  1.000e-06
2023-11-14 22:15:34.000000 PPS0     6 N 1 -2.786590e-07  2.799102e-07  1.000e-06
2023-11-14 22:15:35.000000 PPS0     7 N 1  2.784031e-08 -2.694996e-08  1.000e-06
2023-11-14 22:15:36.000000 PPS0     8 N 1 -1.411615e-07  1.388002e-07  1.000e-06
2023-11-14 22:15:37.000000 PPS0     9 N 1  1.955933e-07 -1.984252e-07  1.000e-06
2023-11-14 22:15:38.000000 PPS0    10 N 1 -1.736196e-07  1.731353e-07  1.000e-06
2023-11-14 22:15:39.000000 PPS0    11 N 1  4.686032e-08 -4.796345e-08  1.000e-06
2023-11-14 22:15:40.000000 PPS0    12 N 1 -8.536326e-08  8.763868e-08  1.000e-06
2023-11-14 22:15:41.000000 PPS0    13 N 1  1.458741e-08 -2.091190e-08  1.000e-06
2023-11-14 22:15:42.000000 PPS0    14 N 1  6.678943e-08 -6.737400e-08  1.000e-06
2023-11-14 22:15:43.000000 PPS0    15 N 1  5.605698e-08 -6.502290e-08  1.000e-06
2023-11-14 22:15:44.000000 PPS0     0 N 1 -8.112776e-08  8.299275e-08  1.000e-06
2023-11-14 22:15:45.000000 PPS0     1 N 1  1.755888e-07 -1.742463e-07  1.000e-06
2023-11-14 22:15:46.000000 PPS0     2 N 1  6.092710e-08 -5.763972e-08  1.000e-06
2023-11-14 22:15:47.000000 PPS0     3 N 1  1.864756e-07 -1.779311e-07  1.000e-06
2023-11-14 22:15:48.000000 PPS0     4 N 1  1.112588e-07 -1.143483e-07  1.000e-06
2023-11-14 22:15:49.000000 PPS0     5 N 1  1.141510e-07 -1.241226e-07  1.000e-06
2023-11-14 22:15:50.000000 PPS0     6 N 1  5.251504e-08 -5.490189e-08  1.000e-06
2023-11-14 22:15:51.000000 PPS0     7 N 1  4.206480e-08 -3.973299e-08  1.000e-06
2023-11-14 22:15:52.000000 PPS0     8 N 1  5.441532e-08 -6.177652e-08  1.000e-06
2023-11-14 22:15:53.000000 PPS0     9 N 1 -6.051156e-09  1.955718e-09  1.000e-06
2023-11-14 22:15:54.000000 PPS0    10 N 1  4.548943e-08 -4.375064e-08  1.000e-06
2023-11-14 22:15:55.000000 PPS0    11 N 1 -9.534735e-08  9.896542e-08  1.000e-06
2023-11-14 22:15:56.000000 PPS0    12 N 1  2.454088e-07 -2.468032e-07  1.000e-06
2023-11-14 22:15:57.000000 PPS0    13 N 1  1.599577e-07 -1.674052e-07  1.000e-06
2023-11-14 22:15:58.000000 PPS0    14 N 1 -3.007035e-08  3.485918e-08  1.000e-06
2023-11-14 22:15:59.000000 PPS0    15 N 1 -2.133771e-07  2.108152e-07  1.000e-06
2023-11-14 22:16:00.000000 PPS0     0 N 1 -8.261368e-08  8.833277e-08  1.000e-06
2023-11-14 22:16:01.000000 PPS0     1 N 1  2.241369e-07 -2.272827e-07  1.000e-06
2023-11-14 22:16:02.000000 PPS0     2 N 1  7.108202e-08 -8.417499e-08  1.000e-06
2023-11-14 22:16:03.000000 PPS0     3 N 1  1.804283e-07 -1.787038e-07  1.000e-06
2023-11-14 22:16:04.000000 PPS0     4 N 1  2.522400e-07 -2.642080e-07  1.000e-06
2023-11-14 22:16:05.000000 PPS0     5 N 1  1.056771e-07 -1.074696e-07  1.000e-06
2023-11-14 22:16:06.000000 PPS0     6 N 1 -3.380073e-07  3.345149e-07  1.000e-06
2023-11-14 22:16:07.000000 PPS0     7 N 1  4.201701e-08 -3.802970e-08  1.000e-06
2023-11-14 22:16:08.000000 PPS0     8 N 1  8.380129e-08 -8.641319e-08  1.000e-06
2023-11-14 22:16:09.000000 PPS0     9 N 1  1.214561e-07 -1.220281e-07  1.000e-06
2023-11-14 22:16:10.000000 PPS0    10 N 1 -4.256463e-08  3.743173e-08  1.000e-06
2023-11-14 22:16:11.000000 PPS0    11 N 1  7.765787e-08 -7.690340e-08  1.000e-06
2023-11-14 22:16:12.000000 PPS0    12 N 1  3.319171e-07 -3.342031e-07  1.000e-06
2023-11-14 22:16:13.000000 PPS0    13 N 1  2.967609e-07 -2.950306e-07  1.000e-06
2023-11-14 22:16:14.000000 PPS0    14 N 1  2.332433e-07 -2.377943e-07  1.000e-06
2023-11-14 22:16:15.000000 PPS0    15 N 1 -7.425087e-08  7.269007e-08  1.000e-06
2023-11-14 22:16:16.000000 PPS0     0 N 1  1.917351e-07 -1.908689e-07  1.000e-06
2023-11-14 22:16:17.000000 PPS0     1 N 1  1.707675e-07 -1.691878e-07  1.000e-06
2023-11-14 22:16:18.000000 PPS0     2 N 1  2.125589e-07 -2.115739e-07  1.000e-06
2023-11-14 22:16:19.000000 PPS0     3 N 1 -2.018791e-08  2.275815e-08  1.000e-06
2023-11-14 22:16:20.000000 PPS0     4 N 1  7.260910e-08 -6.386741e-08  1.000e-06
2023-11-14 22:16:21.000000 PPS0     5 N 1  3.546408e-08 -3.491896e-08  1.000e-06
2023-11-14 22:16:22.000000 PPS0     6 N 1  1.377468e-08 -7.994123e-09  1.000e-06
2023-11-14 22:16:23.000000 PPS0     7 N 1  1.912510e-07 -1.879955e-07  1.000e-06
2023-11-14 22:16:24.000000 PPS0     8 N 1 -1.266274e-07  1.190447e-07  1.000e-06
2023-11-14 22:16:25.000000 PPS0     9 N 1  1.004251e-07 -9.681491e-08  1.000e-06
2023-11-14 22:16:26.000000 PPS0    10 N 1  2.828914e-07 -2.918699e-07  1.000e-06
2023-11-14 22:16:27.000000 PPS0    11 N 1  3.578330e-08 -4.423562e-08  1.000e-06
2023-11-14 22:16:28.000000 PPS0    12 N 1 -8.246295e-08  8.135744e-08  1.000e-06
2023-11-14 22:16:29.000000 PPS0    13 N 1  2.064163e-07 -2.090494e-07  1.000e-06
2023-11-14 22:16:30.000000 PPS0    14 N 1 -4.544649e-08  4.384733e-08  1.000e-06
2023-11-14 22:16:31.000000 PPS0    15 N 1  2.512467e-07 -2.391672e-07  1.000e-06
2023-11-14 22:16:32.000000 PPS0     0 N 1 -1.683882e-07  1.670207e-07  1.000e-06
2023-11-14 22:16:33.000000 PPS0     1 N 1 -1.315204e-09  7.159213e-09  1.000e-06
2023-11-14 22:16:34.000000 PPS0     2 N 1  1.288957e-07 -1.211921e-07  1.000e-06
2023-11-14 22:16:35.000000 PPS0     3 N 1 -8.795737e-08  8.802623e-08  1.000e-06
2023-11-14 22:16:36.000000 PPS0     4 N 1 -4.155715e-09 -1.326369e-09  1.000e-06
2023-11-14 22:16:37.000000 PPS0     5 N 1  4.078807e-08 -4.671057e-08  1.000e-06
2023-11-14 22:16:38.000000 PPS0     6 N 1  3.907019e-07 -3.886154e-07  1.000e-06
2023-11-14 22:16:39.000000 PPS0     7 N 1 -8.734511e-08  8.431487e-08  1.000e-06
2023-11-14 22:16:40.000000 PPS0     8 N 1  3.253344e-07 -3.277250e-07  1.000e-06
2023-11-14 22:16:41.000000 PPS0     9 N 1  1.698697e-07 -1.669514e-07  1.000e-06
2023-11-14 22:16:42.000000 PPS0    10 N 1  2.299783e-07 -2.268047e-07  1.000e-06
2023-11-14 22:16:43.000000 PPS0    11 N 1  3.486594e-08 -3.782343e-08  1.000e-06
2023-11-14 22:16:44.000000 PPS0    12 N 1 -1.996690e-07  1.994308e-07  1.000e-06
2023-11-14 22:16:45.000000 PPS0    13 N 1  8.781681e-08 -8.961778e-08  1.000e-06
2023-11-14 22:16:46.000000 PPS0    14 N 1  4.577995e-08 -5.184971e-08  1.000e-06
2023-11-14 22:16:47.000000 PPS0    15 N 1  3.933149e-07 -3.958199e-07  1.000e-06
2023-11-14 22:16:48.000000 PPS0     0 N 1 -8.735657e-08  8.437151e-08  1.000e-06
2023-11-14 22:16:49.000000 PPS0     1 N 1  4.299571e-08 -3.928621e-08  1.000e-06
2023-11-14 22:16:50.000000 PPS0     2 N 1 -2.955236e-07  2.981024e-07  1.000e-06
2023-11-14 22:16:51.000000 PPS0     3 N 1 -2.348456e-08  2.258839e-08  1.000e-06
2023-11-14 22:16:52.000000 PPS0     4 N 1  2.218248e-07 -2.179913e-07  1.000e-06
2023-11-14 22:16:53.000000 PPS0     5 N 1 -3.220889e-08  3.174523e-08  1.000e-06
2023-11-14 22:16:54.000000 PPS0     6 N 1  3.509327e-07 -3.441172e-07  1.000e-06
2023-11-14 22:16:55.000000 PPS0     7 N 1  2.007571e-07 -2.006990e-07  1.000e-06
2023-11-14 22:16:56.000000 PPS0     8 N 1  2.153217e-07 -2.133195e-07  1.000e-06
2023-11-14 22:16:57.000000 PPS0     9 N 1 -1.101571e-08  6.030532e-09  1.000e-06
2023-11-14 22:16:58.000000 PPS0    10 N 1  1.501373e-07 -1.482047e-07  1.000e-06
2023-11-14 22:16:59.000000 PPS0    11 N 1  2.531234e-07 -2.555184e-07  1.000e-06
2023-11-14 22:17:00.000000 PPS0    12 N 1  2.827280e-07 -2.845333e-07  1.000e-06
2023-11-14 22:17:01.000000 PPS0    13 N 1  2.610715e-07 -2.583177e-07  1.000e-06
2023-11-14 22:17:02.000000 PPS0    14 N 1 -1.358828e-08  8.872848e-09  1.000e-06
2023-11-14 22:17:03.000000 PPS0    15 N 1  5.516875e-08 -5.646957e-08  1.000e-06
2023-11-14 22:17:04.000000 PPS0     0 N 1  2.145841e-07 -2.180222e-07  1.000e-06
2023-11-14 22:17:05.000000 PPS0     1 N 1 -1.478865e-07  1.478118e-07  1.000e-06
2023-11-14 22:17:06.000000 PPS0     2 N 1  3.625529e-07 -3.543419e-07  1.000e-06
2023-11-14 22:17:07.000000 PPS0     3 N 1 -1.883160e-08  1.747929e-08  1.000e-06
2023-11-14 22:17:08.000000 PPS0     4 N 1  1.225766e-07 -1.258745e-07  1.000e-06
2023-11-14 22:17:09.000000 PPS0     5 N 1  3.826144e-08 -3.962065e-08  1.000e-06
2023-11-14 22:17:10.000000 PPS0     6 N 1 -8.217292e-08  7.909799e-08  1.000e-06
2023-11-14 22:17:11.000000 PPS0     7 N 1  2.888462e-09 -1.696646e-09  1.000e-06
2023-11-14 22:17:12.000000 PPS0     8 N 1 -1.015474e-07  1.020902e-07  1.000e-06
2023-11-14 22:17:13.000000 PPS0     9 N 1 -7.111146e-08  6.708219e-08  1.000e-06
2023-11-14 22:17:14.000000 PPS0    10 N 1 -9.211626e-08  1.121913e-07  1.000e-06
2023-11-14 22:17:15.000000 PPS0    11 N 1  2.653441e-07 -2.586026e-07  1.000e-06
2023-11-14 22:17:16.000000 PPS0    12 N 1  1.990821e-07 -2.002429e-07  1.000e-06
2023-11-14 22:17:17.000000 PPS0    13 N 1  8.756447e-08 -8.610311e-08  1.000e-06
2023-11-14 22:17:18.000000 PPS0    14 N 1  1.448354e-07 -1.418464e-07  1.000e-06
2023-11-14 22:17:19.000000 PPS0    15 N 1  3.070274e-07 -3.218133e-07  1.000e-06
2023-11-14 22:17:20.000000 PPS0     0 N 1 -4.967866e-09  8.368724e-09  1.000e-06
2023-11-14 22:17:21.000000 PPS0     1 N 1  2.486639e-08 -2.563702e-08  1.000e-06
2023-11-14 22:17:22.000000 PPS0     2 N 1  3.025475e-07 -3.015771e-07  1.000e-06
2023-11-14 22:17:23.000000 PPS0     3 N 1  3.465638e-07 -3.467711e-07  1.000e-06
2023-11-14 22:17:24.000000 PPS0     4 N 1  1.150455e-07 -1.203687e-07  1.000e-06
2023-11-14 22:17:25.000000 PPS0     5 N 1 -2.184303e-07  2.163468e-07  1.000e-06
2023-11-14 22:17:26.000000 PPS0     6 N 1  8.925017e-08 -9.096975e-08  1.000e-06
2023-11-14 22:17:27.000000 PPS0     7 N 1 -1.219829e-07  1.252756e-07  1.000e-06
2023-11-14 22:17:28.000000 PPS0     8 N 1  9.125970e-08 -9.120488e-08  1.000e-06
2023-11-14 22:17:29.000000 PPS0     9 N 1 -3.591565e-08  4.416714e-08  1.000e-06
2023-11-14 22:17:30.000000 PPS0    10 N 1  3.028137e-07 -3.012673e-07  1.000e-06
2023-11-14 22:17:31.000000 PPS0    11 N 1  6.405303e-08 -6.278232e-08  1.000e-06
2023-11-14 22:17:32.000000 PPS0    12 N 1  3.362340e-07 -3.221748e-07  1.000e-06
2023-11-14 22:17:33.000000 PPS0    13 N 1  8.384146e-08 -8.597042e-08  1.000e-06
2023-11-14 22:17:34.000000 PPS0    14 N 1 -1.895772e-07  2.035737e-07  1.000e-06
2023-11-14 22:17:35.000000 PPS0    15 N 1 -8.308516e-08  8.745655e-08  1.000e-06
2023-11-14 22:17:36.000000 PPS0     0 N 1  1.580188e-07 -1.513391e-07  1.000e-06
2023-11-14 22:17:37.000000 PPS0     1 N 1 -4.587905e-08  3.777842e-08  1.000e-06
2023-11-14 22:17:38.000000 PPS0     2 N 1  1.059456e-07 -1.038819e-07  1.000e-06
2023-11-14 22:17:39.000000 PPS0     3 N 1  2.563819e-07 -2.648061e-07  1.000e-06
2023-11-14 22:17:40.000000 PPS0     4 N 1  1.607802e-08 -1.738734e-08  1.000e-06
2023-11-14 22:17:41.000000 PPS0     5 N 1 -1.186156e-07  1.178089e-07  1.000e-06
2023-11-14 22:17:42.000000 PPS0     6 N 1  2.049147e-07 -2.050754e-07  1.000e-06
2023-11-14 22:17:43.000000 PPS0     7 N 1 -1.308352e-07  1.325792e-07  1.000e-06
2023-11-14 22:17:44.000000 PPS0     8 N 1  2.143821e-07 -2.116872e-07  1.000e-06
2023-11-14 22:17:45.000000 PPS0     9 N 1  2.043651e-07 -2.126244e-07  1.000e-06
2023-11-14 22:17:46.000000 PPS0    10 N 1  1.553401e-07 -1.523245e-07  1.000e-06
2023-11-14 22:17:47.000000 PPS0    11 N 1  3.002252e-08 -3.028466e-08  1.000e-06
2023-11-14 22:17:48.000000 PPS0    12 N 1 -2.911406e-08  3.530889e-08  1.000e-06
2023-11-14 22:17:49.000000 PPS0    13 N 1  4.227319e-08 -4.698484e-08  1.000e-06
2023-11-14 22:17:50.000000 PPS0    14 N 1  1.153955e-07 -1.148232e-07  1.000e-06
2023-11-14 22:17:51.000000 PPS0    15 N 1  1.880713e-07 -1.922326e-07  1.000e-06
2023-11-14 22:17:52.000000 PPS0     0 N 1 -1.358411e-08  1.551767e-08  1.000e-06
2023-11-14 22:17:53.000000 PPS0     1 N 1  4.240306e-07 -4.216787e-07  1.000e-06
2023-11-14 22:17:54.000000 PPS0     2 N 1 -1.159727e-07  1.168331e-07  1.000e-06
2023-11-14 22:17:55.000000 PPS0     3 N 1 -2.799126e-08  1.873953e-08  1.000e-06
2023-11-14 22:17:56.000000 PPS0     4 N 1 -1.354123e-08  1.067627e-08  1.000e-06
2023-11-14 22:17:57.000000 PPS0     5 N 1  1.523498e-07 -1.457239e-07  1.000e-06
2023-11-14 22:17:58.000000 PPS0     6 N 1  2.608330e-07 -2.567668e-07  1.000e-06
2023-11-14 22:17:59.000000 PPS0     7 N 1  2.520998e-08 -2.441168e-08  1.000e-06
2023-11-14 22:18:00.000000 PPS0     8 N 1  8.448362e-08 -7.741460e-08  1.000e-06
2023-11-14 22:18:01.000000 PPS0     9 N 1 -7.196448e-09  4.459321e-09  1.000e-06
2023-11-14 22:18:02.000000 PPS0    10 N 1  3.157902e-07 -3.128829e-07  1.000e-06
2023-11-14 22:18:03.000000 PPS0    11 N 1  2.393935e-08 -2.309447e-08  1.000e-06
2023-11-14 22:18:04.000000 PPS0    12 N 1  1.142321e-07 -1.132657e-07  1.000e-06
2023-11-14 22:18:05.000000 PPS0    13 N 1  2.123494e-07 -2.104906e-07  1.000e-06
2023-11-14 22:18:06.000000 PPS0    14 N 1  6.483304e-08 -6.734518e-08  1.000e-06
2023-11-14 22:18:07.000000 PPS0    15 N 1 -1.667234e-07  1.645594e-07  1.000e-06
2023-11-14 22:18:08.000000 PPS0     0 N 1  2.650247e-07 -2.638634e-07  1.000e-06
2023-11-14 22:18:09.000000 PPS0     1 N 1 -4.677161e-09  3.484796e-09  1.000e-06
2023-11-14 22:18:10.000000 PPS0     2 N 1 -3.501604e-08  3.649673e-08  1.000e-06
2023-11-14 22:18:11.000000 PPS0     3 N 1  3.956289e-07 -3.865474e-07  1.000e-06
2023-11-14 22:18:12.000000 PPS0     4 N 1  2.746797e-07 -2.707300e-07  1.000e-06
2023-11-14 22:18:13.000000 PPS0     5 N 1  6.086183e-08 -6.703937e-08  1.000e-06
2023-11-14 22:18:14.000000 PPS0     6 N 1  9.707110e-08 -9.927450e-08  1.000e-06
2023-11-14 22:18:15.000000 PPS0     7 N 1  2.207723e-07 -2.199256e-07  1.000e-06
2023-11-14 22:18:16.000000 PPS0     8 N 1  9.824073e-09 -7.503992e-09  1.000e-06
2023-11-14 22:18:17.000000 PPS0     9 N 1  5.354582e-07 -5.399413e-07  1.000e-06
2023-11-14 22:18:18.000000 PPS0    10 N 1  2.678174e-07 -2.647711e-07  1.000e-06
2023-11-14 22:18:19.000000 PPS0    11 N 1  8.296138e-08 -8.668691e-08  1.000e-06
2023-11-14 22:18:20.000000 PPS0    12 N 1  1.011263e-07 -9.995163e-08  1.000e-06
2023-11-14 22:18:21.000000 PPS0    13 N 1  2.140630e-07 -2.104592e-07  1.000e-06
2023-11-14 22:18:22.000000 PPS0    14 N 1  1.468162e-07 -1.501569e-07  1.000e-06
2023-11-14 22:18:23.000000 PPS0    15 N 1  1.445356e-07 -1.467967e-07  1.000e-06
2023-11-14 22:18:24.000000 PPS0     0 N 1 -5.752598e-08  6.208764e-08  1.000e-06
2023-11-14 22:18:25.000000 PPS0     1 N 1 -2.810422e-10 -5.635515e-09  1.000e-06
2023-11-14 22:18:26.000000 PPS0     2 N 1  1.123714e-07 -1.219701e-07  1.000e-06
2023-11-14 22:18:27.000000 PPS0     3 N 1  8.991493e-08 -8.761355e-08  1.000e-06
2023-11-14 22:18:28.000000 PPS0     4 N 1  3.672650e-08 -3.548294e-08  1.000e-06
2023-11-14 22:18:29.000000 PPS0     5 N 1  4.235991e-07 -4.164213e-07  1.000e-06
2023-11-14 22:18:30.000000 PPS0     6 N 1  2.401745e-07 -2.371282e-07  1.000e-06
2023-11-14 22:18:31.000000 PPS0     7 N 1  2.265949e-08 -2.332054e-08  1.000e-06
2023-11-14 22:18:32.000000 PPS0     8 N 1  5.746244e-08 -5.729444e-08  1.000e-06
2023-11-14 22:18:33.000000 PPS0     9 N 1  1.180738e-07 -1.220986e-07  1.000e-06
2023-11-14 22:18:34.000000 PPS0    10 N 1  3.427878e-07 -3.479789e-07  1.000e-06
2023-11-14 22:18:35.000000 PPS0    11 N 1  1.552463e-07 -1.500570e-07  1.000e-06
2023-11-14 22:18:36.000000 PPS0    12 N 1  9.655836e-08 -9.989853e-08  1.000e-06
2023-11-14 22:18:37.000000 PPS0    13 N 1  1.058318e-07 -9.611755e-08  1.000e-06
2023-11-14 22:18:38.000000 PPS0    14 N 1  1.950222e-07 -1.964703e-07  1.000e-06
2023-11-14 22:18:39.000000 PPS0    15 N 1  1.891517e-07 -1.901336e-07  1.000e-06
2023-11-14 22:18:40.000000 PPS0     0 N 1 -1.798014e-07  1.810231e-07  1.000e-06
2023-11-14 22:18:41.000000 PPS0     1 N 1  2.584311e-07 -2.526537e-07  1.000e-06
2023-11-14 22:18:42.000000 PPS0     2 N 1  9.246688e-08 -9.953180e-08  1.000e-06
2023-11-14 22:18:43.000000 PPS0     3 N 1  2.824361e-07 -2.832109e-07  1.000e-06
2023-11-14 22:18:44.000000 PPS0     4 N 1  2.134789e-07 -2.078242e-07  1.000e-06
2023-11-14 22:18:45.000000 PPS0     5 N 1  1.539044e-07 -1.542167e-07  1.000e-06
2023-11-14 22:18:46.000000 PPS0     6 N 1  8.840355e-09 -1.101819e-08  1.000e-06
2023-11-14 22:18:47.000000 PPS0     7 N 1  1.079297e-07 -1.102616e-07  1.000e-06
2023-11-14 22:18:48.000000 PPS0     8 N 1  1.579713e-07 -1.677785e-07  1.000e-06
2023-11-14 22:18:49.000000 PPS0     9 N 1 -4.858574e-08  4.839264e-08  1.000e-06
2023-11-14 22:18:50.000000 PPS0    10 N 1 -9.846180e-10 -1.752814e-09  1.000e-06
2023-11-14 22:18:51.000000 PPS0    11 N 1 -6.755920e-08  7.086459e-08  1.000e-06
2023-11-14 22:18:52.000000 PPS0    12 N 1  3.481681e-07 -3.532681e-07  1.000e-06
2023-11-14 22:18:53.000000 PPS0    13 N 1  2.758796e-07 -2.832300e-07  1.000e-06
2023-11-14 22:18:54.000000 PPS0    14 N 1  1.243518e-07 -1.344536e-07  1.000e-06
2023-11-14 22:18:55.000000 PPS0    15 N 1  1.762773e-07 -1.762592e-07  1.000e-06
2023-11-14 22:18:56.000000 PPS0     0 N 1  1.245529e-07 -1.185601e-07  1.000e-06
2023-11-14 22:18:57.000000 PPS0     1 N 1  1.924442e-07 -1.926854e-07  1.000e-06
2023-11-14 22:18:58.000000 PPS0     2 N 1 -1.957248e-08  1.970580e-08  1.000e-06
2023-11-14 22:18:59.000000 PPS0     3 N 1 -6.351183e-10 -1.606580e-09  1.000e-06
2023-11-14 22:19:00.000000 PPS0     4 N 1  3.252642e-07 -3.210162e-07  1.000e-06
2023-11-14 22:19:01.000000 PPS0     5 N 1  1.466829e-07 -1.436812e-07  1.000e-06
2023-11-14 22:19:02.000000 PPS0     6 N 1 -1.129579e-07  1.133390e-07  1.000e-06
2023-11-14 22:19:03.000000 PPS0     7 N 1 -1.503084e-07  1.468162e-07  1.000e-06
2023-11-14 22:19:04.000000 PPS0     8 N 1  1.589044e-07 -1.571938e-07  1.000e-06
2023-11-14 22:19:05.000000 PPS0     9 N 1  2.084025e-07 -2.078223e-07  1.000e-06
2023-11-14 22:19:06.000000 PPS0    10 N 1  1.103669e-07 -1.106006e-07  1.000e-06
2023-11-14 22:19:07.000000 PPS0    11 N 1  3.132821e-07 -3.070168e-07  1.000e-06
2023-11-14 22:19:08.000000 PPS0    12 N 1 -1.161927e-07  1.165845e-07  1.000e-06
2023-11-14 22:19:09.000000 PPS0    13 N 1  2.955943e-07 -2.971471e-07  1.000e-06
2023-11-14 22:19:10.000000 PPS0    14 N 1  1.345692e-07 -1.378776e-07  1.000e-06
2023-11-14 22:19:11.000000 PPS0    15 N 1 -7.915205e-08  7.948319e-08  1.000e-06
2023-11-14 22:19:12.000000 PPS0     0 N 1  3.857962e-08 -3.977231e-08  1.000e-06
2023-11-14 22:19:13.000000 PPS0     1 N 1 -1.184285e-07  1.121927e-07  1.000e-06
2023-11-14 22:19:14.000000 PPS0     2 N 1  7.728951e-08 -8.001306e-08  1.000e-06
2023-11-14 22:19:15.000000 PPS0     3 N 1  1.780554e-07 -1.838765e-07  1.000e-06
2023-11-14 22:19:16.000000 PPS0     4 N 1  2.005921e-07 -1.983543e-07  1.000e-06
2023-11-14 22:19:17.000000 PPS0     5 N 1  1.071231e-07 -1.045480e-07  1.000e-06
2023-11-14 22:19:18.000000 PPS0     6 N 1  7.991371e-08 -8.157459e-08  1.000e-06
2023-11-14 22:19:19.000000 PPS0     7 N 1  8.720377e-08 -9.426059e-08  1.000e-06
2023-11-14 22:19:20.000000 PPS0     8 N 1  8.472628e-08 -8.150683e-08  1.000e-06
2023-11-14 22:19:21.000000 PPS0     9 N 1 -1.508030e-07  1.534430e-07  1.000e-06
2023-11-14 22:19:22.000000 PPS0    10 N 1 -5.612516e-09  3.025523e-09  1.000e-06
2023-11-14 22:19:23.000000 PPS0    11 N 1  1.027681e-07 -1.023468e-07  1.000e-06
2023-11-14 22:19:24.000000 PPS0    12 N 1  2.936809e-07 -2.952280e-07  1.000e-06
2023-11-14 22:19:25.000000 PPS0    13 N 1  3.462101e-07 -3.468230e-07  1.000e-06
2023-11-14 22:19:26.000000 PPS0    14 N 1  1.629955e-07 -1.604252e-07  1.000e-06
2023-11-14 22:19:27.000000 PPS0    15 N 1 -8.600471e-09  2.245032e-09  1.000e-06
2023-11-14 22:19:28.000000 PPS0     0 N 1  1.091283e-07 -1.063775e-07  1.000e-06
2023-11-14 22:19:29.000000 PPS0     1 N 1  2.230850e-07 -2.255647e-07  1.000e-06
2023-11-14 22:19:30.000000 PPS0     2 N 1  3.594767e-07 -3.607200e-07  1.000e-06
2023-11-14 22:19:31.000000 PPS0     3 N 1 -3.007410e-09  8.273384e-09  1.000e-06
2023-11-14 22:19:32.000000 PPS0     4 N 1  2.853028e-07 -2.904667e-07  1.000e-06
2023-11-14 22:19:33.000000 PPS0     5 N 1  2.295706e-07 -2.362033e-07  1.000e-06
2023-11-14 22:19:34.000000 PPS0     6 N 1  1.150770e-07 -1.039641e-07  1.000e-06
2023-11-14 22:19:35.000000 PPS0     7 N 1  3.054496e-07 -3.020392e-07  1.000e-06
2023-11-14 22:19:36.000000 PPS0     8 N 1  2.122231e-07 -2.163739e-07  1.000e-06
2023-11-14 22:19:37.000000 PPS0     9 N 1  1.674911e-07 -1.652234e-07  1.000e-06
2023-11-14 22:19:38.000000 PPS0    10 N 1 -3.554396e-08  3.663159e-08  1.000e-06
2023-11-14 22:19:39.000000 PPS0    11 N 1  2.028074e-07 -2.016266e-07  1.000e-06
2023-11-14 22:19:40.000000 PPS0    12 N 1  1.864578e-07 -1.874557e-07  1.000e-06
2023-11-14 22:19:41.000000 PPS0    13 N 1 -4.497272e-08  4.529847e-08  1.000e-06
2023-11-14 22:19:42.000000 PPS0    14 N 1 -1.637417e-07  1.603506e-07  1.000e-06
2023-11-14 22:19:43.000000 PPS0    15 N 1  2.884101e-07 -2.792973e-07  1.000e-06
2023-11-14 22:19:44.000000 PPS0     0 N 1  1.866017e-07 -1.984211e-07  1.000e-06
2023-11-14 22:19:45.000000 PPS0     1 N 1  3.265865e-07 -3.236489e-07  1.000e-06
2023-11-14 22:19:46.000000 PPS0     2 N 1  9.860582e-08 -9.462415e-08  1.000e-06
2023-11-14 22:19:47.000000 PPS0     3 N 1  2.094622e-07 -2.151653e-07  1.000e-06
2023-11-14 22:19:48.000000 PPS0     4 N 1 -6.615625e-08  7.160459e-08  1.000e-06
2023-11-14 22:19:49.000000 PPS0     5 N 1 -2.148493e-07  2.181138e-07  1.000e-06
2023-11-14 22:19:50.000000 PPS0     6 N 1  1.766451e-07 -1.714702e-07  1.000e-06
2023-11-14 22:19:51.000000 PPS0     7 N 1  3.911371e-07 -3.841601e-07  1.000e-06
2023-11-14 22:19:52.000000 PPS0     8 N 1  3.638948e-07 -3.594702e-07  1.000e-06
2023-11-14 22:19:53.000000 PPS0     9 N 1  2.077366e-07 -2.020421e-07  1.000e-06
2023-11-14 22:19:54.000000 PPS0    10 N 1  1.312422e-07 -1.354299e-07  1.000e-06
2023-11-14 22:19:55.000000 PPS0    11 N 1  1.215891e-07 -1.292061e-07  1.000e-06
2023-11-14 22:19:56.000000 PPS0    12 N 1  5.118186e-08 -4.051301e-08  1.000e-06
2023-11-14 22:19:57.000000 PPS0    13 N 1  2.113695e-07 -2.118896e-07  1.000e-06
2023-11-14 22:19:58.000000 PPS0    14 N 1  4.385830e-08 -5.235228e-08  1.000e-06
2023-11-14 22:19:59.000000 PPS0    15 N 1  5.305355e-08 -5.660011e-08  1.000e-06
2023-11-14 22:20:00.000000 PPS0     0 N 1  1.331116e-07 -1.324034e-07  1.000e-06
2023-11-14 22:20:01.000000 PPS0     1 N 1  1.227252e-07 -1.319723e-07  1.000e-06
2023-11-14 22:20:02.000000 PPS0     2 N 1  3.501077e-07 -3.476315e-07  1.000e-06
2023-11-14 22:20:03.000000 PPS0     3 N 1  1.336242e-07 -1.349873e-07  1.000e-06
2023-11-14 22:20:04.000000 PPS0     4 N 1  1.980779e-07 -1.916186e-07  1.000e-06
2023-11-14 22:20:05.000000 PPS0     5 N 1  2.228576e-07 -2.284293e-07  1.000e-06
2023-11-14 22:20:06.000000 PPS0     6 N 1 -5.629205e-08  4.469192e-08  1.000e-06
2023-11-14 22:20:07.000000 PPS0     7 N 1  1.494456e-07 -1.457290e-07  1.000e-06
2023-11-14 22:20:08.000000 PPS0     8 N 1  3.120721e-07 -3.112964e-07  1.000e-06
2023-11-14 22:20:09.000000 PPS0     9 N 1  2.510894e-07 -2.555857e-07  1.000e-06
2023-11-14 22:20:10.000000 PPS0    10 N 1  2.061237e-07 -2.066978e-07  1.000e-06
2023-11-14 22:20:11.000000 PPS0    11 N 1  2.780761e-08 -3.617629e-08  1.000e-06
2023-11-14 22:20:12.000000 PPS0    12 N 1  3.002723e-07 -3.115216e-07  1.000e-06
2023-11-14 22:20:13.000000 PPS0    13 N 1  2.208451e-07 -2.248562e-07  1.000e-06
2023-11-14 22:20:14.000000 PPS0    14 N 1  2.181808e-07 -2.209558e-07  1.000e-06
2023-11-14 22:20:15.000000 PPS0    15 N 1  2.400886e-07 -2.411893e-07  1.000e-06
2023-11-14 22:20:16.000000 PPS0     0 N 1 -2.933757e-08  2.673411e-08  1.000e-06
2023-11-14 22:20:17.000000 PPS0     1 N 1 -1.142451e-07  1.155942e-07  1.000e-06
2023-11-14 22:20:18.000000 PPS0     2 N 1  2.837485e-07 -2.816771e-07  1.000e-06
2023-11-14 22:20:19.000000 PPS0     3 N 1  1.438212e-07 -1.374006e-07  1.000e-06
2023-11-14 22:20:20.000000 PPS0     4 N 1 -4.672884e-08  4.948249e-08  1.000e-06
2023-11-14 22:20:21.000000 PPS0     5 N 1  1.298652e-07 -1.322398e-07  1.000e-06
2023-11-14 22:20:22.000000 PPS0     6 N 1  2.111322e-07 -2.168747e-07  1.000e-06
2023-11-14 22:20:23.000000 PPS0     7 N 1  1.089056e-07 -1.072373e-07  1.000e-06
2023-11-14 22:20:24.000000 PPS0     8 N 1 -4.540248e-08  4.421264e-08  1.000e-06
2023-11-14 22:20:25.000000 PPS0     9 N 1  2.085016e-07 -2.037596e-07  1.000e-06
2023-11-14 22:20:26.000000 PPS0    10 N 1 -1.148138e-08  1.596114e-08  1.000e-06
2023-11-14 22:20:27.000000 PPS0    11 N 1  8.588523e-08 -8.543663e-08  1.000e-06
2023-11-14 22:20:28.000000 PPS0    12 N 1  4.809510e-08 -4.420927e-08  1.000e-06
2023-11-14 22:20:29.000000 PPS0    13 N 1  2.488218e-08 -2.348497e-08  1.000e-06
2023-11-14 22:20:30.000000 PPS0    14 N 1  1.877074e-07 -1.839491e-07  1.000e-06
2023-11-14 22:20:31.000000 PPS0    15 N 1 -2.479925e-08  2.865066e-08  1.000e-06
2023-11-14 22:20:32.000000 PPS0     0 N 1  1.363015e-07 -1.290618e-07  1.000e-06
2023-11-14 22:20:33.000000 PPS0     1 N 1  7.997526e-08 -8.283551e-08  1.000e-06
2023-11-14 22:20:34.000000 PPS0     2 N 1  1.231685e-07 -1.247541e-07  1.000e-06
2023-11-14 22:20:35.000000 PPS0     3 N 1  1.064279e-07 -1.127969e-07  1.000e-06
2023-11-14 22:20:36.000000 PPS0     4 N 1 -1.802618e-07  1.728879e-07  1.000e-06
2023-11-14 22:20:37.000000 PPS0     5 N 1  4.340914e-08 -4.130337e-08  1.000e-06
2023-11-14 22:20:38.000000 PPS0     6 N 1  8.542573e-08 -9.026603e-08  1.000e-06
2023-11-14 22:20:39.000000 PPS0     7 N 1  1.089794e-07 -1.087121e-07  1.000e-06
2023-11-14 22:20:40.000000 PPS0     8 N 1  5.467412e-07 -5.403909e-07  1.000e-06
2023-11-14 22:20:41.000000 PPS0     9 N 1  1.609812e-07 -1.682965e-07  1.000e-06
2023-11-14 22:20:42.000000 PPS0    10 N 1  1.066983e-07 -1.082646e-07  1.000e-06
2023-11-14 22:20:43.000000 PPS0    11 N 1  2.165957e-07 -2.060273e-07  1.000e-06
2023-11-14 22:20:44.000000 PPS0    12 N 1  1.237928e-07 -1.336863e-07  1.000e-06
2023-11-14 22:20:45.000000 PPS0    13 N 1  1.163903e-07 -1.248157e-07  1.000e-06
2023-11-14 22:20:46.000000 PPS0    14 N 1  2.599593e-07 -2.544700e-07  1.000e-06
2023-11-14 22:20:47.000000 PPS0    15 N 1  1.849049e-07 -1.923615e-07  1.000e-06
2023-11-14 22:20:48.000000 PPS0     0 N 1  1.083370e-07 -1.022929e-07  1.000e-06
2023-11-14 22:20:49.000000 PPS0     1 N 1 -1.505070e-08  1.207160e-08  1.000e-06
2023-11-14 22:20:50.000000 PPS0     2 N 1  1.741566e-07 -1.716861e-07  1.000e-06
2023-11-14 22:20:51.000000 PPS0     3 N 1  1.480879e-07 -1.463995e-07  1.000e-06
2023-11-14 22:20:52.000000 PPS0     4 N 1  1.677316e-07 -1.706425e-07  1.000e-06
2023-11-14 22:20:53.000000 PPS0     5 N 1  1.245299e-07 -1.231159e-07  1.000e-06
2023-11-14 22:20:54.000000 PPS0     6 N 1 -2.652672e-08  2.749667e-08  1.000e-06
2023-11-14 22:20:55.000000 PPS0     7 N 1  1.521219e-07 -1.498153e-07  1.000e-06
2023-11-14 22:20:56.000000 PPS0     8 N 1  1.899477e-07 -1.951934e-07  1.000e-06
2023-11-14 22:20:57.000000 PPS0     9 N 1 -5.074015e-08  5.199057e-08  1.000e-06
2023-11-14 22:20:58.000000 PPS0    10 N 1  1.156744e-07 -1.151717e-07  1.000e-06
2023-11-14 22:20:59.000000 PPS0    11 N 1  5.397668e-08 -6.036586e-08  1.000e-06
2023-11-14 22:21:00.000000 PPS0    12 N 1  1.788837e-07 -1.795443e-07  1.000e-06
2023-11-14 22:21:01.000000 PPS0    13 N 1  2.310507e-07 -2.255966e-07  1.000e-06
2023-11-14 22:21:02.000000 PPS0    14 N 1  3.029991e-07 -2.980609e-07  1.000e-06
2023-11-14 22:21:03.000000 PPS0    15 N 1 -4.560990e-09 -5.999435e-09  1.000e-06
2023-11-14 22:21:04.000000 PPS0     0 N 1  4.715213e-08 -5.321793e-08  1.000e-06
2023-11-14 22:21:05.000000 PPS0     1 N 1 -5.853921e-08  6.178778e-08  1.000e-06
2023-11-14 22:21:06.000000 PPS0     2 N 1 -1.023001e-07  1.068276e-07  1.000e-06
2023-11-14 22:21:07.000000 PPS0     3 N 1  3.035789e-07 -2.903128e-07  1.000e-06
2023-11-14 22:21:08.000000 PPS0     4 N 1  2.952278e-07 -2.847863e-07  1.000e-06
2023-11-14 22:21:09.000000 PPS0     5 N 1  4.358361e-08 -4.703008e-08  1.000e-06
2023-11-14 22:21:10.000000 PPS0     6 N 1  2.866453e-07 -2.932531e-07  1.000e-06
2023-11-14 22:21:11.000000 PPS0     7 N 1  3.112415e-07 -3.126485e-07  1.000e-06
2023-11-14 22:21:12.000000 PPS0     8 N 1 -1.541958e-07  1.634063e-07  1.000e-06
2023-11-14 22:21:13.000000 PPS0     9 N 1 -2.715268e-08  3.959971e-08  1.000e-06
2023-11-14 22:21:14.000000 PPS0    10 N 1 -8.029603e-08  7.603074e-08  1.000e-06
2023-11-14 22:21:15.000000 PPS0    11 N 1  1.732855e-07 -1.732539e-07  1.000e-06
2023-11-14 22:21:16.000000 PPS0    12 N 1 -9.541780e-08  9.592111e-08  1.000e-06
2023-11-14 22:21:17.000000 PPS0    13 N 1  1.696900e-07 -1.674522e-07  1.000e-06
2023-11-14 22:21:18.000000 PPS0    14 N 1 -9.899966e-08  9.594065e-08  1.000e-06
2023-11-14 22:21:19.000000 PPS0    15 N 1  1.262939e-07 -1.223025e-07  1.000e-06
2023-11-14 22:21:20.000000 PPS0     0 N 1  1.673404e-07 -1.691056e-07  1.000e-06
2023-11-14 22:21:21.000000 PPS0     1 N 1  7.912358e-08 -7.185878e-08  1.000e-06
2023-11-14 22:21:22.000000 PPS0     2 N 1  2.032552e-08 -1.886427e-08  1.000e-06
2023-11-14 22:21:23.000000 PPS0     3 N 1 -1.819717e-07  1.904431e-07  1.000e-06
2023-11-14 22:21:24.000000 PPS0     4 N 1  2.123360e-07 -2.211601e-07  1.000e-06
2023-11-14 22:21:25.000000 PPS0     5 N 1  2.345419e-07 -2.276317e-07  1.000e-06
2023-11-14 22:21:26.000000 PPS0     6 N 1  2.666971e-07 -2.663471e-07  1.000e-06
2023-11-14 22:21:27.000000 PPS0     7 N 1  2.711523e-07 -2.748924e-07  1.000e-06
2023-11-14 22:21:28.000000 PPS0     8 N 1  1.064898e-07 -1.083009e-07  1.000e-06
2023-11-14 22:21:29.000000 PPS0     9 N 1  1.561853e-07 -1.614261e-07  1.000e-06
2023-11-14 22:21:30.000000 PPS0    10 N 1  3.516065e-07 -3.522537e-07  1.000e-06
2023-11-14 22:21:31.000000 PPS0    11 N 1 -1.652105e-08  1.540693e-08  1.000e-06
2023-11-14 22:21:32.000000 PPS0    12 N 1  2.002829e-07 -2.000808e-07  1.000e-06
2023-11-14 22:21:33.000000 PPS0    13 N 1  3.106985e-07 -3.125085e-07  1.000e-06
2023-11-14 22:21:34.000000 PPS0    14 N 1  3.039787e-08 -2.791729e-08  1.000e-06
2023-11-14 22:21:35.000000 PPS0    15 N 1  3.379818e-07 -3.428373e-07  1.000e-06
2023-11-14 22:21:36.000000 PPS0     0 N 1 -9.164274e-08  8.839630e-08  1.000e-06
2023-11-14 22:21:37.000000 PPS0     1 N 1  1.350998e-07 -1.402772e-07  1.000e-06
2023-11-14 22:21:38.000000 PPS0     2 N 1  1.709116e-07 -1.752642e-07  1.000e-06
2023-11-14 22:21:39.000000 PPS0     3 N 1  2.804017e-07 -2.863780e-07  1.000e-06
2023-11-14 22:21:40.000000 PPS0     4 N 1  9.622891e-09 -9.316621e-09  1.000e-06
2023-11-14 22:21:41.000000 PPS0     5 N 1  2.478742e-07 -2.433255e-07  1.000e-06
2023-11-14 22:21:42.000000 PPS0     6 N 1  4.333953e-08 -4.331010e-08  1.000e-06
2023-11-14 22:21:43.000000 PPS0     7 N 1  2.275656e-07 -2.205065e-07  1.000e-06
2023-11-14 22:21:44.000000 PPS0     8 N 1  1.310516e-08 -1.940960e-08  1.000e-06
2023-11-14 22:21:45.000000 PPS0     9 N 1  2.193065e-07 -2.206421e-07  1.000e-06
2023-11-14 22:21:46.000000 PPS0    10 N 1  3.490972e-07 -3.490535e-07  1.000e-06
2023-11-14 22:21:47.000000 PPS0    11 N 1  1.958010e-07 -1.998094e-07  1.000e-06
2023-11-14 22:21:48.000000 PPS0    12 N 1  1.891968e-07 -1.831652e-07  1.000e-06
2023-11-14 22:21:49.000000 PPS0    13 N 1  1.103243e-07 -1.163712e-07  1.000e-06
2023-11-14 22:21:50.000000 PPS0    14 N 1  2.802952e-07 -2.819313e-07  1.000e-06
2023-11-14 22:21:51.000000 PPS0    15 N 1  1.561156e-07 -1.597787e-07  1.000e-06
2023-11-14 22:21:52.000000 PPS0     0 N 1  2.891425e-07 -2.929642e-07  1.000e-06
2023-11-14 22:21:53.000000 PPS0     1 N 1  7.565009e-08 -7.571209e-08  1.000e-06
2023-11-14 22:21:54.000000 PPS0     2 N 1  1.179030e-07 -1.292163e-07  1.000e-06
2023-11-14 22:21:55.000000 PPS0     3 N 1  2.188041e-07 -2.247381e-07  1.000e-06
2023-11-14 22:21:56.000000 PPS0     4 N 1  1.870580e-07 -1.891135e-07  1.000e-06
2023-11-14 22:21:57.000000 PPS0     5 N 1  1.300568e-07 -1.338408e-07  1.000e-06
2023-11-14 22:21:58.000000 PPS0     6 N 1 -1.059253e-08  1.120012e-08  1.000e-06
2023-11-14 22:21:59.000000 PPS0     7 N 1  1.812568e-07 -1.763241e-07  1.000e-06
2023-11-14 22:22:00.000000 PPS0     8 N 1  2.297680e-07 -2.333856e-07  1.000e-06
2023-11-14 22:22:01.000000 PPS0     9 N 1  3.242947e-07 -3.133851e-07  1.000e-06
2023-11-14 22:22:02.000000 PPS0    10 N 1  2.568538e-07 -2.579267e-07  1.000e-06
2023-11-14 22:22:03.000000 PPS0    11 N 1  4.392237e-09 -4.072967e-09  1.000e-06
2023-11-14 22:22:04.000000 PPS0    12 N 1 -6.587270e-08  6.971377e-08  1.000e-06
2023-11-14 22:22:05.000000 PPS0    13 N 1  9.257969e-08 -9.558505e-08  1.000e-06
2023-11-14 22:22:06.000000 PPS0    14 N 1  1.883371e-07 -1.946762e-07  1.000e-06
2023-11-14 22:22:07.000000 PPS0    15 N 1 -1.111540e-07  1.088266e-07  1.000e-06
2023-11-14 22:22:08.000000 PPS0     0 N 1  3.323234e-07 -3.367102e-07  1.000e-06
2023-11-14 22:22:09.000000 PPS0     1 N 1  2.805268e-07 -2.898625e-07  1.000e-06
2023-11-14 22:22:10.000000 PPS0     2 N 1  1.403885e-07 -1.379874e-07  1.000e-06
2023-11-14 22:22:11.000000 PPS0     3 N 1  4.180290e-07 -4.269805e-07  1.000e-06
2023-11-14 22:22:12.000000 PPS0     4 N 1  1.406199e-07 -1.453071e-07  1.000e-06
2023-11-14 22:22:13.000000 PPS0     5 N 1  1.962700e-07 -1.991884e-07  1.000e-06
2023-11-14 22:22:14.000000 PPS0     6 N 1  1.659637e-07 -1.698996e-07  1.000e-06
2023-11-14 22:22:15.000000 PPS0     7 N 1  6.774461e-08 -6.590940e-08  1.000e-06
2023-11-14 22:22:16.000000 PPS0     8 N 1  3.743916e-07 -3.735117e-07  1.000e-06
2023-11-14 22:22:17.000000 PPS0     9 N 1  1.693719e-07 -1.718501e-07  1.000e-06
2023-11-14 22:22:18.000000 PPS0    10 N 1  3.876597e-07 -3.975132e-07  1.000e-06
2023-11-14 22:22:19.000000 PPS0    11 N 1 -1.467682e-07  1.427120e-07  1.000e-06
2023-11-14 22:22:20.000000 PPS0    12 N 1  2.177116e-07 -2.131505e-07  1.000e-06
2023-11-14 22:22:21.000000 PPS0    13 N 1  2.369748e-07 -2.333870e-07  1.000e-06
2023-11-14 22:22:22.000000 PPS0    14 N 1  1.766452e-07 -1.791515e-07  1.000e-06
2023-11-14 22:22:23.000000 PPS0    15 N 1 -6.355913e-09  8.425544e-09  1.000e-06
2023-11-14 22:22:24.000000 PPS0     0 N 1  1.073662e-08 -8.807603e-09  1.000e-06
2023-11-14 22:22:25.000000 PPS0     1 N 1  2.636845e-07 -2.669280e-07  1.000e-06
2023-11-14 22:22:26.000000 PPS0     2 N 1  8.600949e-08 -8.891523e-08  1.000e-06
2023-11-14 22:22:27.000000 PPS0     3 N 1  2.554110e-07 -2.547987e-07  1.000e-06
2023-11-14 22:22:28.000000 PPS0     4 N 1  5.347724e-08 -5.231109e-08  1.000e-06
2023-11-14 22:22:29.000000 PPS0     5 N 1  3.787902e-07 -3.775524e-07  1.000e-06
2023-11-14 22:22:30.000000 PPS0     6 N 1  1.726038e-07 -1.747585e-07  1.000e-06
2023-11-14 22:22:31.000000 PPS0     7 N 1  1.505379e-08 -1.519798e-08  1.000e-06
2023-11-14 22:22:32.000000 PPS0     8 N 1  1.641541e-07 -1.658536e-07  1.000e-06
2023-11-14 22:22:33.000000 PPS0     9 N 1  3.309761e-07 -3.322991e-07  1.000e-06
2023-11-14 22:22:34.000000 PPS0    10 N 1  1.309261e-07 -1.301239e-07  1.000e-06
2023-11-14 22:22:35.000000 PPS0    11 N 1  2.343189e-07 -2.433833e-07  1.000e-06
2023-11-14 22:22:36.000000 PPS0    12 N 1  1.945430e-07 -1.884677e-07  1.000e-06
2023-11-14 22:22:37.000000 PPS0    13 N 1 -1.048229e-08  1.226791e-08  1.000e-06
2023-11-14 22:22:38.000000 PPS0    14 N 1  8.012398e-08 -8.519199e-08  1.000e-06
2023-11-14 22:22:39.000000 PPS0    15 N 1  1.955325e-07 -1.961793e-07  1.000e-06
2023-11-14 22:22:40.000000 PPS0     0 N 1 -1.533541e-07  1.502917e-07  1.000e-06
2023-11-14 22:22:41.000000 PPS0     1 N 1  2.778723e-07 -2.809265e-07  1.000e-06
2023-11-14 22:22:42.000000 PPS0     2 N 1  4.612188e-08 -4.809215e-08  1.000e-06
2023-11-14 22:22:43.000000 PPS0     3 N 1  9.109071e-08 -8.753821e-08  1.000e-06
2023-11-14 22:22:44.000000 PPS0     4 N 1  3.105569e-08 -3.697736e-08  1.000e-06
2023-11-14 22:22:45.000000 PPS0     5 N 1  2.219873e-07 -2.171916e-07  1.000e-06
2023-11-14 22:22:46.000000 PPS0     6 N 1  2.622894e-07 -2.582527e-07  1.000e-06
2023-11-14 22:22:47.000000 PPS0     7 N 1  6.190873e-08 -6.932649e-08  1.000e-06
2023-11-14 22:22:48.000000 PPS0     8 N 1  5.434467e-08 -5.457079e-08  1.000e-06
2023-11-14 22:22:49.000000 PPS0     9 N 1 -9.315795e-08  9.155275e-08  1.000e-06
2023-11-14 22:22:50.000000 PPS0    10 N 1  2.459493e-07 -2.494763e-07  1.000e-06
2023-11-14 22:22:51.000000 PPS0    11 N 1  4.549727e-07 -4.513541e-07  1.000e-06
2023-11-14 22:22:52.000000 PPS0    12 N 1 -2.058396e-08  1.488391e-08  1.000e-06
2023-11-14 22:22:53.000000 PPS0    13 N 1  5.541728e-08 -5.200621e-08  1.000e-06
2023-11-14 22:22:54.000000 PPS0    14 N 1  2.298327e-07 -2.327008e-07  1.000e-06
2023-11-14 22:22:55.000000 PPS0    15 N 1  1.860973e-07 -1.822327e-07  1.000e-06
2023-11-14 22:22:56.000000 PPS0     0 N 1  2.387774e-07 -2.468140e-07  1.000e-06
2023-11-14 22:22:57.000000 PPS0     1 N 1 -3.384410e-11 -4.585354e-09  1.000e-06
2023-11-14 22:22:58.000000 PPS0     2 N 1 -9.514844e-08  9.930445e-08  1.000e-06
2023-11-14 22:22:59.000000 PPS0     3 N 1  6.612762e-08 -6.946094e-08  1.000e-06
2023-11-14 22:23:00.000000 PPS0     4 N 1  3.762047e-08 -3.621861e-08  1.000e-06
2023-11-14 22:23:01.000000 PPS0     5 N 1  2.461375e-07 -2.428910e-07  1.000e-06
2023-11-14 22:23:02.000000 PPS0     6 N 1  3.459727e-07 -3.506719e-07  1.000e-06
2023-11-14 22:23:03.000000 PPS0     7 N 1  4.038255e-07 -3.916444e-07  1.000e-06
2023-11-14 22:23:04.000000 PPS0     8 N 1  8.413729e-08 -8.600523e-08  1.000e-06
2023-11-14 22:23:05.000000 PPS0     9 N 1  2.526661e-07 -2.466119e-07  1.000e-06
2023-11-14 22:23:06.000000 PPS0    10 N 1  1.234446e-07 -1.275161e-07  1.000e-06
2023-11-14 22:23:07.000000 PPS0    11 N 1  4.727931e-07 -4.753484e-07  1.000e-06
2023-11-14 22:23:08.000000 PPS0    12 N 1 -2.438838e-07  2.464754e-07  1.000e-06
2023-11-14 22:23:09.000000 PPS0    13 N 1  3.127638e-07 -3.043447e-07  1.000e-06
2023-11-14 22:23:10.000000 PPS0    14 N 1  4.286704e-07 -4.133644e-07  1.000e-06
2023-11-14 22:23:11.000000 PPS0    15 N 1  8.225797e-08 -8.718730e-08  1.000e-06
2023-11-14 22:23:12.000000 PPS0     0 N 1 -5.127470e-08  5.973890e-08  1.000e-06
2023-11-14 22:23:13.000000 PPS0     1 N 1  1.008039e-07 -1.092014e-07  1.000e-06
2023-11-14 22:23:14.000000 PPS0     2 N 1 -1.414412e-07  1.420357e-07  1.000e-06
2023-11-14 22:23:15.000000 PPS0     3 N 1  1.019603e-07 -1.004340e-07  1.000e-06
2023-11-14 22:23:16.000000 PPS0     4 N 1  3.826643e-08 -4.197436e-08  1.000e-06
2023-11-14 22:23:17.000000 PPS0     5 N 1  2.367166e-07 -2.377587e-07  1.000e-06
2023-11-14 22:23:18.000000 PPS0     6 N 1  2.531197e-07 -2.537972e-07  1.000e-06
2023-11-14 22:23:19.000000 PPS0     7 N 1  1.241768e-07 -1.224157e-07  1.000e-06
2023-11-14 22:23:20.000000 PPS0     8 N 1  1.182155e-07 -1.173716e-07  1.000e-06
2023-11-14 22:23:21.000000 PPS0     9 N 1  2.340996e-07 -2.366874e-07  1.000e-06
2023-11-14 22:23:22.000000 PPS0    10 N 1  1.498313e-07 -1.493617e-07  1.000e-06
2023-11-14 22:23:23.000000 PPS0    11 N 1  2.678368e-07 -2.667037e-07  1.000e-06
2023-11-14 22:23:24.000000 PPS0    12 N 1  2.044168e-07 -2.021536e-07  1.000e-06
2023-11-14 22:23:25.000000 PPS0    13 N 1  1.213047e-07 -1.195772e-07  1.000e-06
2023-11-14 22:23:26.000000 PPS0    14 N 1  5.795311e-08 -6.708239e-08  1.000e-06
2023-11-14 22:23:27.000000 PPS0    15 N 1  2.292098e-07 -2.390090e-07  1.000e-06
2023-11-14 22:23:28.000000 PPS0     0 N 1  1.450196e-07 -1.374450e-07  1.000e-06
2023-11-14 22:23:29.000000 PPS0     1 N 1  2.760539e-07 -2.811787e-07  1.000e-06
2023-11-14 22:23:30.000000 PPS0     2 N 1  2.781396e-07 -2.770146e-07  1.000e-06
2023-11-14 22:23:31.000000 PPS0     3 N 1  4.373145e-08 -4.428081e-08  1.000e-06
2023-11-14 22:23:32.000000 PPS0     4 N 1  8.905349e-08 -9.066437e-08  1.000e-06
2023-11-14 22:23:33.000000 PPS0     5 N 1  2.185259e-07 -2.262942e-07  1.000e-06
2023-11-14 22:23:34.000000 PPS0     6 N 1  2.952738e-07 -2.853288e-07  1.000e-06
2023-11-14 22:23:35.000000 PPS0     7 N 1  1.459138e-07 -1.507980e-07  1.000e-06
2023-11-14 22:23:36.000000 PPS0     8 N 1  1.089974e-07 -1.029445e-07  1.000e-06
2023-11-14 22:23:37.000000 PPS0     9 N 1  9.510235e-08 -9.276850e-08  1.000e-06
2023-11-14 22:23:38.000000 PPS0    10 N 1  5.110282e-07 -5.146440e-07  1.000e-06
2023-11-14 22:23:39.000000 PPS0    11 N 1  1.861892e-07 -1.890396e-07  1.000e-06
2023-11-14 22:23:40.000000 PPS0    12 N 1  1.163504e-07 -1.157650e-07  1.000e-06
2023-11-14 22:23:41.000000 PPS0    13 N 1  6.069103e-08 -5.842947e-08  1.000e-06
2023-11-14 22:23:42.000000 PPS0    14 N 1  1.985733e-07 -1.927671e-07  1.000e-06
2023-11-14 22:23:43.000000 PPS0    15 N 1  2.749073e-07 -2.729923e-07  1.000e-06
2023-11-14 22:23:44.000000 PPS0     0 N 1  3.969144e-07 -3.978591e-07  1.000e-06
2023-11-14 22:23:45.000000 PPS0     1 N 1  2.678202e-07 -2.709740e-07  1.000e-06
2023-11-14 22:23:46.000000 PPS0     2 N 1  3.878655e-07 -3.914028e-07  1.000e-06
2023-11-14 22:23:47.000000 PPS0     3 N 1  3.208744e-07 -3.243391e-07  1.000e-06
2023-11-14 22:23:48.000000 PPS0     4 N 1  2.097228e-07 -2.148494e-07  1.000e-06
2023-11-14 22:23:49.000000 PPS0     5 N 1  6.425340e-08 -6.877561e-08  1.000e-06
2023-11-14 22:23:50.000000 PPS0     6 N 1  2.450144e-07 -2.421742e-07  1.000e-06
2023-11-14 22:23:51.000000 PPS0     7 N 1  2.935692e-07 -2.913242e-07  1.000e-06
2023-11-14 22:23:52.000000 PPS0     8 N 1  1.515665e-07 -1.479471e-07  1.000e-06
2023-11-14 22:23:53.000000 PPS0     9 N 1  4.156041e-07 -4.171241e-07  1.000e-06
2023-11-14 22:23:54.000000 PPS0    10 N 1  7.403546e-08 -7.084573e-08  1.000e-06
2023-11-14 22:23:55.000000 PPS0    11 N 1  4.908966e-07 -4.908845e-07  1.000e-06
2023-11-14 22:23:56.000000 PPS0    12 N 1  1.390040e-07 -1.435613e-07  1.000e-06
2023-11-14 22:23:57.000000 PPS0    13 N 1  8.065178e-08 -8.485891e-08  1.000e-06
2023-11-14 22:23:58.000000 PPS0    14 N 1  4.514011e-08 -3.941468e-08  1.000e-06
2023-11-14 22:23:59.000000 PPS0    15 N 1  3.789157e-07 -3.779114e-07  1.000e-06
2023-11-14 22:24:00.000000 PPS0     0 N 1  2.061257e-07 -2.015166e-07  1.000e-06
2023-11-14 22:24:01.000000 PPS0     1 N 1  1.949048e-07 -1.937879e-07  1.000e-06
2023-11-14 22:24:02.000000 PPS0     2 N 1  2.820118e-07 -2.816181e-07  1.000e-06
2023-11-14 22:24:03.000000 PPS0     3 N 1  3.855185e-07 -3.688017e-07  1.000e-06
2023-11-14 22:24:04.000000 PPS0     4 N 1  1.944702e-07 -1.924431e-07  1.000e-06
2023-11-14 22:24:05.000000 PPS0     5 N 1  7.152098e-08 -7.310770e-08  1.000e-06
2023-11-14 22:24:06.000000 PPS0     6 N 1  2.086468e-07 -2.059072e-07  1.000e-06
2023-11-14 22:24:07.000000 PPS0     7 N 1  1.677436e-07 -1.730161e-07  1.000e-06
2023-11-14 22:24:08.000000 PPS0     8 N 1  2.538488e-07 -2.558303e-07  1.000e-06
2023-11-14 22:24:09.000000 PPS0     9 N 1  2.570953e-07 -2.575258e-07  1.000e-06
2023-11-14 22:24:10.000000 PPS0    10 N 1  1.774592e-07 -1.771798e-07  1.000e-06
2023-11-14 22:24:11.000000 PPS0    11 N 1 -1.194295e-07  1.262461e-07  1.000e-06
2023-11-14 22:24:12.000000 PPS0    12 N 1  6.136173e-08 -5.890316e-08  1.000e-06
2023-11-14 22:24:13.000000 PPS0    13 N 1  2.796844e-07 -2.818228e-07  1.000e-06
2023-11-14 22:24:14.000000 PPS0    14 N 1 -5.151151e-09  8.685843e-09  1.000e-06
2023-11-14 22:24:15.000000 PPS0    15 N 1  5.496571e-08 -5.471329e-08  1.000e-06
2023-11-14 22:24:16.000000 PPS0     0 N 1  2.654191e-07 -2.671466e-07  1.000e-06
2023-11-14 22:24:17.000000 PPS0     1 N 1 -5.908934e-08  5.634065e-08  1.000e-06
2023-11-14 22:24:18.000000 PPS0     2 N 1  2.706262e-07 -2.740640e-07  1.000e-06
2023-11-14 22:24:19.000000 PPS0     3 N 1  3.265363e-07 -3.335902e-07  1.000e-06
2023-11-14 22:24:20.000000 PPS0     4 N 1  5.128546e-08 -5.947287e-08  1.000e-06
2023-11-14 22:24:21.000000 PPS0     5 N 1  5.147751e-08 -4.346147e-08  1.000e-06
2023-11-14 22:24:22.000000 PPS0     6 N 1  2.772303e-07 -2.781341e-07  1.000e-06
2023-11-14 22:24:23.000000 PPS0     7 N 1  9.752669e-08 -9.143813e-08  1.000e-06
2023-11-14 22:24:24.000000 PPS0     8 N 1  1.715110e-07 -1.760957e-07  1.000e-06
2023-11-14 22:24:25.000000 PPS0     9 N 1  4.202376e-07 -4.264548e-07  1.000e-06
2023-11-14 22:24:26.000000 PPS0    10 N 1  2.167100e-07 -2.132099e-07  1.000e-06
2023-11-14 22:24:27.000000 PPS0    11 N 1  3.320071e-07 -3.219130e-07  1.000e-06
2023-11-14 22:24:28.000000 PPS0    12 N 1  3.129390e-07 -3.161349e-07  1.000e-06
2023-11-14 22:24:29.000000 PPS0    13 N 1  3.589815e-07 -3.572303e-07  1.000e-06
2023-11-14 22:24:30.000000 PPS0    14 N 1  4.575056e-09 -9.717030e-09  1.000e-06
2023-11-14 22:24:31.000000 PPS0    15 N 1  6.504585e-08 -7.560414e-08  1.000e-06
2023-11-14 22:24:32.000000 PPS0     0 N 1  2.499757e-07 -2.470028e-07  1.000e-06
2023-11-14 22:24:33.000000 PPS0     1 N 1  2.581292e-07 -2.620904e-07  1.000e-06
2023-11-14 22:24:34.000000 PPS0     2 N 1  1.767152e-07 -1.706354e-07  1.000e-06
2023-11-14 22:24:35.000000 PPS0     3 N 1  2.410825e-07 -2.416728e-07  1.000e-06
2023-11-14 22:24:36.000000 PPS0     4 N 1  7.355173e-08 -7.364467e-08  1.000e-06
2023-11-14 22:24:37.000000 PPS0     5 N 1  3.748669e-07 -3.746328e-07  1.000e-06
2023-11-14 22:24:38.000000 PPS0     6 N 1  5.268711e-07 -5.146862e-07  1.000e-06
2023-11-14 22:24:39.000000 PPS0     7 N 1  2.912051e-07 -2.992091e-07  1.000e-06
2023-11-14 22:24:40.000000 PPS0     8 N 1  1.458288e-07 -1.393699e-07  1.000e-06
2023-11-14 22:24:41.000000 PPS0     9 N 1  1.008228e-07 -1.041579e-07  1.000e-06
2023-11-14 22:24:42.000000 PPS0    10 N 1  1.877250e-07 -1.742582e-07  1.000e-06
2023-11-14 22:24:43.000000 PPS0    11 N 1  1.135219e-07 -1.231495e-07  1.000e-06
2023-11-14 22:24:44.000000 PPS0    12 N 1  2.271606e-07 -2.250951e-07  1.000e-06
2023-11-14 22:24:45.000000 PPS0    13 N 1  2.954783e-07 -2.950323e-07  1.000e-06
2023-11-14 22:24:46.000000 PPS0    14 N 1  2.357596e-07 -2.380264e-07  1.000e-06
2023-11-14 22:24:47.000000 PPS0    15 N 1  3.280748e-07 -3.281350e-07  1.000e-06
2023-11-14 22:24:48.000000 PPS0     0 N 1  2.615584e-07 -2.651836e-07  1.000e-06
2023-11-14 22:24:49.000000 PPS0     1 N 1  3.926596e-07 -3.913795e-07  1.000e-06
2023-11-14 22:24:50.000000 PPS0     2 N 1  1.199160e-07 -1.196359e-07  1.000e-06
2023-11-14 22:24:51.000000 PPS0     3 N 1  1.925403e-08 -2.221226e-08  1.000e-06
2023-11-14 22:24:52.000000 PPS0     4 N 1  3.078806e-07 -3.048065e-07  1.000e-06
2023-11-14 22:24:53.000000 PPS0     5 N 1  3.098814e-07 -3.062926e-07  1.000e-06
2023-11-14 22:24:54.000000 PPS0     6 N 1  1.427551e-07 -1.421984e-07  1.000e-06
2023-11-14 22:24:55.000000 PPS0     7 N 1  4.677230e-07 -4.682270e-07  1.000e-06
2023-11-14 22:24:56.000000 PPS0     8 N 1 -4.579955e-08  4.574012e-08  1.000e-06
2023-11-14 22:24:57.000000 PPS0     9 N 1  1.208918e-07 -1.214418e-07  1.000e-06
2023-11-14 22:24:58.000000 PPS0    10 N 1  1.850881e-07 -1.902909e-07  1.000e-06
2023-11-14 22:24:59.000000 PPS0    11 N 1  2.447230e-07 -2.456397e-07  1.000e-06
2023-11-14 22:25:00.000000 PPS0    12 N 1  2.692737e-07 -2.728718e-07  1.000e-06
2023-11-14 22:25:01.000000 PPS0    13 N 1  3.180310e-08 -3.410221e-08  1.000e-06
2023-11-14 22:25:02.000000 PPS0    14 N 1  4.270037e-07 -4.361998e-07  1.000e-06
2023-11-14 22:25:03.000000 PPS0    15 N 1  3.426931e-07 -3.431435e-07  1.000e-06
2023-11-14 22:25:04.000000 PPS0     0 N 1  3.506406e-07 -3.528153e-07  1.000e-06
2023-11-14 22:25:05.000000 PPS0     1 N 1  2.357271e-07 -2.341411e-07  1.000e-06
2023-11-14 22:25:06.000000 PPS0     2 N 1  4.956111e-07 -4.964780e-07  1.000e-06
2023-11-14 22:25:07.000000 PPS0     3 N 1  2.126426e-07 -2.167233e-07  1.000e-06
2023-11-14 22:25:08.000000 PPS0     4 N 1  2.217123e-07 -2.257016e-07  1.000e-06
2023-11-14 22:25:09.000000 PPS0     5 N 1  1.595311e-07 -1.579056e-07  1.000e-06
2023-11-14 22:25:10.000000 PPS0     6 N 1  2.603335e-07 -2.651426e-07  1.000e-06
2023-11-14 22:25:11.000000 PPS0     7 N 1  4.406087e-08 -3.851768e-08  1.000e-06
2023-11-14 22:25:12.000000 PPS0     8 N 1  9.820702e-08 -9.758505e-08  1.000e-06
2023-11-14 22:25:13.000000 PPS0     9 N 1  1.347697e-07 -1.429059e-07  1.000e-06
2023-11-14 22:25:14.000000 PPS0    10 N 1  1.615212e-07 -1.624047e-07  1.000e-06
2023-11-14 22:25:15.000000 PPS0    11 N 1  4.422808e-07 -4.520368e-07  1.000e-06
2023-11-14 22:25:16.000000 PPS0    12 N 1  9.860710e-08 -9.580657e-08  1.000e-06
2023-11-14 22:25:17.000000 PPS0    13 N 1  9.772660e-08 -1.087420e-07  1.000e-06
2023-11-14 22:25:18.000000 PPS0    14 N 1  2.706868e-07 -2.701217e-07  1.000e-06
2023-11-14 22:25:19.000000 PPS0    15 N 1  5.128540e-08 -5.652441e-08  1.000e-06
2023-11-14 22:25:20.000000 PPS0     0 N 1  7.552597e-08 -7.486127e-08  1.000e-06
2023-11-14 22:25:21.000000 PPS0     1 N 1  1.510117e-07 -1.545934e-07  1.000e-06
2023-11-14 22:25:22.000000 PPS0     2 N 1  2.284931e-07 -2.236070e-07  1.000e-06
2023-11-14 22:25:23.000000 PPS0     3 N 1  8.728031e-08 -7.983046e-08  1.000e-06
2023-11-14 22:25:24.000000 PPS0     4 N 1  1.814898e-07 -1.788490e-07  1.000e-06
2023-11-14 22:25:25.000000 PPS0     5 N 1  2.391741e-07 -2.370495e-07  1.000e-06
2023-11-14 22:25:26.000000 PPS0     6 N 1  2.112895e-07 -2.228998e-07  1.000e-06
2023-11-14 22:25:27.000000 PPS0     7 N 1  3.405948e-08 -3.008634e-08  1.000e-06
2023-11-14 22:25:28.000000 PPS0     8 N 1  1.944785e-08 -1.931100e-08  1.000e-06
2023-11-14 22:25:29.000000 PPS0     9 N 1 -5.766138e-08  5.417039e-08  1.000e-06
2023-11-14 22:25:30.000000 PPS0    10 N 1  4.031497e-07 -4.023875e-07  1.000e-06
2023-11-14 22:25:31.000000 PPS0    11 N 1  4.482810e-08 -4.846237e-08  1.000e-06
2023-11-14 22:25:32.000000 PPS0    12 N 1 -7.919831e-08  8.097773e-08  1.000e-06
2023-11-14 22:25:33.000000 PPS0    13 N 1  1.359554e-07 -1.328719e-07  1.000e-06
2023-11-14 22:25:34.000000 PPS0    14 N 1  2.893815e-07 -2.914303e-07  1.000e-06
2023-11-14 22:25:35.000000 PPS0    15 N 1  2.813433e-08 -3.474008e-08  1.000e-06
2023-11-14 22:25:36.000000 PPS0     0 N 1  1.093705e-07 -1.099321e-07  1.000e-06
2023-11-14 22:25:37.000000 PPS0     1 N 1  3.739438e-07 -3.793436e-07  1.000e-06
2023-11-14 22:25:38.000000 PPS0     2 N 1  2.355675e-07 -2.414400e-07  1.000e-06
2023-11-14 22:25:39.000000 PPS0     3 N 1  8.169608e-08 -7.855115e-08  1.000e-06
2023-11-14 22:25:40.000000 PPS0     4 N 1  2.445325e-07 -2.478870e-07  1.000e-06
2023-11-14 22:25:41.000000 PPS0     5 N 1  7.063151e-08 -6.587056e-08  1.000e-06
2023-11-14 22:25:42.000000 PPS0     6 N 1  1.404669e-07 -1.427139e-07  1.000e-06
2023-11-14 22:25:43.000000 PPS0     7 N 1  1.001036e-08  1.718211e-09  1.000e-06
2023-11-14 22:25:44.000000 PPS0     8 N 1  4.424676e-07 -4.405551e-07  1.000e-06
2023-11-14 22:25:45.000000 PPS0     9 N 1  5.015885e-07 -4.997562e-07  1.000e-06
2023-11-14 22:25:46.000000 PPS0    10 N 1  1.213026e-07 -1.191477e-07  1.000e-06
2023-11-14 22:25:47.000000 PPS0    11 N 1  3.857086e-07 -3.917363e-07  1.000e-06
2023-11-14 22:25:48.000000 PPS0    12 N 1  3.609128e-07 -3.554204e-07  1.000e-06
2023-11-14 22:25:49.000000 PPS0    13 N 1  4.022809e-07 -4.002145e-07  1.000e-06
2023-11-14 22:25:50.000000 PPS0    14 N 1  3.463284e-07 -3.552248e-07  1.000e-06
2023-11-14 22:25:51.000000 PPS0    15 N 1  1.729393e-07 -1.680747e-07  1.000e-06
2023-11-14 22:25:52.000000 PPS0     0 N 1  2.652060e-07 -2.640813e-07  1.000e-06
2023-11-14 22:25:53.000000 PPS0     1 N 1 -1.961200e-09  9.256190e-10  1.000e-06
2023-11-14 22:25:54.000000 PPS0     2 N 1 -7.365139e-08  7.226223e-08  1.000e-06
2023-11-14 22:25:55.000000 PPS0     3 N 1  2.345952e-07 -2.373453e-07  1.000e-06
2023-11-14 22:25:56.000000 PPS0     4 N 1  2.572677e-07 -2.573966e-07  1.000e-06
2023-11-14 22:25:57.000000 PPS0     5 N 1  3.192025e-07 -3.210980e-07  1.000e-06
2023-11-14 22:25:58.000000 PPS0     6 N 1 -5.331717e-08  4.689673e-08  1.000e-06
2023-11-14 22:25:59.000000 PPS0     7 N 1  7.267176e-08 -7.280406e-08  1.000e-06
2023-11-14 22:26:00.000000 PPS0     8 N 1  2.017827e-07 -2.055820e-07  1.000e-06
2023-11-14 22:26:01.000000 PPS0     9 N 1  2.046356e-07 -2.080002e-07  1.000e-06
2023-11-14 22:26:02.000000 PPS0    10 N 1  2.847725e-07 -2.914692e-07  1.000e-06
2023-11-14 22:26:03.000000 PPS0    11 N 1  3.636120e-07 -3.622373e-07  1.000e-06
2023-11-14 22:26:04.000000 PPS0    12 N 1  1.319168e-07 -1.372629e-07  1.000e-06
2023-11-14 22:26:05.000000 PPS0    13 N 1  2.751849e-07 -2.780892e-07  1.000e-06
2023-11-14 22:26:06.000000 PPS0    14 N 1  2.912542e-07 -2.819999e-07  1.000e-06
2023-11-14 22:26:07.000000 PPS0    15 N 1  2.219653e-07 -2.205771e-07  1.000e-06
2023-11-14 22:26:08.000000 PPS0     0 N 1  2.792835e-07 -2.816812e-07  1.000e-06
2023-11-14 22:26:09.000000 PPS0     1 N 1  4.903049e-07 -4.910268e-07  1.000e-06
2023-11-14 22:26:10.000000 PPS0     2 N 1  3.069074e-07 -3.047899e-07  1.000e-06
2023-11-14 22:26:11.000000 PPS0     3 N 1  1.192741e-07 -1.119642e-07  1.000e-06
2023-11-14 22:26:12.000000 PPS0     4 N 1  2.649183e-07 -2.675562e-07  1.000e-06
2023-11-14 22:26:13.000000 PPS0     5 N 1  1.146219e-07 -1.235137e-07  1.000e-06
2023-11-14 22:26:14.000000 PPS0     6 N 1  5.379513e-08 -4.889962e-08  1.000e-06
2023-11-14 22:26:15.000000 PPS0     7 N 1  3.414197e-07 -3.452604e-07  1.000e-06
2023-11-14 22:26:16.000000 PPS0     8 N 1  3.096844e-07 -3.040039e-07  1.000e-06
2023-11-14 22:26:17.000000 PPS0     9 N 1  3.333357e-07 -3.262618e-07  1.000e-06
2023-11-14 22:26:18.000000 PPS0    10 N 1 -6.531993e-08  6.718969e-08  1.000e-06
2023-11-14 22:26:19.000000 PPS0    11 N 1  7.636302e-08 -7.213873e-08  1.000e-06
2023-11-14 22:26:20.000000 PPS0    12 N 1  1.079180e-07 -1.065585e-07  1.000e-06
2023-11-14 22:26:21.000000 PPS0    13 N 1  3.489074e-07 -3.559011e-07  1.000e-06
2023-11-14 22:26:22.000000 PPS0    14 N 1  1.200247e-07 -1.227277e-07  1.000e-06
2023-11-14 22:26:23.000000 PPS0    15 N 1  2.102934e-07 -2.173818e-07  1.000e-06
2023-11-14 22:26:24.000000 PPS0     0 N 1  3.309013e-07 -3.206599e-07  1.000e-06
2023-11-14 22:26:25.000000 PPS0     1 N 1  1.700800e-07 -1.669131e-07  1.000e-06
2023-11-14 22:26:26.000000 PPS0     2 N 1 -1.866785e-07  1.812197e-07  1.000e-06
2023-11-14 22:26:27.000000 PPS0     3 N 1  3.064582e-07 -3.045509e-07  1.000e-06
2023-11-14 22:26:28.000000 PPS0     4 N 1  3.056311e-07 -2.985952e-07  1.000e-06
2023-11-14 22:26:29.000000 PPS0     5 N 1  2.191982e-07 -2.200482e-07  1.000e-06
2023-11-14 22:26:30.000000 PPS0     6 N 1  1.341422e-07 -1.333029e-07  1.000e-06
2023-11-14 22:26:31.000000 PPS0     7 N 1 -1.137218e-07  1.213649e-07  1.000e-06
2023-11-14 22:26:32.000000 PPS0     8 N 1 -1.231669e-07  1.154789e-07  1.000e-06
2023-11-14 22:26:33.000000 PPS0     9 N 1  2.096060e-07 -2.047649e-07  1.000e-06
2023-11-14 22:26:34.000000 PPS0    10 N 1  2.802549e-07 -2.726631e-07  1.000e-06
2023-11-14 22:26:35.000000 PPS0    11 N 1  1.318895e-07 -1.350071e-07  1.000e-06
2023-11-14 22:26:36.000000 PPS0    12 N 1  2.792167e-07 -2.847417e-07  1.000e-06
2023-11-14 22:26:37.000000 PPS0    13 N 1  2.272592e-07 -2.246483e-07  1.000e-06
2023-11-14 22:26:38.000000 PPS0    14 N 1  2.400167e-07 -2.501282e-07  1.000e-06
2023-11-14 22:26:39.000000 PPS0    15 N 1  1.601883e-07 -1.703625e-07  1.000e-06
2023-11-14 22:26:40.000000 PPS0     0 N 1  3.226937e-07 -3.248837e-07  1.000e-06
2023-11-14 22:26:41.000000 PPS0     1 N 1  3.428619e-07 -3.363042e-07  1.000e-06
2023-11-14 22:26:42.000000 PPS0     2 N 1 -7.587245e-09  1.212482e-08  1.000e-06
2023-11-14 22:26:43.000000 PPS0     3 N 1  2.536197e-07 -2.461807e-07  1.000e-06
2023-11-14 22:26:44.000000 PPS0     4 N 1  5.408223e-09 -1.177633e-08  1.000e-06
2023-11-14 22:26:45.000000 PPS0     5 N 1  7.662165e-08 -8.582691e-08  1.000e-06
2023-11-14 22:26:46.000000 PPS0     6 N 1  2.132776e-07 -2.168996e-07  1.000e-06
2023-11-14 22:26:47.000000 PPS0     7 N 1  2.233711e-07 -2.217043e-07  1.000e-06
2023-11-14 22:26:48.000000 PPS0     8 N 1  3.192969e-07 -3.259528e-07  1.000e-06
2023-11-14 22:26:49.000000 PPS0     9 N 1  3.029403e-07 -2.993809e-07  1.000e-06
2023-11-14 22:26:50.000000 PPS0    10 N 1  4.443582e-08 -4.759961e-08  1.000e-06
2023-11-14 22:26:51.000000 PPS0    11 N 1 -2.508239e-08  3.108047e-08  1.000e-06
2023-11-14 22:26:52.000000 PPS0    12 N 1  3.926319e-07 -3.969770e-07  1.000e-06
2023-11-14 22:26:53.000000 PPS0    13 N 1  1.757401e-07 -1.738614e-07  1.000e-06
2023-11-14 22:26:54.000000 PPS0    14 N 1  2.960651e-07 -2.965614e-07  1.000e-06
2023-11-14 22:26:55.000000 PPS0    15 N 1  4.381728e-07 -4.429903e-07  1.000e-06
2023-11-14 22:26:56.000000 PPS0     0 N 1  3.195673e-07 -3.192439e-07  1.000e-06
2023-11-14 22:26:57.000000 PPS0     1 N 1  2.348421e-07 -2.386585e-07  1.000e-06
2023-11-14 22:26:58.000000 PPS0     2 N 1 -6.724928e-08  6.451506e-08  1.000e-06
2023-11-14 22:26:59.000000 PPS0     3 N 1  2.620186e-07 -2.663225e-07  1.000e-06
2023-11-14 22:27:00.000000 PPS0     4 N 1 -6.164523e-08  6.065194e-08  1.000e-06
2023-11-14 22:27:01.000000 PPS0     5 N 1  1.879768e-07 -1.931203e-07  1.000e-06
2023-11-14 22:27:02.000000 PPS0     6 N 1  1.740001e-07 -1.721003e-07  1.000e-06
2023-11-14 22:27:03.000000 PPS0     7 N 1  2.225707e-07 -2.181584e-07  1.000e-06
2023-11-14 22:27:04.000000 PPS0     8 N 1  3.683493e-07 -3.686723e-07  1.000e-06
2023-11-14 22:27:05.000000 PPS0     9 N 1  7.094949e-08 -7.978479e-08  1.000e-06
2023-11-14 22:27:06.000000 PPS0    10 N 1  3.411092e-07 -3.395501e-07  1.000e-06
2023-11-14 22:27:07.000000 PPS0    11 N 1  3.420412e-07 -3.462879e-07  1.000e-06
2023-11-14 22:27:08.000000 PPS0    12 N 1  2.101871e-07 -2.143939e-07  1.000e-06
2023-11-14 22:27:09.000000 PPS0    13 N 1  5.723445e-08 -6.465139e-08  1.000e-06
2023-11-14 22:27:10.000000 PPS0    14 N 1  1.573115e-07 -1.551122e-07  1.000e-06
2023-11-14 22:27:11.000000 PPS0    15 N 1  3.073041e-07 -3.062944e-07  1.000e-06
2023-11-14 22:27:12.000000 PPS0     0 N 1  1.491740e-07 -1.393294e-07  1.000e-06
2023-11-14 22:27:13.000000 PPS0     1 N 1  4.219744e-07 -4.170806e-07  1.000e-06
2023-11-14 22:27:14.000000 PPS0     2 N 1  2.138168e-07 -2.076661e-07  1.000e-06
2023-11-14 22:27:15.000000 PPS0     3 N 1  7.811340e-08 -8.462874e-08  1.000e-06
2023-11-14 22:27:16.000000 PPS0     4 N 1  2.853063e-07 -2.846286e-07  1.000e-06
2023-11-14 22:27:17.000000 PPS0     5 N 1  3.484016e-07 -3.524836e-07  1.000e-06
2023-11-14 22:27:18.000000 PPS0     6 N 1  2.356654e-07 -2.410170e-07  1.000e-06
2023-11-14 22:27:19.000000 PPS0     7 N 1  1.406025e-07 -1.384511e-07  1.000e-06
2023-11-14 22:27:20.000000 PPS0     8 N 1  1.820612e-07 -1.869144e-07  1.000e-06
2023-11-14 22:27:21.000000 PPS0     9 N 1 -2.471756e-08  2.262534e-08  1.000e-06
2023-11-14 22:27:22.000000 PPS0    10 N 1  5.444647e-08 -6.179492e-08  1.000e-06
2023-11-14 22:27:23.000000 PPS0    11 N 1  2.051560e-07 -2.098584e-07  1.000e-06
2023-11-14 22:27:24.000000 PPS0    12 N 1  3.825678e-07 -3.724024e-07  1.000e-06
2023-11-14 22:27:25.000000 PPS0    13 N 1  3.596457e-07 -3.458851e-07  1.000e-06
2023-11-14 22:27:26.000000 PPS0    14 N 1  1.068246e-08 -1.938747e-08  1.000e-06
2023-11-14 22:27:27.000000 PPS0    15 N 1  1.715516e-07 -1.804807e-07  1.000e-06
2023-11-14 22:27:28.000000 PPS0     0 N 1  2.145595e-07 -2.103121e-07  1.000e-06
2023-11-14 22:27:29.000000 PPS0     1 N 1  3.098870e-07 -3.051739e-07  1.000e-06
2023-11-14 22:27:30.000000 PPS0     2 N 1  1.624689e-07 -1.629455e-07  1.000e-06
2023-11-14 22:27:31.000000 PPS0     3 N 1  2.301076e-07 -2.305337e-07  1.000e-06
2023-11-14 22:27:32.000000 PPS0     4 N 1  3.325116e-07 -3.346750e-07  1.000e-06
2023-11-14 22:27:33.000000 PPS0     5 N 1  1.870466e-07 -1.906470e-07  1.000e-06
2023-11-14 22:27:34.000000 PPS0     6 N 1  3.372730e-07 -3.368021e-07  1.000e-06
2023-11-14 22:27:35.000000 PPS0     7 N 1  2.134644e-07 -2.160347e-07  1.000e-06
2023-11-14 22:27:36.000000 PPS0     8 N 1 -7.177880e-08  6.936761e-08  1.000e-06
2023-11-14 22:27:37.000000 PPS0     9 N 1 -1.305970e-07  1.301004e-07  1.000e-06
2023-11-14 22:27:38.000000 PPS0    10 N 1  8.745706e-09 -2.567455e-09  1.000e-06
2023-11-14 22:27:39.000000 PPS0    11 N 1  9.743262e-08 -9.794134e-08  1.000e-06
2023-11-14 22:27:40.000000 PPS0    12 N 1  1.191228e-07 -1.249877e-07  1.000e-06
2023-11-14 22:27:41.000000 PPS0    13 N 1 -3.757103e-08  2.485277e-08  1.000e-06
2023-11-14 22:27:42.000000 PPS0    14 N 1  9.522170e-08 -1.055461e-07  1.000e-06
2023-11-14 22:27:43.000000 PPS0    15 N 1  3.596982e-07 -3.663500e-07  1.000e-06
2023-11-14 22:27:44.000000 PPS0     0 N 1  1.013271e-07 -1.016865e-07  1.000e-06
2023-11-14 22:27:45.000000 PPS0     1 N 1  1.687169e-07 -1.631323e-07  1.000e-06
2023-11-14 22:27:46.000000 PPS0     2 N 1  1.815535e-07 -1.842036e-07  1.000e-06
2023-11-14 22:27:47.000000 PPS0     3 N 1  1.740831e-07 -1.666555e-07  1.000e-06
2023-11-14 22:27:48.000000 PPS0     4 N 1  3.083686e-07 -3.183184e-07  1.000e-06
2023-11-14 22:27:49.000000 PPS0     5 N 1  1.632537e-07 -1.679906e-07  1.000e-06
2023-11-14 22:27:50.000000 PPS0     6 N 1  1.954035e-07 -1.924702e-07  1.000e-06
2023-11-14 22:27:51.000000 PPS0     7 N 1  1.941136e-07 -1.912995e-07  1.000e-06
2023-11-14 22:27:52.000000 PPS0     8 N 1  4.444098e-07 -4.532704e-07  1.000e-06
2023-11-14 22:27:53.000000 PPS0     9 N 1  1.869306e-07 -1.868246e-07  1.000e-06
2023-11-14 22:27:54.000000 PPS0    10 N 1  2.607454e-07 -2.604273e-07  1.000e-06
2023-11-14 22:27:55.000000 PPS0    11 N 1  3.316574e-07 -3.319042e-07  1.000e-06
2023-11-14 22:27:56.000000 PPS0    12 N 1  2.594942e-07 -2.673535e-07  1.000e-06
2023-11-14 22:27:57.000000 PPS0    13 N 1  2.237486e-07 -2.298988e-07  1.000e-06
2023-11-14 22:27:58.000000 PPS0    14 N 1  2.812571e-07 -2.726158e-07  1.000e-06
2023-11-14 22:27:59.000000 PPS0    15 N 1  1.870242e-07 -1.849710e-07  1.000e-06
2023-11-14 22:28:00.000000 PPS0     0 N 1  3.072614e-07 -3.004815e-07  1.000e-06
2023-11-14 22:28:01.000000 PPS0     1 N 1  3.142712e-07 -3.081818e-07  1.000e-06
2023-11-14 22:28:02.000000 PPS0     2 N 1  1.192252e-07 -1.196083e-07  1.000e-06
2023-11-14 22:28:03.000000 PPS0     3 N 1 -1.864286e-08  2.964205e-08  1.000e-06
2023-11-14 22:28:04.000000 PPS0     4 N 1  2.317286e-08 -1.859637e-08  1.000e-06
2023-11-14 22:28:05.000000 PPS0     5 N 1  2.240386e-07 -2.234138e-07  1.000e-06
2023-11-14 22:28:06.000000 PPS0     6 N 1  2.526995e-08 -2.542511e-08  1.000e-06
2023-11-14 22:28:07.000000 PPS0     7 N 1  2.131431e-07 -2.110565e-07  1.000e-06
2023-11-14 22:28:08.000000 PPS0     8 N 1  1.503135e-07 -1.490628e-07  1.000e-06
2023-11-14 22:28:09.000000 PPS0     9 N 1  5.766039e-08 -5.159403e-08  1.000e-06
2023-11-14 22:28:10.000000 PPS0    10 N 1  1.040340e-07 -8.603953e-08  1.000e-06
2023-11-14 22:28:11.000000 PPS0    11 N 1  1.549228e-07 -1.580472e-07  1.000e-06
2023-11-14 22:28:12.000000 PPS0    12 N 1  2.299359e-07 -2.304766e-07  1.000e-06
2023-11-14 22:28:13.000000 PPS0    13 N 1  3.657994e-07 -3.595791e-07  1.000e-06
2023-11-14 22:28:14.000000 PPS0    14 N 1  1.114819e-07 -1.146213e-07  1.000e-06
2023-11-14 22:28:15.000000 PPS0    15 N 1  9.374454e-08 -9.117334e-08  1.000e-06
2023-11-14 22:28:16.000000 PPS0     0 N 1  3.527437e-07 -3.491966e-07  1.000e-06
2023-11-14 22:28:17.000000 PPS0     1 N 1  1.858947e-07 -1.854404e-07  1.000e-06
2023-11-14 22:28:18.000000 PPS0     2 N 1  3.067940e-07 -3.003093e-07  1.000e-06
2023-11-14 22:28:19.000000 PPS0     3 N 1  2.029466e-07 -1.967959e-07  1.000e-06
2023-11-14 22:28:20.000000 PPS0     4 N 1  1.587948e-07 -1.574980e-07  1.000e-06
2023-11-14 22:28:21.000000 PPS0     5 N 1  3.773856e-07 -3.813556e-07  1.000e-06
2023-11-14 22:28:22.000000 PPS0     6 N 1 -4.805945e-08  4.284868e-08  1.000e-06
2023-11-14 22:28:23.000000 PPS0     7 N 1  1.868176e-07 -1.916635e-07  1.000e-06
2023-11-14 22:28:24.000000 PPS0     8 N 1  1.891672e-07 -1.820904e-07  1.000e-06
2023-11-14 22:28:25.000000 PPS0     9 N 1  1.547082e-07 -1.478574e-07  1.000e-06
2023-11-14 22:28:26.000000 PPS0    10 N 1  3.367677e-07 -3.417794e-07  1.000e-06
2023-11-14 22:28:27.000000 PPS0    11 N 1  3.515895e-07 -3.470356e-07  1.000e-06
2023-11-14 22:28:28.000000 PPS0    12 N 1  3.535131e-07 -3.522081e-07  1.000e-06
2023-11-14 22:28:29.000000 PPS0    13 N 1  2.481521e-07 -2.506462e-07  1.000e-06
2023-11-14 22:28:30.000000 PPS0    14 N 1  7.719754e-08 -7.717940e-08  1.000e-06
2023-11-14 22:28:31.000000 PPS0    15 N 1  3.143237e-07 -3.170017e-07  1.000e-06
2023-11-14 22:28:32.000000 PPS0     0 N 1  4.520198e-07 -4.538857e-07  1.000e-06
2023-11-14 22:28:33.000000 PPS0     1 N 1  2.590125e-07 -2.653128e-07  1.000e-06
2023-11-14 22:28:34.000000 PPS0     2 N 1  4.431090e-07 -4.390834e-07  1.000e-06
2023-11-14 22:28:35.000000 PPS0     3 N 1  4.062745e-07 -4.118103e-07  1.000e-06
2023-11-14 22:28:36.000000 PPS0     4 N 1  4.293683e-07 -4.265058e-07  1.000e-06
2023-11-14 22:28:37.000000 PPS0     5 N 1  1.237779e-07 -1.252220e-07  1.000e-06
2023-11-14 22:28:38.000000 PPS0     6 N 1 -7.420499e-09  7.095544e-09  1.000e-06
2023-11-14 22:28:39.000000 PPS0     7 N 1  3.504583e-07 -3.541456e-07  1.000e-06
2023-11-14 22:28:40.000000 PPS0     8 N 1  2.741305e-07 -2.795418e-07  1.000e-06
2023-11-14 22:28:41.000000 PPS0     9 N 1 -1.805884e-07  1.802358e-07  1.000e-06
2023-11-14 22:28:42.000000 PPS0    10 N 1  4.367845e-07 -4.302767e-07  1.000e-06
2023-11-14 22:28:43.000000 PPS0    11 N 1  1.151394e-07 -1.083546e-07  1.000e-06
2023-11-14 22:28:44.000000 PPS0    12 N 1  3.699462e-07 -3.676122e-07  1.000e-06
2023-11-14 22:28:45.000000 PPS0    13 N 1  1.602452e-07 -1.549132e-07  1.000e-06
2023-11-14 22:28:46.000000 PPS0    14 N 1  1.981513e-07 -1.997332e-07  1.000e-06
2023-11-14 22:28:47.000000 PPS0    15 N 1  3.679890e-07 -3.710847e-07  1.000e-06
2023-11-14 22:28:48.000000 PPS0     0 N 1  3.116197e-07 -3.038931e-07  1.000e-06
2023-11-14 22:28:49.000000 PPS0     1 N 1  1.070871e-07 -1.059256e-07  1.000e-06
2023-11-14 22:28:50.000000 PPS0     2 N 1  2.881505e-07 -2.966588e-07  1.000e-06
2023-11-14 22:28:51.000000 PPS0     3 N 1  1.331038e-07 -1.356405e-07  1.000e-06
2023-11-14 22:28:52.000000 PPS0     4 N 1  1.253247e-07 -1.294835e-07  1.000e-06
2023-11-14 22:28:53.000000 PPS0     5 N 1  3.973809e-07 -4.017495e-07  1.000e-06
2023-11-14 22:28:54.000000 PPS0     6 N 1  1.880349e-07 -1.849515e-07  1.000e-06
2023-11-14 22:28:55.000000 PPS0     7 N 1  4.369920e-07 -4.448728e-07  1.000e-06
2023-11-14 22:28:56.000000 PPS0     8 N 1  7.407259e-09 -1.260506e-08  1.000e-06
2023-11-14 22:28:57.000000 PPS0     9 N 1  1.563345e-07 -1.516124e-07  1.000e-06
2023-11-14 22:28:58.000000 PPS0    10 N 1  1.815812e-07 -1.807765e-07  1.000e-06
2023-11-14 22:28:59.000000 PPS0    11 N 1  4.312858e-07 -4.328130e-07  1.000e-06
2023-11-14 22:29:00.000000 PPS0    12 N 1  2.279259e-07 -2.179721e-07  1.000e-06
2023-11-14 22:29:01.000000 PPS0    13 N 1  3.201865e-07 -3.231193e-07  1.000e-06
2023-11-14 22:29:02.000000 PPS0    14 N 1  1.063296e-07 -1.006336e-07  1.000e-06
2023-11-14 22:29:03.000000 PPS0    15 N 1  3.290052e-08 -3.718470e-08  1.000e-06
2023-11-14 22:29:04.000000 PPS0     0 N 1  3.244514e-07 -3.176261e-07  1.000e-06
2023-11-14 22:29:05.000000 PPS0     1 N 1  4.551271e-07 -4.598610e-07  1.000e-06
2023-11-14 22:29:06.000000 PPS0     2 N 1  2.823369e-07 -2.987628e-07  1.000e-06
2023-11-14 22:29:07.000000 PPS0     3 N 1  7.837729e-08 -6.351810e-08  1.000e-06
2023-11-14 22:29:08.000000 PPS0     4 N 1  4.406716e-07 -4.368659e-07  1.000e-06
2023-11-14 22:29:09.000000 PPS0     5 N 1  6.883709e-08 -7.484131e-08  1.000e-06
2023-11-14 22:29:10.000000 PPS0     6 N 1  3.744669e-07 -3.749610e-07  1.000e-06
2023-11-14 22:29:11.000000 PPS0     7 N 1  8.734328e-08 -8.339609e-08  1.000e-06
2023-11-14 22:29:12.000000 PPS0     8 N 1  3.120456e-07 -3.152211e-07  1.000e-06
2023-11-14 22:29:13.000000 PPS0     9 N 1  1.439309e-07 -1.325325e-07  1.000e-06
2023-11-14 22:29:14.000000 PPS0    10 N 1  6.301700e-08 -5.760097e-08  1.000e-06
2023-11-14 22:29:15.000000 PPS0    11 N 1  1.048997e-07 -1.088357e-07  1.000e-06
2023-11-14 22:29:16.000000 PPS0    12 N 1  5.362711e-08 -5.388506e-08  1.000e-06
2023-11-14 22:29:17.000000 PPS0    13 N 1  2.072202e-07 -2.031751e-07  1.000e-06
2023-11-14 22:29:18.000000 PPS0    14 N 1  9.896950e-08 -9.657821e-08  1.000e-06
2023-11-14 22:29:19.000000 PPS0    15 N 1  1.260081e-07 -1.293250e-07  1.000e-06
2023-11-14 22:29:20.000000 PPS0     0 N 1  3.051646e-07 -3.025778e-07  1.000e-06
2023-11-14 22:29:21.000000 PPS0     1 N 1 -1.809500e-08  1.917726e-08  1.000e-06
2023-11-14 22:29:22.000000 PPS0     2 N 1 -6.526473e-08  6.021013e-08  1.000e-06
2023-11-14 22:29:23.000000 PPS0     3 N 1  4.504971e-07 -4.436683e-07  1.000e-06
2023-11-14 22:29:24.000000 PPS0     4 N 1  1.779945e-07 -1.747721e-07  1.000e-06
2023-11-14 22:29:25.000000 PPS0     5 N 1  3.960393e-07 -3.872194e-07  1.000e-06
2023-11-14 22:29:26.000000 PPS0     6 N 1  4.626983e-07 -4.663668e-07  1.000e-06
2023-11-14 22:29:27.000000 PPS0     7 N 1  1.968017e-07 -1.961309e-07  1.000e-06
2023-11-14 22:29:28.000000 PPS0     8 N 1 -1.602211e-07  1.565469e-07  1.000e-06
2023-11-14 22:29:29.000000 PPS0     9 N 1  2.613686e-07 -2.623946e-07  1.000e-06
2023-11-14 22:29:30.000000 PPS0    10 N 1  1.105995e-07 -1.164298e-07  1.000e-06
2023-11-14 22:29:31.000000 PPS0    11 N 1  1.138975e-07 -1.140099e-07  1.000e-06
2023-11-14 22:29:32.000000 PPS0    12 N 1  1.526653e-07 -1.469664e-07  1.000e-06
2023-11-14 22:29:33.000000 PPS0    13 N 1  3.220628e-07 -3.284987e-07  1.000e-06
2023-11-14 22:29:34.000000 PPS0    14 N 1  3.400361e-07 -3.398909e-07  1.000e-06
2023-11-14 22:29:35.000000 PPS0    15 N 1  3.141237e-07 -3.174115e-07  1.000e-06
2023-11-14 22:29:36.000000 PPS0     0 N 1  3.341849e-07 -3.377532e-07  1.000e-06
2023-11-14 22:29:37.000000 PPS0     1 N 1  3.526048e-07 -3.527540e-07  1.000e-06
2023-11-14 22:29:38.000000 PPS0     2 N 1  1.608735e-07 -1.674631e-07  1.000e-06
2023-11-14 22:29:39.000000 PPS0     3 N 1 -4.196558e-08  4.628462e-08  1.000e-06
2023-11-14 22:29:40.000000 PPS0     4 N 1  3.177662e-08 -3.764691e-08  1.000e-06
2023-11-14 22:29:41.000000 PPS0     5 N 1  2.589785e-07 -2.588797e-07  1.000e-06
2023-11-14 22:29:42.000000 PPS0     6 N 1  2.866217e-07 -2.931782e-07  1.000e-06
2023-11-14 22:29:43.000000 PPS0     7 N 1 -1.187945e-07  1.142561e-07  1.000e-06
2023-11-14 22:29:44.000000 PPS0     8 N 1  3.487523e-07 -3.489314e-07  1.000e-06
2023-11-14 22:29:45.000000 PPS0     9 N 1  2.646906e-07 -2.621022e-07  1.000e-06
2023-11-14 22:29:46.000000 PPS0    10 N 1  2.241800e-07 -2.233466e-07  1.000e-06
2023-11-14 22:29:47.000000 PPS0    11 N 1  1.681826e-07 -1.670997e-07  1.000e-06
2023-11-14 22:29:48.000000 PPS0    12 N 1  2.477547e-07 -2.510074e-07  1.000e-06
2023-11-14 22:29:49.000000 PPS0    13 N 1  2.889395e-07 -2.889488e-07  1.000e-06
2023-11-14 22:29:50.000000 PPS0    14 N 1  1.868155e-07 -1.876021e-07  1.000e-06
2023-11-14 22:29:51.000000 PPS0    15 N 1  3.311223e-07 -3.318443e-07  1.000e-06
2023-11-14 22:29:52.000000 PPS0     0 N 1  3.776708e-07 -3.826732e-07  1.000e-06
2023-11-14 22:29:53.000000 PPS0     1 N 1  2.854797e-07 -2.931758e-07  1.000e-06
2023-11-14 22:29:54.000000 PPS0     2 N 1  2.071478e-07 -2.096535e-07  1.000e-06
2023-11-14 22:29:55.000000 PPS0     3 N 1  1.308042e-07 -1.359738e-07  1.000e-06
2023-11-14 22:29:56.000000 PPS0     4 N 1  1.953119e-07 -1.926072e-07  1.000e-06
2023-11-14 22:29:57.000000 PPS0     5 N 1 -7.540431e-08  7.475281e-08  1.000e-06
2023-11-14 22:29:58.000000 PPS0     6 N 1  2.262071e-07 -2.231874e-07  1.000e-06
2023-11-14 22:29:59.000000 PPS0     7 N 1  2.519657e-07 -2.573565e-07  1.000e-06
2023-11-14 22:30:00.000000 PPS0     8 N 1  3.470991e-07 -3.514419e-07  1.000e-06
2023-11-14 22:30:01.000000 PPS0     9 N 1  2.723684e-07 -2.714350e-07  1.000e-06
2023-11-14 22:30:02.000000 PPS0    10 N 1  1.114727e-07 -1.160195e-07  1.000e-06
2023-11-14 22:30:03.000000 PPS0    11 N 1  1.660938e-07 -1.589799e-07  1.000e-06
2023-11-14 22:30:04.000000 PPS0    12 N 1  2.934974e-07 -2.964039e-07  1.000e-06
2023-11-14 22:30:05.000000 PPS0    13 N 1  3.065239e-07 -2.982715e-07  1.000e-06
2023-11-14 22:30:06.000000 PPS0    14 N 1  5.203484e-07 -5.289145e-07  1.000e-06
2023-11-14 22:30:07.000000 PPS0    15 N 1  3.066243e-07 -3.025049e-07  1.000e-06
2023-11-14 22:30:08.000000 PPS0     0 N 1  7.788101e-08 -8.717993e-08  1.000e-06
2023-11-14 22:30:09.000000 PPS0     1 N 1  3.870795e-07 -3.893950e-07  1.000e-06
2023-11-14 22:30:10.000000 PPS0     2 N 1 -4.337962e-08  3.804178e-08  1.000e-06
2023-11-14 22:30:11.000000 PPS0     3 N 1  3.077950e-07 -2.969221e-07  1.000e-06
2023-11-14 22:30:12.000000 PPS0     4 N 1  3.376924e-07 -3.419784e-07  1.000e-06
2023-11-14 22:30:13.000000 PPS0     5 N 1  3.883044e-07 -3.976365e-07  1.000e-06
2023-11-14 22:30:14.000000 PPS0     6 N 1  3.472656e-07 -3.426483e-07  1.000e-06
2023-11-14 22:30:15.000000 PPS0     7 N 1  4.671755e-07 -4.622728e-07  1.000e-06
2023-11-14 22:30:16.000000 PPS0     8 N 1  3.697197e-07 -3.691101e-07  1.000e-06
2023-11-14 22:30:17.000000 PPS0     9 N 1  1.498580e-07 -1.496402e-07  1.000e-06
2023-11-14 22:30:18.000000 PPS0    10 N 1  4.883915e-07 -4.911460e-07  1.000e-06
2023-11-14 22:30:19.000000 PPS0    11 N 1  1.927922e-07 -1.950007e-07  1.000e-06
2023-11-14 22:30:20.000000 PPS0    12 N 1  3.020988e-07 -2.995944e-07  1.000e-06
2023-11-14 22:30:21.000000 PPS0    13 N 1  5.064832e-07 -4.955067e-07  1.000e-06
2023-11-14 22:30:22.000000 PPS0    14 N 1  3.716895e-07 -3.670940e-07  1.000e-06
2023-11-14 22:30:23.000000 PPS0    15 N 1  1.824211e-07 -1.897199e-07  1.000e-06
2023-11-14 22:30:24.000000 PPS0     0 N 1  2.274084e-07 -2.270525e-07  1.000e-06
2023-11-14 22:30:25.000000 PPS0     1 N 1  3.309064e-08 -3.184747e-08  1.000e-06
2023-11-14 22:30:26.000000 PPS0     2 N 1  3.486062e-07 -3.528991e-07  1.000e-06
2023-11-14 22:30:27.000000 PPS0     3 N 1  3.352411e-07 -3.330292e-07  1.000e-06
2023-11-14 22:30:28.000000 PPS0     4 N 1  1.212058e-07 -1.204907e-07  1.000e-06
2023-11-14 22:30:29.000000 PPS0     5 N 1  3.158279e-07 -3.165774e-07  1.000e-06
2023-11-14 22:30:30.000000 PPS0     6 N 1  1.933286e-07 -1.865770e-07  1.000e-06
2023-11-14 22:30:31.000000 PPS0     7 N 1  2.864343e-07 -2.835890e-07  1.000e-06
2023-11-14 22:30:32.000000 PPS0     8 N 1  1.270027e-07 -1.233164e-07  1.000e-06
2023-11-14 22:30:33.000000 PPS0     9 N 1  4.278444e-07 -4.324039e-07  1.000e-06
2023-11-14 22:30:34.000000 PPS0    10 N 1 -4.561546e-08  4.174801e-08  1.000e-06
2023-11-14 22:30:35.000000 PPS0    11 N 1  1.824368e-07 -1.873253e-07  1.000e-06
2023-11-14 22:30:36.000000 PPS0    12 N 1 -5.273835e-08  6.113620e-08  1.000e-06
2023-11-14 22:30:37.000000 PPS0    13 N 1  1.385249e-07 -1.424868e-07  1.000e-06
2023-11-14 22:30:38.000000 PPS0    14 N 1 -2.316015e-07  2.362843e-07  1.000e-06
2023-11-14 22:30:39.000000 PPS0    15 N 1 -3.277451e-08  3.950168e-08  1.000e-06
2023-11-14 22:30:40.000000 PPS0     0 N 1  2.861093e-07 -2.849047e-07  1.000e-06
2023-11-14 22:30:41.000000 PPS0     1 N 1  1.684273e-07 -1.634931e-07  1.000e-06
2023-11-14 22:30:42.000000 PPS0     2 N 1  1.150598e-07 -1.130826e-07  1.000e-06
2023-11-14 22:30:43.000000 PPS0     3 N 1  1.253954e-07 -1.268654e-07  1.000e-06
2023-11-14 22:30:44.000000 PPS0     4 N 1  4.376350e-07 -4.319181e-07  1.000e-06
2023-11-14 22:30:45.000000 PPS0     5 N 1  5.940276e-08 -6.363853e-08  1.000e-06
2023-11-14 22:30:46.000000 PPS0     6 N 1  2.062547e-07 -2.068138e-07  1.000e-06
2023-11-14 22:30:47.000000 PPS0     7 N 1  2.747505e-07 -2.765583e-07  1.000e-06
2023-11-14 22:30:48.000000 PPS0     8 N 1  4.227341e-08 -3.801360e-08  1.000e-06
2023-11-14 22:30:49.000000 PPS0     9 N 1  1.662070e-07 -1.626496e-07  1.000e-06
2023-11-14 22:30:50.000000 PPS0    10 N 1  6.361450e-08 -5.589920e-08  1.000e-06
2023-11-14 22:30:51.000000 PPS0    11 N 1  2.415755e-07 -2.401617e-07  1.000e-06
2023-11-14 22:30:52.000000 PPS0    12 N 1  2.571768e-07 -2.650333e-07  1.000e-06
2023-11-14 22:30:53.000000 PPS0    13 N 1  3.060566e-07 -3.085845e-07  1.000e-06
2023-11-14 22:30:54.000000 PPS0    14 N 1  2.885121e-08 -2.680954e-08  1.000e-06
2023-11-14 22:30:55.000000 PPS0    15 N 1  4.604635e-07 -4.639205e-07  1.000e-06
2023-11-14 22:30:56.000000 PPS0     0 N 1  4.338953e-07 -4.449921e-07  1.000e-06
2023-11-14 22:30:57.000000 PPS0     1 N 1  2.447765e-07 -2.477098e-07  1.000e-06
2023-11-14 22:30:58.000000 PPS0     2 N 1  2.370090e-07 -2.260927e-07  1.000e-06
2023-11-14 22:30:59.000000 PPS0     3 N 1  3.012897e-07 -3.087570e-07  1.000e-06
2023-11-14 22:31:00.000000 PPS0     4 N 1  4.206508e-07 -4.259319e-07  1.000e-06
2023-11-14 22:31:01.000000 PPS0     5 N 1  1.120510e-07 -1.165592e-07  1.000e-06
2023-11-14 22:31:02.000000 PPS0     6 N 1  2.183217e-07 -2.188135e-07  1.000e-06
2023-11-14 22:31:03.000000 PPS0     7 N 1  4.469643e-07 -4.451224e-07  1.000e-06
2023-11-14 22:31:04.000000 PPS0     8 N 1  3.043563e-07 -3.050370e-07  1.000e-06
2023-11-14 22:31:05.000000 PPS0     9 N 1  3.700268e-07 -3.752017e-07  1.000e-06
2023-11-14 22:31:06.000000 PPS0    10 N 1 -2.060118e-08  2.523700e-08  1.000e-06
2023-11-14 22:31:07.000000 PPS0    11 N 1  3.140401e-07 -3.136432e-07  1.000e-06
2023-11-14 22:31:08.000000 PPS0    12 N 1  5.424730e-07 -5.468572e-07  1.000e-06
2023-11-14 22:31:09.000000 PPS0    13 N 1  4.171184e-07 -4.092081e-07  1.000e-06
2023-11-14 22:31:10.000000 PPS0    14 N 1  1.214696e-08 -9.152453e-09  1.000e-06
2023-11-14 22:31:11.000000 PPS0    15 N 1  3.204521e-07 -3.209403e-07  1.000e-06
2023-11-14 22:31:12.000000 PPS0     0 N 1  1.821946e-07 -1.822674e-07  1.000e-06
2023-11-14 22:31:13.000000 PPS0     1 N 1  6.991925e-08 -7.669700e-08  1.000e-06
2023-11-14 22:31:14.000000 PPS0     2 N 1  3.206820e-07 -3.193213e-07  1.000e-06
2023-11-14 22:31:15.000000 PPS0     3 N 1  2.067269e-07 -2.038306e-07  1.000e-06
2023-11-14 22:31:16.000000 PPS0     4 N 1  7.871049e-08 -8.177349e-08  1.000e-06
2023-11-14 22:31:17.000000 PPS0     5 N 1  3.240725e-07 -3.238687e-07  1.000e-06
2023-11-14 22:31:18.000000 PPS0     6 N 1  2.755349e-07 -2.698405e-07  1.000e-06
2023-11-14 22:31:19.000000 PPS0     7 N 1  4.662737e-07 -4.706704e-07  1.000e-06
2023-11-14 22:31:20.000000 PPS0     8 N 1  1.138299e-07 -1.208840e-07  1.000e-06
2023-11-14 22:31:21.000000 PPS0     9 N 1  9.538843e-08 -9.262422e-08  1.000e-06
2023-11-14 22:31:22.000000 PPS0    10 N 1  1.187199e-07 -1.074978e-07  1.000e-06
2023-11-14 22:31:23.000000 PPS0    11 N 1  1.348607e-07 -1.437150e-07  1.000e-06
2023-11-14 22:31:24.000000 PPS0    12 N 1  6.368510e-08 -5.295775e-08  1.000e-06
2023-11-14 22:31:25.000000 PPS0    13 N 1  6.404045e-08 -6.423579e-08  1.000e-06
2023-11-14 22:31:26.000000 PPS0    14 N 1  7.497357e-08 -8.037061e-08  1.000e-06
2023-11-14 22:31:27.000000 PPS0    15 N 1  3.753114e-07 -3.811762e-07  1.000e-06
2023-11-14 22:31:28.000000 PPS0     0 N 1 -7.296747e-08  6.935829e-08  1.000e-06
2023-11-14 22:31:29.000000 PPS0     1 N 1  9.835833e-08 -9.598184e-08  1.000e-06
2023-11-14 22:31:30.000000 PPS0     2 N 1  2.159267e-07 -2.095096e-07  1.000e-06
2023-11-14 22:31:31.000000 PPS0     3 N 1  1.671472e-07 -1.647872e-07  1.000e-06
2023-11-14 22:31:32.000000 PPS0     4 N 1  2.743089e-07 -2.689759e-07  1.000e-06
2023-11-14 22:31:33.000000 PPS0     5 N 1  1.351077e-08 -1.503114e-08  1.000e-06
2023-11-14 22:31:34.000000 PPS0     6 N 1 -2.155270e-07  2.116619e-07  1.000e-06
2023-11-14 22:31:35.000000 PPS0     7 N 1  1.319522e-08 -1.746496e-08  1.000e-06
2023-11-14 22:31:36.000000 PPS0     8 N 1  4.326292e-07 -4.273178e-07  1.000e-06
2023-11-14 22:31:37.000000 PPS0     9 N 1 -3.166534e-08  4.085911e-08  1.000e-06
2023-11-14 22:31:38.000000 PPS0    10 N 1  3.905264e-07 -3.894841e-07  1.000e-06
2023-11-14 22:31:39.000000 PPS0    11 N 1  1.811630e-07 -1.817450e-07  1.000e-06
2023-11-14 22:31:40.000000 PPS0    12 N 1  1.907021e-07 -1.873158e-07  1.000e-06
2023-11-14 22:31:41.000000 PPS0    13 N 1  1.543313e-07 -1.492341e-07  1.000e-06
2023-11-14 22:31:42.000000 PPS0    14 N 1  1.451992e-07 -1.486163e-07  1.000e-06
2023-11-14 22:31:43.000000 PPS0    15 N 1  1.731180e-07 -1.714130e-07  1.000e-06
2023-11-14 22:31:44.000000 PPS0     0 N 1  2.575497e-07 -2.576002e-07  1.000e-06
2023-11-14 22:31:45.000000 PPS0     1 N 1 -3.580896e-08  2.900741e-08  1.000e-06
2023-11-14 22:31:46.000000 PPS0     2 N 1 -6.640843e-08  6.501932e-08  1.000e-06
2023-11-14 22:31:47.000000 PPS0     3 N 1  2.955199e-07 -2.953739e-07  1.000e-06
2023-11-14 22:31:48.000000 PPS0     4 N 1  1.853424e-07 -1.877673e-07  1.000e-06
2023-11-14 22:31:49.000000 PPS0     5 N 1  1.407879e-07 -1.441590e-07  1.000e-06
2023-11-14 22:31:50.000000 PPS0     6 N 1  3.530471e-07 -3.592762e-07  1.000e-06
2023-11-14 22:31:51.000000 PPS0     7 N 1  5.890842e-08 -5.646943e-08  1.000e-06
2023-11-14 22:31:52.000000 PPS0     8 N 1  1.373199e-07 -1.339854e-07  1.000e-06
2023-11-14 22:31:53.000000 PPS0     9 N 1  1.227772e-07 -1.206102e-07  1.000e-06
2023-11-14 22:31:54.000000 PPS0    10 N 1  2.270825e-07 -2.335148e-07  1.000e-06
2023-11-14 22:31:55.000000 PPS0    11 N 1  2.768661e-07 -2.704823e-07  1.000e-06
2023-11-14 22:31:56.000000 PPS0    12 N 1  9.219448e-08 -9.281635e-08  1.000e-06
2023-11-14 22:31:57.000000 PPS0    13 N 1  2.891900e-07 -2.814062e-07  1.000e-06
2023-11-14 22:31:58.000000 PPS0    14 N 1  2.476637e-07 -2.358932e-07  1.000e-06
2023-11-14 22:31:59.000000 PPS0    15 N 1  1.335084e-07 -1.237468e-07  1.000e-06
2023-11-14 22:32:00.000000 PPS0     0 N 1  8.242774e-08 -8.244119e-08  1.000e-06
2023-11-14 22:32:01.000000 PPS0     1 N 1  5.746280e-08 -5.238989e-08  1.000e-06
2023-11-14 22:32:02.000000 PPS0     2 N 1  2.900503e-07 -2.986587e-07  1.000e-06
2023-11-14 22:32:03.000000 PPS0     3 N 1 -2.001578e-07  2.110786e-07  1.000e-06
2023-11-14 22:32:04.000000 PPS0     4 N 1  1.502543e-07 -1.585103e-07  1.000e-06
2023-11-14 22:32:05.000000 PPS0     5 N 1  5.862206e-08 -6.084371e-08  1.000e-06
2023-11-14 22:32:06.000000 PPS0     6 N 1  4.314121e-07 -4.290897e-07  1.000e-06
2023-11-14 22:32:07.000000 PPS0     7 N 1  2.005182e-07 -2.051771e-07  1.000e-06
2023-11-14 22:32:08.000000 PPS0     8 N 1  2.937709e-07 -3.024788e-07  1.000e-06
2023-11-14 22:32:09.000000 PPS0     9 N 1  3.620566e-07 -3.570914e-07  1.000e-06
2023-11-14 22:32:10.000000 PPS0    10 N 1  1.223027e-07 -1.297471e-07  1.000e-06
2023-11-14 22:32:11.000000 PPS0    11 N 1  9.946002e-08 -9.999239e-08  1.000e-06
2023-11-14 22:32:12.000000 PPS0    12 N 1  4.942814e-07 -4.856739e-07  1.000e-06
2023-11-14 22:32:13.000000 PPS0    13 N 1  9.554839e-08 -9.929165e-08  1.000e-06
2023-11-14 22:32:14.000000 PPS0    14 N 1 -1.352916e-08  1.550002e-08  1.000e-06
2023-11-14 22:32:15.000000 PPS0    15 N 1  1.100414e-07 -1.064456e-07  1.000e-06
2023-11-14 22:32:16.000000 PPS0     0 N 1  2.020801e-07 -2.047271e-07  1.000e-06
2023-11-14 22:32:17.000000 PPS0     1 N 1  4.096349e-08 -4.889292e-08  1.000e-06
2023-11-14 22:32:18.000000 PPS0     2 N 1  2.792402e-07 -2.857922e-07  1.000e-06
2023-11-14 22:32:19.000000 PPS0     3 N 1  2.973940e-07 -3.056291e-07  1.000e-06
2023-11-14 22:32:20.000000 PPS0     4 N 1 -1.911179e-07  1.912376e-07  1.000e-06
2023-11-14 22:32:21.000000 PPS0     5 N 1  1.012518e-07 -9.660396e-08  1.000e-06
2023-11-14 22:32:22.000000 PPS0     6 N 1  1.906655e-07 -1.909830e-07  1.000e-06
2023-11-14 22:32:23.000000 PPS0     7 N 1  3.206406e-07 -3.238675e-07  1.000e-06
2023-11-14 22:32:24.000000 PPS0     8 N 1  2.868729e-07 -2.745118e-07  1.000e-06
2023-11-14 22:32:25.000000 PPS0     9 N 1  2.254337e-07 -2.299511e-07  1.000e-06
2023-11-14 22:32:26.000000 PPS0    10 N 1  1.862742e-07 -1.901834e-07  1.000e-06
2023-11-14 22:32:27.000000 PPS0    11 N 1  1.414365e-07 -1.329744e-07  1.000e-06
2023-11-14 22:32:28.000000 PPS0    12 N 1  4.423298e-08 -5.025598e-08  1.000e-06
2023-11-14 22:32:29.000000 PPS0    13 N 1  2.699752e-07 -2.718649e-07  1.000e-06
2023-11-14 22:32:30.000000 PPS0    14 N 1  1.671587e-07 -1.701309e-07  1.000e-06
2023-11-14 22:32:31.000000 PPS0    15 N 1  2.290397e-07 -2.215281e-07  1.000e-06
2023-11-14 22:32:32.000000 PPS0     0 N 1  2.885179e-07 -2.904436e-07  1.000e-06
2023-11-14 22:32:33.000000 PPS0     1 N 1  1.398790e-07 -1.442544e-07  1.000e-06
2023-11-14 22:32:34.000000 PPS0     2 N 1  6.060251e-08 -5.572947e-08  1.000e-06
2023-11-14 22:32:35.000000 PPS0     3 N 1  2.738341e-07 -2.713220e-07  1.000e-06
2023-11-14 22:32:36.000000 PPS0     4 N 1  2.683501e-07 -2.712735e-07  1.000e-06
2023-11-14 22:32:37.000000 PPS0     5 N 1  1.921010e-07 -1.892936e-07  1.000e-06
2023-11-14 22:32:38.000000 PPS0     6 N 1  4.340253e-07 -4.325030e-07  1.000e-06
2023-11-14 22:32:39.000000 PPS0     7 N 1  2.050919e-07 -2.087824e-07  1.000e-06
2023-11-14 22:32:40.000000 PPS0     8 N 1  3.486197e-07 -3.496087e-07  1.000e-06
2023-11-14 22:32:41.000000 PPS0     9 N 1  2.327261e-07 -2.304961e-07  1.000e-06
2023-11-14 22:32:42.000000 PPS0    10 N 1  7.866526e-08 -7.693293e-08  1.000e-06
2023-11-14 22:32:43.000000 PPS0    11 N 1  3.637887e-07 -3.678999e-07  1.000e-06
2023-11-14 22:32:44.000000 PPS0    12 N 1  1.177768e-07 -1.215503e-07  1.000e-06
2023-11-14 22:32:45.000000 PPS0    13 N 1  2.102227e-07 -1.995158e-07  1.000e-06
2023-11-14 22:32:46.000000 PPS0    14 N 1  2.439397e-07 -2.374584e-07  1.000e-06
2023-11-14 22:32:47.000000 PPS0    15 N 1  2.315138e-07 -2.333014e-07  1.000e-06
2023-11-14 22:32:48.000000 PPS0     0 N 1  1.973459e-07 -1.958682e-07  1.000e-06
2023-11-14 22:32:49.000000 PPS0     1 N 1  1.664359e-07 -1.664527e-07  1.000e-06
2023-11-14 22:32:50.000000 PPS0     2 N 1  2.082625e-07 -2.110784e-07  1.000e-06
2023-11-14 22:32:51.000000 PPS0     3 N 1  4.219471e-07 -4.194721e-07  1.000e-06
2023-11-14 22:32:52.000000 PPS0     4 N 1  1.767223e-07 -1.792552e-07  1.000e-06
2023-11-14 22:32:53.000000 PPS0     5 N 1  2.500584e-07 -2.535916e-07  1.000e-06
2023-11-14 22:32:54.000000 PPS0     6 N 1  8.733135e-09 -1.027820e-08  1.000e-06
2023-11-14 22:32:55.000000 PPS0     7 N 1  3.796384e-07 -3.803477e-07  1.000e-06
2023-11-14 22:32:56.000000 PPS0     8 N 1  2.198802e-07 -2.243583e-07  1.000e-06
2023-11-14 22:32:57.000000 PPS0     9 N 1  2.698358e-07 -2.722685e-07  1.000e-06
2023-11-14 22:32:58.000000 PPS0    10 N 1  1.081270e-07 -1.117041e-07  1.000e-06
2023-11-14 22:32:59.000000 PPS0    11 N 1  1.726814e-07 -1.776455e-07  1.000e-06
2023-11-14 22:33:00.000000 PPS0    12 N 1  1.314485e-07 -1.321670e-07  1.000e-06
2023-11-14 22:33:01.000000 PPS0    13 N 1  4.884415e-08 -5.827246e-08  1.000e-06
2023-11-14 22:33:02.000000 PPS0    14 N 1  2.559424e-07 -2.618990e-07  1.000e-06
2023-11-14 22:33:03.000000 PPS0    15 N 1 -9.969629e-08  9.993356e-08  1.000e-06
2023-11-14 22:33:04.000000 PPS0     0 N 1  1.830234e-07 -1.773250e-07  1.000e-06
2023-11-14 22:33:05.000000 PPS0     1 N 1  3.804536e-07 -3.911745e-07  1.000e-06
2023-11-14 22:33:06.000000 PPS0     2 N 1  1.044808e-07 -1.029473e-07  1.000e-06
2023-11-14 22:33:07.000000 PPS0     3 N 1 -1.052756e-08  1.636227e-08  1.000e-06
2023-11-14 22:33:08.000000 PPS0     4 N 1  2.404187e-07 -2.435656e-07  1.000e-06
2023-11-14 22:33:09.000000 PPS0     5 N 1  1.108356e-07 -1.090777e-07  1.000e-06
2023-11-14 22:33:10.000000 PPS0     6 N 1  5.026626e-07 -4.929464e-07  1.000e-06
2023-11-14 22:33:11.000000 PPS0     7 N 1 -2.409365e-08  2.728528e-08  1.000e-06
2023-11-14 22:33:12.000000 PPS0     8 N 1 -2.964702e-08  2.918608e-08  1.000e-06
2023-11-14 22:33:13.000000 PPS0     9 N 1  4.131575e-08 -4.255824e-08  1.000e-06
2023-11-14 22:33:14.000000 PPS0    10 N 1  1.231830e-07 -1.211887e-07  1.000e-06
2023-11-14 22:33:15.000000 PPS0    11 N 1  7.662787e-08 -7.298744e-08  1.000e-06
2023-11-14 22:33:16.000000 PPS0    12 N 1  1.702557e-07 -1.746088e-07  1.000e-06
2023-11-14 22:33:17.000000 PPS0    13 N 1  4.040539e-07 -4.022275e-07  1.000e-06
2023-11-14 22:33:18.000000 PPS0    14 N 1  1.564149e-07 -1.557838e-07  1.000e-06
2023-11-14 22:33:19.000000 PPS0    15 N 1  2.920478e-07 -2.925289e-07  1.000e-06
2023-11-14 22:33:20.000000 PPS0     0 N 1  9.756482e-08 -9.813944e-08  1.000e-06
2023-11-14 22:33:21.000000 PPS0     1 N 1  1.053947e-07 -1.078778e-07  1.000e-06
2023-11-14 22:33:22.000000 PPS0     2 N 1  4.265304e-07 -4.224838e-07  1.000e-06
2023-11-14 22:33:23.000000 PPS0     3 N 1  3.845299e-07 -3.868637e-07  1.000e-06
2023-11-14 22:33:24.000000 PPS0     4 N 1 -7.466679e-08  7.294452e-08  1.000e-06
2023-11-14 22:33:25.000000 PPS0     5 N 1  2.639489e-07 -2.662269e-07  1.000e-06
2023-11-14 22:33:26.000000 PPS0     6 N 1  2.135659e-07 -2.181327e-07  1.000e-06
2023-11-14 22:33:27.000000 PPS0     7 N 1  2.599907e-07 -2.619639e-07  1.000e-06
2023-11-14 22:33:28.000000 PPS0     8 N 1  1.864291e-07 -1.829446e-07  1.000e-06
2023-11-14 22:33:29.000000 PPS0     9 N 1  7.642216e-08 -8.153464e-08  1.000e-06
2023-11-14 22:33:30.000000 PPS0    10 N 1  6.438010e-08 -6.136260e-08  1.000e-06
2023-11-14 22:33:31.000000 PPS0    11 N 1  1.353694e-07 -1.299713e-07  1.000e-06
2023-11-14 22:33:32.000000 PPS0    12 N 1  2.633882e-07 -2.577610e-07  1.000e-06
2023-11-14 22:33:33.000000 PPS0    13 N 1  2.113251e-07 -2.052373e-07  1.000e-06
2023-11-14 22:33:34.000000 PPS0    14 N 1  2.934679e-07 -3.028486e-07  1.000e-06
2023-11-14 22:33:35.000000 PPS0    15 N 1  3.958553e-07 -3.913860e-07  1.000e-06
2023-11-14 22:33:36.000000 PPS0     0 N 1  1.246676e-07 -1.304435e-07  1.000e-06
2023-11-14 22:33:37.000000 PPS0     1 N 1 -9.033854e-08  9.125627e-08  1.000e-06
2023-11-14 22:33:38.000000 PPS0     2 N 1  5.828187e-08 -6.382750e-08  1.000e-06
2023-11-14 22:33:39.000000 PPS0     3 N 1  3.877806e-08 -4.666013e-08  1.000e-06
2023-11-14 22:33:40.000000 PPS0     4 N 1  3.254189e-07 -3.295374e-07  1.000e-06
2023-11-14 22:33:41.000000 PPS0     5 N 1  1.819722e-07 -1.809841e-07  1.000e-06
2023-11-14 22:33:42.000000 PPS0     6 N 1  2.399096e-07 -2.404927e-07  1.000e-06
2023-11-14 22:33:43.000000 PPS0     7 N 1  3.074023e-07 -3.101728e-07  1.000e-06
2023-11-14 22:33:44.000000 PPS0     8 N 1  5.013684e-07 -5.090314e-07  1.000e-06
2023-11-14 22:33:45.000000 PPS0     9 N 1  2.879423e-07 -2.768664e-07  1.000e-06
2023-11-14 22:33:46.000000 PPS0    10 N 1  4.112290e-08 -3.384822e-08  1.000e-06
2023-11-14 22:33:47.000000 PPS0    11 N 1  4.886153e-07 -4.906575e-07  1.000e-06
2023-11-14 22:33:48.000000 PPS0    12 N 1  4.128464e-07 -4.154554e-07  1.000e-06
2023-11-14 22:33:49.000000 PPS0    13 N 1  2.295630e-07 -2.304418e-07  1.000e-06
2023-11-14 22:33:50.000000 PPS0    14 N 1  3.928484e-08 -4.450407e-08  1.000e-06
2023-11-14 22:33:51.000000 PPS0    15 N 1  9.829408e-08 -1.055223e-07  1.000e-06
2023-11-14 22:33:52.000000 PPS0     0 N 1  2.106301e-07 -2.097562e-07  1.000e-06
2023-11-14 22:33:53.000000 PPS0     1 N 1  3.482452e-07 -3.459631e-07  1.000e-06
2023-11-14 22:33:54.000000 PPS0     2 N 1  1.592898e-07 -1.606555e-07  1.000e-06
2023-11-14 22:33:55.000000 PPS0     3 N 1  5.515741e-07 -5.590546e-07  1.000e-06
2023-11-14 22:33:56.000000 PPS0     4 N 1 -1.507493e-08  2.648856e-08  1.000e-06
2023-11-14 22:33:57.000000 PPS0     5 N 1  3.442209e-07 -3.430411e-07  1.000e-06
2023-11-14 22:33:58.000000 PPS0     6 N 1  2.646488e-07 -2.594061e-07  1.000e-06
2023-11-14 22:33:59.000000 PPS0     7 N 1 -3.508246e-08  3.380821e-08  1.000e-06
2023-11-14 22:34:00.000000 PPS0     8 N 1  2.918064e-07 -2.881940e-07  1.000e-06
2023-11-14 22:34:01.000000 PPS0     9 N 1  3.511233e-07 -3.495841e-07  1.000e-06
2023-11-14 22:34:02.000000 PPS0    10 N 1  1.324157e-07 -1.350752e-07  1.000e-06
2023-11-14 22:34:03.000000 PPS0    11 N 1  2.790482e-07 -2.787668e-07  1.000e-06
2023-11-14 22:34:04.000000 PPS0    12 N 1  2.579332e-07 -2.505416e-07  1.000e-06
2023-11-14 22:34:05.000000 PPS0    13 N 1  3.722958e-07 -3.781591e-07  1.000e-06
2023-11-14 22:34:06.000000 PPS0    14 N 1  3.616061e-07 -3.659896e-07  1.000e-06
2023-11-14 22:34:07.000000 PPS0    15 N 1 -5.677760e-08  6.778229e-08  1.000e-06
2023-11-14 22:34:08.000000 PPS0     0 N 1  2.315370e-07 -2.340228e-07  1.000e-06
2023-11-14 22:34:09.000000 PPS0     1 N 1  1.271356e-07 -1.220987e-07  1.000e-06
2023-11-14 22:34:10.000000 PPS0     2 N 1  4.908697e-07 -4.837543e-07  1.000e-06
2023-11-14 22:34:11.000000 PPS0     3 N 1  1.574679e-07 -1.626729e-07  1.000e-06
2023-11-14 22:34:12.000000 PPS0     4 N 1  1.737923e-07 -1.681437e-07  1.000e-06
2023-11-14 22:34:13.000000 PPS0     5 N 1  2.668475e-07 -2.728321e-07  1.000e-06
2023-11-14 22:34:14.000000 PPS0     6 N 1  2.098592e-07 -2.061999e-07  1.000e-06
2023-11-14 22:34:15.000000 PPS0     7 N 1  5.271102e-08 -4.770121e-08  1.000e-06
2023-11-14 22:34:16.000000 PPS0     8 N 1  4.107181e-07 -4.055415e-07  1.000e-06
2023-11-14 22:34:17.000000 PPS0     9 N 1  6.416352e-08 -6.493178e-08  1.000e-06
2023-11-14 22:34:18.000000 PPS0    10 N 1  1.807510e-07 -1.818775e-07  1.000e-06
2023-11-14 22:34:19.000000 PPS0    11 N 1  3.201680e-07 -3.191124e-07  1.000e-06
2023-11-14 22:34:20.000000 PPS0    12 N 1  1.913428e-07 -1.891141e-07  1.000e-06
2023-11-14 22:34:21.000000 PPS0    13 N 1  1.246043e-07 -1.306641e-07  1.000e-06
2023-11-14 22:34:22.000000 PPS0    14 N 1  2.075148e-07 -2.085866e-07  1.000e-06
2023-11-14 22:34:23.000000 PPS0    15 N 1  2.893358e-07 -2.876069e-07  1.000e-06
2023-11-14 22:34:24.000000 PPS0     0 N 1  1.504139e-07 -1.444497e-07  1.000e-06
2023-11-14 22:34:25.000000 PPS0     1 N 1  1.865230e-07 -1.923108e-07  1.000e-06
2023-11-14 22:34:26.000000 PPS0     2 N 1  4.200187e-07 -4.137012e-07  1.000e-06
2023-11-14 22:34:27.000000 PPS0     3 N 1  1.845943e-07 -1.918496e-07  1.000e-06
2023-11-14 22:34:28.000000 PPS0     4 N 1  3.837163e-08 -3.301333e-08  1.000e-06
2023-11-14 22:34:29.000000 PPS0     5 N 1  1.753286e-07 -1.765461e-07  1.000e-06
2023-11-14 22:34:30.000000 PPS0     6 N 1  2.543828e-07 -2.567383e-07  1.000e-06
2023-11-14 22:34:31.000000 PPS0     7 N 1  1.109702e-07 -1.044427e-07  1.000e-06
2023-11-14 22:34:32.000000 PPS0     8 N 1  2.641038e-07 -2.597709e-07  1.000e-06
2023-11-14 22:34:33.000000 PPS0     9 N 1  2.754421e-07 -2.696825e-07  1.000e-06
2023-11-14 22:34:34.000000 PPS0    10 N 1  3.113227e-07 -3.146904e-07  1.000e-06
2023-11-14 22:34:35.000000 PPS0    11 N 1  1.586898e-07 -1.499439e-07  1.000e-06
2023-11-14 22:34:36.000000 PPS0    12 N 1  2.138691e-07 -2.046969e-07  1.000e-06
2023-11-14 22:34:37.000000 PPS0    13 N 1  1.424456e-07 -1.487019e-07  1.000e-06
2023-11-14 22:34:38.000000 PPS0    14 N 1  2.011446e-07 -2.030219e-07  1.000e-06
2023-11-14 22:34:39.000000 PPS0    15 N 1  8.532512e-08 -8.840881e-08  1.000e-06
2023-11-14 22:34:40.000000 PPS0     0 N 1 -1.134712e-07  1.167364e-07  1.000e-06
2023-11-14 22:34:41.000000 PPS0     1 N 1  1.642985e-07 -1.682824e-07  1.000e-06
2023-11-14 22:34:42.000000 PPS0     2 N 1 -5.446425e-08  5.828143e-08  1.000e-06
2023-11-14 22:34:43.000000 PPS0     3 N 1  1.887992e-07 -1.849084e-07  1.000e-06
2023-11-14 22:34:44.000000 PPS0     4 N 1  2.407898e-07 -2.365301e-07  1.000e-06
2023-11-14 22:34:45.000000 PPS0     5 N 1  1.793932e-07 -1.860716e-07  1.000e-06
2023-11-14 22:34:46.000000 PPS0     6 N 1  2.081299e-07 -2.032023e-07  1.000e-06
2023-11-14 22:34:47.000000 PPS0     7 N 1 -2.647678e-08  2.477020e-08  1.000e-06
2023-11-14 22:34:48.000000 PPS0     8 N 1  3.960684e-07 -4.016844e-07  1.000e-06
2023-11-14 22:34:49.000000 PPS0     9 N 1  3.805545e-07 -3.847103e-07  1.000e-06
2023-11-14 22:34:50.000000 PPS0    10 N 1 -6.223653e-08  6.005740e-08  1.000e-06
2023-11-14 22:34:51.000000 PPS0    11 N 1  8.633393e-08 -8.141513e-08  1.000e-06
2023-11-14 22:34:52.000000 PPS0    12 N 1 -1.353620e-07  1.308951e-07  1.000e-06
2023-11-14 22:34:53.000000 PPS0    13 N 1  3.290387e-08 -3.810479e-08  1.000e-06
2023-11-14 22:34:54.000000 PPS0    14 N 1  1.813873e-07 -1.841423e-07  1.000e-06
2023-11-14 22:34:55.000000 PPS0    15 N 1  1.628317e-07 -1.642223e-07  1.000e-06
2023-11-14 22:34:56.000000 PPS0     0 N 1  3.215786e-07 -3.249339e-07  1.000e-06
2023-11-14 22:34:57.000000 PPS0     1 N 1  1.652506e-07 -1.612355e-07  1.000e-06
2023-11-14 22:34:58.000000 PPS0     2 N 1  2.372498e-07 -2.373217e-07  1.000e-06
2023-11-14 22:34:59.000000 PPS0     3 N 1  2.839660e-07 -2.819376e-07  1.000e-06
2023-11-14 22:35:00.000000 PPS0     4 N 1  2.309220e-07 -2.305214e-07  1.000e-06
2023-11-14 22:35:01.000000 PPS0     5 N 1  3.126251e-07 -3.072488e-07  1.000e-06
2023-11-14 22:35:02.000000 PPS0     6 N 1  8.328826e-08 -8.033003e-08  1.000e-06
2023-11-14 22:35:03.000000 PPS0     7 N 1  2.363674e-07 -2.327167e-07  1.000e-06
2023-11-14 22:35:04.000000 PPS0     8 N 1  6.861433e-08 -7.412700e-08  1.000e-06
2023-11-14 22:35:05.000000 PPS0     9 N 1  1.459171e-07 -1.401479e-07  1.000e-06
2023-11-14 22:35:06.000000 PPS0    10 N 1  2.808831e-08 -2.282537e-08  1.000e-06
2023-11-14 22:35:07.000000 PPS0    11 N 1  1.818314e-07 -1.804781e-07  1.000e-06
2023-11-14 22:35:08.000000 PPS0    12 N 1  2.067472e-07 -2.079543e-07  1.000e-06
2023-11-14 22:35:09.000000 PPS0    13 N 1  1.439220e-07 -1.403230e-07  1.000e-06
2023-11-14 22:35:10.000000 PPS0    14 N 1  4.044781e-07 -4.030582e-07  1.000e-06
2023-11-14 22:35:11.000000 PPS0    15 N 1  2.430014e-07 -2.465918e-07  1.000e-06
2023-11-14 22:35:12.000000 PPS0     0 N 1  1.600826e-07 -1.543499e-07  1.000e-06
2023-11-14 22:35:13.000000 PPS0     1 N 1  3.416736e-07 -3.425018e-07  1.000e-06
2023-11-14 22:35:14.000000 PPS0     2 N 1  1.707418e-07 -1.723502e-07  1.000e-06
2023-11-14 22:35:15.000000 PPS0     3 N 1  5.184954e-08 -4.886886e-08  1.000e-06
2023-11-14 22:35:16.000000 PPS0     4 N 1  1.147744e-07 -1.069027e-07  1.000e-06
2023-11-14 22:35:17.000000 PPS0     5 N 1 -1.460690e-07  1.375932e-07  1.000e-06
2023-11-14 22:35:18.000000 PPS0     6 N 1 -1.833763e-08  1.872074e-08  1.000e-06
2023-11-14 22:35:19.000000 PPS0     7 N 1  1.398997e-07 -1.437102e-07  1.000e-06
2023-11-14 22:35:20.000000 PPS0     8 N 1 -3.066376e-07  3.075581e-07  1.000e-06
2023-11-14 22:35:21.000000 PPS0     9 N 1 -7.807900e-08  8.498409e-08  1.000e-06
2023-11-14 22:35:22.000000 PPS0    10 N 1  1.821790e-07 -1.858020e-07  1.000e-06
2023-11-14 22:35:23.000000 PPS0    11 N 1  1.224052e-07 -1.144887e-07  1.000e-06
2023-11-14 22:35:24.000000 PPS0    12 N 1  1.095908e-07 -1.152219e-07  1.000e-06
2023-11-14 22:35:25.000000 PPS0    13 N 1 -2.204575e-07  2.195840e-07  1.000e-06
2023-11-14 22:35:26.000000 PPS0    14 N 1  4.576619e-08 -4.015203e-08  1.000e-06
2023-11-14 22:35:27.000000 PPS0    15 N 1  1.812841e-07 -1.759973e-07  1.000e-06
2023-11-14 22:35:28.000000 PPS0     0 N 1  9.576410e-08 -9.998762e-08  1.000e-06
2023-11-14 22:35:29.000000 PPS0     1 N 1  2.999982e-07 -3.008271e-07  1.000e-06
2023-11-14 22:35:30.000000 PPS0     2 N 1  5.054018e-08 -5.104448e-08  1.000e-06
2023-11-14 22:35:31.000000 PPS0     3 N 1  3.089066e-07 -3.120737e-07  1.000e-06
2023-11-14 22:35:32.000000 PPS0     4 N 1  4.486161e-07 -4.460965e-07  1.000e-06
2023-11-14 22:35:33.000000 PPS0     5 N 1 -1.839650e-08  1.300366e-08  1.000e-06
2023-11-14 22:35:34.000000 PPS0     6 N 1  1.501322e-07 -1.518262e-07  1.000e-06
2023-11-14 22:35:35.000000 PPS0     7 N 1  1.029539e-07 -1.036416e-07  1.000e-06
2023-11-14 22:35:36.000000 PPS0     8 N 1  1.978021e-07 -1.990362e-07  1.000e-06
2023-11-14 22:35:37.000000 PPS0     9 N 1  7.916347e-08 -8.850878e-08  1.000e-06
2023-11-14 22:35:38.000000 PPS0    10 N 1  4.015794e-07 -4.009568e-07  1.000e-06
2023-11-14 22:35:39.000000 PPS0    11 N 1  2.418175e-07 -2.409123e-07  1.000e-06
2023-11-14 22:35:40.000000 PPS0    12 N 1  3.474195e-07 -3.472613e-07  1.000e-06
2023-11-14 22:35:41.000000 PPS0    13 N 1  3.427945e-07 -3.455624e-07  1.000e-06
2023-11-14 22:35:42.000000 PPS0    14 N 1  1.231988e-07 -1.205228e-07  1.000e-06
2023-11-14 22:35:43.000000 PPS0    15 N 1  2.453694e-07 -2.394345e-07  1.000e-06
2023-11-14 22:35:44.000000 PPS0     0 N 1  7.236944e-08 -7.003870e-08  1.000e-06
2023-11-14 22:35:45.000000 PPS0     1 N 1  7.976693e-08 -8.676918e-08  1.000e-06
2023-11-14 22:35:46.000000 PPS0     2 N 1  3.029474e-07 -3.032807e-07  1.000e-06
2023-11-14 22:35:47.000000 PPS0     3 N 1  1.069118e-08 -1.442266e-08  1.000e-06
2023-11-14 22:35:48.000000 PPS0     4 N 1  2.337598e-07 -2.337670e-07  1.000e-06
2023-11-14 22:35:49.000000 PPS0     5 N 1  1.387677e-07 -1.355220e-07  1.000e-06
2023-11-14 22:35:50.000000 PPS0     6 N 1  1.499745e-07 -1.588861e-07  1.000e-06
2023-11-14 22:35:51.000000 PPS0     7 N 1  2.778449e-07 -2.802670e-07  1.000e-06
2023-11-14 22:35:52.000000 PPS0     8 N 1  9.913124e-08 -1.110577e-07  1.000e-06
2023-11-14 22:35:53.000000 PPS0     9 N 1 -3.291131e-07  3.292507e-07  1.000e-06
2023-11-14 22:35:54.000000 PPS0    10 N 1  8.307066e-08 -8.317267e-08  1.000e-06
2023-11-14 22:35:55.000000 PPS0    11 N 1  1.934001e-07 -1.890720e-07  1.000e-06
2023-11-14 22:35:56.000000 PPS0    12 N 1  3.490587e-07 -3.431134e-07  1.000e-06
2023-11-14 22:35:57.000000 PPS0    13 N 1  5.687420e-09 -9.616000e-09  1.000e-06
2023-11-14 22:35:58.000000 PPS0    14 N 1  1.702234e-07 -1.632713e-07  1.000e-06
2023-11-14 22:35:59.000000 PPS0    15 N 1  3.198290e-07 -3.223939e-07  1.000e-06
2023-11-14 22:36:00.000000 PPS0     0 N 1 -2.325129e-08  2.468135e-08  1.000e-06
2023-11-14 22:36:01.000000 PPS0     1 N 1  1.257610e-07 -1.224032e-07  1.000e-06
2023-11-14 22:36:02.000000 PPS0     2 N 1  2.720316e-07 -2.703825e-07  1.000e-06
2023-11-14 22:36:03.000000 PPS0     3 N 1  2.323985e-08 -2.917764e-08  1.000e-06
2023-11-14 22:36:04.000000 PPS0     4 N 1  1.132640e-07 -1.108376e-07  1.000e-06
2023-11-14 22:36:05.000000 PPS0     5 N 1  1.447221e-07 -1.411794e-07  1.000e-06
2023-11-14 22:36:06.000000 PPS0     6 N 1  9.439083e-08 -8.891199e-08  1.000e-06
2023-11-14 22:36:07.000000 PPS0     7 N 1  2.059565e-07 -2.074274e-07  1.000e-06
2023-11-14 22:36:08.000000 PPS0     8 N 1  4.725783e-08 -4.782999e-08  1.000e-06
2023-11-14 22:36:09.000000 PPS0     9 N 1  1.674169e-07 -1.595182e-07  1.000e-06
2023-11-14 22:36:10.000000 PPS0    10 N 1  1.690625e-07 -1.656361e-07  1.000e-06
2023-11-14 22:36:11.000000 PPS0    11 N 1 -1.490002e-07  1.539986e-07  1.000e-06
2023-11-14 22:36:12.000000 PPS0    12 N 1  1.440205e-07 -1.484056e-07  1.000e-06
2023-11-14 22:36:13.000000 PPS0    13 N 1 -1.805351e-07  1.764957e-07  1.000e-06
2023-11-14 22:36:14.000000 PPS0    14 N 1  3.948178e-07 -3.905886e-07  1.000e-06
2023-11-14 22:36:15.000000 PPS0    15 N 1  2.721719e-07 -2.744019e-07  1.000e-06
2023-11-14 22:36:16.000000 PPS0     0 N 1  2.450198e-07 -2.418539e-07  1.000e-06
2023-11-14 22:36:17.000000 PPS0     1 N 1  2.032714e-07 -2.077331e-07  1.000e-06
2023-11-14 22:36:18.000000 PPS0     2 N 1  6.314142e-08 -6.455588e-08  1.000e-06
2023-11-14 22:36:19.000000 PPS0     3 N 1  6.010292e-07 -6.106898e-07  1.000e-06
2023-11-14 22:36:20.000000 PPS0     4 N 1  3.960478e-07 -3.890639e-07  1.000e-06
2023-11-14 22:36:21.000000 PPS0     5 N 1  1.843925e-07 -1.802658e-07  1.000e-06
2023-11-14 22:36:22.000000 PPS0     6 N 1  2.056186e-07 -2.027735e-07  1.000e-06
2023-11-14 22:36:23.000000 PPS0     7 N 1  6.387985e-08 -7.354261e-08  1.000e-06
2023-11-14 22:36:24.000000 PPS0     8 N 1  5.504227e-07 -5.416707e-07  1.000e-06
2023-11-14 22:36:25.000000 PPS0     9 N 1 -5.740204e-08  6.310470e-08  1.000e-06
2023-11-14 22:36:26.000000 PPS0    10 N 1  8.993892e-08 -8.756827e-08  1.000e-06
2023-11-14 22:36:27.000000 PPS0    11 N 1 -4.137712e-09 -1.080494e-09  1.000e-06
2023-11-14 22:36:28.000000 PPS0    12 N 1  4.270828e-07 -4.293067e-07  1.000e-06
2023-11-14 22:36:29.000000 PPS0    13 N 1  1.357860e-07 -1.322456e-07  1.000e-06
2023-11-14 22:36:30.000000 PPS0    14 N 1  3.689548e-07 -3.712967e-07  1.000e-06
2023-11-14 22:36:31.000000 PPS0    15 N 1  2.403923e-07 -2.365405e-07  1.000e-06
2023-11-14 22:36:32.000000 PPS0     0 N 1  5.984497e-08 -6.265370e-08  1.000e-06
2023-11-14 22:36:33.000000 PPS0     1 N 1  2.394858e-07 -2.400106e-07  1.000e-06
2023-11-14 22:36:34.000000 PPS0     2 N 1  3.823839e-07 -3.912398e-07  1.000e-06
2023-11-14 22:36:35.000000 PPS0     3 N 1  2.253212e-07 -2.260118e-07  1.000e-06
2023-11-14 22:36:36.000000 PPS0     4 N 1 -5.989503e-08  5.940790e-08  1.000e-06
2023-11-14 22:36:37.000000 PPS0     5 N 1 -6.517546e-08  6.356978e-08  1.000e-06
2023-11-14 22:36:38.000000 PPS0     6 N 1  3.091922e-07 -3.126319e-07  1.000e-06
2023-11-14 22:36:39.000000 PPS0     7 N 1  2.372210e-07 -2.356738e-07  1.000e-06
2023-11-14 22:36:40.000000 PPS0     8 N 1  7.293257e-08 -7.425174e-08  1.000e-06
2023-11-14 22:36:41.000000 PPS0     9 N 1  1.780017e-07 -1.763361e-07  1.000e-06
2023-11-14 22:36:42.000000 PPS0    10 N 1  7.125516e-08 -7.196474e-08  1.000e-06
2023-11-14 22:36:43.000000 PPS0    11 N 1  2.611246e-07 -2.660009e-07  1.000e-06
2023-11-14 22:36:44.000000 PPS0    12 N 1 -2.960217e-08  3.123408e-08  1.000e-06
2023-11-14 22:36:45.000000 PPS0    13 N 1  2.149904e-07 -2.263547e-07  1.000e-06
2023-11-14 22:36:46.000000 PPS0    14 N 1  1.612555e-07 -1.543040e-07  1.000e-06
2023-11-14 22:36:47.000000 PPS0    15 N 1  2.688836e-07 -2.705818e-07  1.000e-06
2023-11-14 22:36:48.000000 PPS0     0 N 1  2.015512e-07 -2.095825e-07  1.000e-06
2023-11-14 22:36:49.000000 PPS0     1 N 1  2.393435e-07 -2.377852e-07  1.000e-06
2023-11-14 22:36:50.000000 PPS0     2 N 1  2.739275e-07 -2.745908e-07  1.000e-06
2023-11-14 22:36:51.000000 PPS0     3 N 1  2.441533e-07 -2.462115e-07  1.000e-06
2023-11-14 22:36:52.000000 PPS0     4 N 1  3.057205e-07 -3.033528e-07  1.000e-06
2023-11-14 22:36:53.000000 PPS0     5 N 1 -1.209782e-07  1.128913e-07  1.000e-06
2023-11-14 22:36:54.000000 PPS0     6 N 1  2.244530e-07 -2.194761e-07  1.000e-06
2023-11-14 22:36:55.000000 PPS0     7 N 1  3.341225e-07 -3.365171e-07  1.000e-06
2023-11-14 22:36:56.000000 PPS0     8 N 1  1.765398e-07 -1.779281e-07  1.000e-06
2023-11-14 22:36:57.000000 PPS0     9 N 1  4.724626e-08 -4.827921e-08  1.000e-06
2023-11-14 22:36:58.000000 PPS0    10 N 1  3.293798e-07 -3.314368e-07  1.000e-06
2023-11-14 22:36:59.000000 PPS0    11 N 1  4.119626e-07 -4.182457e-07  1.000e-06
2023-11-14 22:37:00.000000 PPS0    12 N 1  9.674326e-08 -9.391172e-08  1.000e-06
2023-11-14 22:37:01.000000 PPS0    13 N 1  2.232426e-07 -2.223753e-07  1.000e-06
2023-11-14 22:37:02.000000 PPS0    14 N 1 -1.022131e-07  1.011008e-07  1.000e-06
2023-11-14 22:37:03.000000 PPS0    15 N 1  3.567632e-07 -3.532631e-07  1.000e-06
2023-11-14 22:37:04.000000 PPS0     0 N 1  2.243874e-07 -2.220042e-07  1.000e-06
2023-11-14 22:37:05.000000 PPS0     1 N 1  1.323775e-07 -1.323141e-07  1.000e-06
2023-11-14 22:37:06.000000 PPS0     2 N 1  5.936867e-08 -5.234019e-08  1.000e-06
2023-11-14 22:37:07.000000 PPS0     3 N 1  2.112506e-07 -2.090875e-07  1.000e-06
2023-11-14 22:37:08.000000 PPS0     4 N 1  1.690631e-07 -1.700412e-07  1.000e-06
2023-11-14 22:37:09.000000 PPS0     5 N 1 -7.094108e-08  7.105297e-08  1.000e-06
2023-11-14 22:37:10.000000 PPS0     6 N 1  4.248022e-08 -4.505267e-08  1.000e-06
2023-11-14 22:37:11.000000 PPS0     7 N 1  1.728389e-07 -1.661037e-07  1.000e-06
2023-11-14 22:37:12.000000 PPS0     8 N 1 -9.764079e-09  1.001050e-08  1.000e-06
2023-11-14 22:37:13.000000 PPS0     9 N 1  3.815095e-07 -3.874766e-07  1.000e-06
2023-11-14 22:37:14.000000 PPS0    10 N 1  2.217271e-07 -2.237310e-07  1.000e-06
2023-11-14 22:37:15.000000 PPS0    11 N 1  2.533122e-07 -2.452299e-07  1.000e-06
2023-11-14 22:37:16.000000 PPS0    12 N 1  1.324012e-07 -1.272821e-07  1.000e-06
2023-11-14 22:37:17.000000 PPS0    13 N 1  1.901572e-07 -1.804131e-07  1.000e-06
2023-11-14 22:37:18.000000 PPS0    14 N 1 -3.654127e-07  3.611848e-07  1.000e-06
2023-11-14 22:37:19.000000 PPS0    15 N 1  1.268811e-07 -1.260862e-07  1.000e-06
2023-11-14 22:37:20.000000 PPS0     0 N 1  3.931643e-07 -3.872377e-07  1.000e-06
2023-11-14 22:37:21.000000 PPS0     1 N 1  8.815916e-08 -9.500961e-08  1.000e-06
2023-11-14 22:37:22.000000 PPS0     2 N 1  3.174265e-07 -3.157750e-07  1.000e-06
2023-11-14 22:37:23.000000 PPS0     3 N 1  1.037796e-07 -9.917815e-08  1.000e-06
2023-11-14 22:37:24.000000 PPS0     4 N 1  4.113303e-07 -4.092456e-07  1.000e-06
2023-11-14 22:37:25.000000 PPS0     5 N 1  3.569275e-07 -3.655287e-07  1.000e-06
2023-11-14 22:37:26.000000 PPS0     6 N 1  2.734179e-07 -2.613437e-07  1.000e-06
2023-11-14 22:37:27.000000 PPS0     7 N 1  3.276829e-07 -3.302297e-07  1.000e-06
2023-11-14 22:37:28.000000 PPS0     8 N 1 -2.298090e-08  2.526692e-08  1.000e-06
2023-11-14 22:37:29.000000 PPS0     9 N 1  1.779459e-08 -2.000524e-08  1.000e-06
2023-11-14 22:37:30.000000 PPS0    10 N 1 -1.173605e-07  1.127527e-07  1.000e-06
2023-11-14 22:37:31.000000 PPS0    11 N 1  2.261860e-07 -2.297121e-07  1.000e-06
2023-11-14 22:37:32.000000 PPS0    12 N 1  1.552750e-08 -2.191220e-08  1.000e-06
2023-11-14 22:37:33.000000 PPS0    13 N 1  1.161277e-07 -1.141911e-07  1.000e-06
2023-11-14 22:37:34.000000 PPS0    14 N 1  1.522004e-07 -1.661858e-07  1.000e-06
2023-11-14 22:37:35.000000 PPS0    15 N 1  1.354983e-07 -1.401020e-07  1.000e-06
2023-11-14 22:37:36.000000 PPS0     0 N 1  1.182621e-07 -1.236595e-07  1.000e-06
2023-11-14 22:37:37.000000 PPS0     1 N 1  3.026612e-07 -2.930717e-07  1.000e-06
2023-11-14 22:37:38.000000 PPS0     2 N 1  2.705124e-07 -2.617028e-07  1.000e-06
2023-11-14 22:37:39.000000 PPS0     3 N 1  1.695474e-07 -1.707907e-07  1.000e-06
2023-11-14 22:37:40.000000 PPS0     4 N 1 -1.714237e-07  1.683202e-07  1.000e-06
2023-11-14 22:37:41.000000 PPS0     5 N 1  6.672643e-08 -5.880930e-08  1.000e-06
2023-11-14 22:37:42.000000 PPS0     6 N 1 -9.736527e-09  1.023032e-08  1.000e-06
2023-11-14 22:37:43.000000 PPS0     7 N 1  2.292201e-07 -2.287901e-07  1.000e-06
2023-11-14 22:37:44.000000 PPS0     8 N 1  1.308189e-07 -1.254141e-07  1.000e-06
2023-11-14 22:37:45.000000 PPS0     9 N 1  3.456429e-09 -3.173435e-09  1.000e-06
2023-11-14 22:37:46.000000 PPS0    10 N 1  1.674463e-07 -1.592931e-07  1.000e-06
2023-11-14 22:37:47.000000 PPS0    11 N 1  3.386963e-07 -3.356919e-07  1.000e-06
2023-11-14 22:37:48.000000 PPS0    12 N 1  2.612475e-07 -2.715718e-07  1.000e-06
2023-11-14 22:37:49.000000 PPS0    13 N 1  1.773773e-07 -1.798776e-07  1.000e-06
2023-11-14 22:37:50.000000 PPS0    14 N 1 -9.745923e-08  1.008747e-07  1.000e-06
2023-11-14 22:37:51.000000 PPS0    15 N 1  6.898753e-08 -7.234160e-08  1.000e-06
2023-11-14 22:37:52.000000 PPS0     0 N 1 -1.313414e-07  1.321986e-07  1.000e-06
2023-11-14 22:37:53.000000 PPS0     1 N 1  3.115481e-07 -3.107259e-07  1.000e-06
2023-11-14 22:37:54.000000 PPS0     2 N 1  2.367323e-07 -2.317727e-07  1.000e-06
2023-11-14 22:37:55.000000 PPS0     3 N 1  1.236780e-07 -1.255749e-07  1.000e-06
2023-11-14 22:37:56.000000 PPS0     4 N 1  3.321823e-08 -3.473121e-08  1.000e-06
2023-11-14 22:37:57.000000 PPS0     5 N 1  4.260685e-08 -4.230740e-08  1.000e-06
2023-11-14 22:37:58.000000 PPS0     6 N 1  5.150000e-08 -4.605497e-08  1.000e-06
2023-11-14 22:37:59.000000 PPS0     7 N 1 -7.681493e-09  1.563727e-08  1.000e-06
2023-11-14 22:38:00.000000 PPS0     8 N 1  5.438521e-08 -5.675873e-08  1.000e-06
2023-11-14 22:38:01.000000 PPS0     9 N 1  2.235596e-07 -2.272435e-07  1.000e-06
2023-11-14 22:38:02.000000 PPS0    10 N 1 -1.581805e-07  1.622854e-07  1.000e-06
2023-11-14 22:38:03.000000 PPS0    11 N 1  3.365967e-07 -3.462886e-07  1.000e-06
2023-11-14 22:38:04.000000 PPS0    12 N 1  2.003225e-07 -2.031701e-07  1.000e-06
2023-11-14 22:38:05.000000 PPS0    13 N 1  8.881775e-08 -8.104549e-08  1.000e-06
2023-11-14 22:38:06.000000 PPS0    14 N 1 -8.195909e-08  7.930027e-08  1.000e-06
2023-11-14 22:38:07.000000 PPS0    15 N 1  3.084487e-07 -3.073245e-07  1.000e-06
2023-11-14 22:38:08.000000 PPS0     0 N 1  1.890769e-07 -1.924479e-07  1.000e-06
2023-11-14 22:38:09.000000 PPS0     1 N 1  9.189677e-10 -4.848094e-09  1.000e-06
2023-11-14 22:38:10.000000 PPS0     2 N 1  1.531821e-07 -1.554510e-07  1.000e-06
2023-11-14 22:38:11.000000 PPS0     3 N 1  1.834453e-07 -1.704463e-07  1.000e-06
2023-11-14 22:38:12.000000 PPS0     4 N 1 -1.465149e-07  1.477262e-07  1.000e-06
2023-11-14 22:38:13.000000 PPS0     5 N 1  1.038417e-07 -1.092621e-07  1.000e-06
2023-11-14 22:38:14.000000 PPS0     6 N 1  1.451830e-07 -1.497611e-07  1.000e-06
2023-11-14 22:38:15.000000 PPS0     7 N 1 -8.626072e-08  8.611795e-08  1.000e-06
2023-11-14 22:38:16.000000 PPS0     8 N 1  3.514507e-07 -3.526798e-07  1.000e-06
2023-11-14 22:38:17.000000 PPS0     9 N 1  1.782709e-07 -1.817674e-07  1.000e-06
2023-11-14 22:38:18.000000 PPS0    10 N 1  2.969198e-09 -1.045548e-08  1.000e-06
2023-11-14 22:38:19.000000 PPS0    11 N 1  1.110499e-07 -1.089246e-07  1.000e-06
2023-11-14 22:38:20.000000 PPS0    12 N 1 -1.469605e-07  1.371709e-07  1.000e-06
2023-11-14 22:38:21.000000 PPS0    13 N 1  1.874006e-07 -1.911245e-07  1.000e-06
2023-11-14 22:38:22.000000 PPS0    14 N 1 -1.286168e-07  1.315300e-07  1.000e-06
2023-11-14 22:38:23.000000 PPS0    15 N 1  7.462633e-08 -7.706005e-08  1.000e-06
2023-11-14 22:38:24.000000 PPS0     0 N 1  1.045672e-07 -1.082356e-07  1.000e-06
2023-11-14 22:38:25.000000 PPS0     1 N 1  5.302431e-07 -5.413779e-07  1.000e-06
2023-11-14 22:38:26.000000 PPS0     2 N 1  3.009612e-08 -2.765645e-08  1.000e-06
2023-11-14 22:38:27.000000 PPS0     3 N 1  1.648852e-07 -1.712165e-07  1.000e-06
2023-11-14 22:38:28.000000 PPS0     4 N 1  5.589586e-08 -5.674586e-08  1.000e-06
2023-11-14 22:38:29.000000 PPS0     5 N 1  3.108634e-07 -3.030833e-07  1.000e-06
2023-11-14 22:38:30.000000 PPS0     6 N 1  3.547527e-07 -3.540608e-07  1.000e-06
2023-11-14 22:38:31.000000 PPS0     7 N 1  3.169207e-07 -3.141866e-07  1.000e-06
2023-11-14 22:38:32.000000 PPS0     8 N 1  7.951301e-08 -8.111315e-08  1.000e-06
2023-11-14 22:38:33.000000 PPS0     9 N 1  2.205773e-07 -2.189158e-07  1.000e-06
2023-11-14 22:38:34.000000 PPS0    10 N 1  3.692042e-08 -4.154878e-08  1.000e-06
2023-11-14 22:38:35.000000 PPS0    11 N 1 -2.664144e-08  3.367012e-08  1.000e-06
2023-11-14 22:38:36.000000 PPS0    12 N 1  7.939091e-08 -7.873772e-08  1.000e-06
2023-11-14 22:38:37.000000 PPS0    13 N 1  3.377592e-07 -3.299800e-07  1.000e-06
2023-11-14 22:38:38.000000 PPS0    14 N 1  2.495555e-07 -2.472619e-07  1.000e-06
2023-11-14 22:38:39.000000 PPS0    15 N 1  5.010256e-08 -4.971513e-08  1.000e-06
2023-11-14 22:38:40.000000 PPS0     0 N 1  1.548526e-07 -1.512798e-07  1.000e-06
2023-11-14 22:38:41.000000 PPS0     1 N 1  2.672182e-08 -2.257018e-08  1.000e-06
2023-11-14 22:38:42.000000 PPS0     2 N 1  2.706716e-07 -2.687448e-07  1.000e-06
2023-11-14 22:38:43.000000 PPS0     3 N 1 -9.010178e-08  8.096119e-08  1.000e-06
2023-11-14 22:38:44.000000 PPS0     4 N 1  2.183119e-07 -2.268784e-07  1.000e-06
2023-11-14 22:38:45.000000 PPS0     5 N 1  1.440330e-07 -1.298106e-07  1.000e-06
2023-11-14 22:38:46.000000 PPS0     6 N 1  9.485733e-08 -1.015177e-07  1.000e-06
2023-11-14 22:38:47.000000 PPS0     7 N 1  2.457019e-07 -2.478791e-07  1.000e-06
2023-11-14 22:38:48.000000 PPS0     8 N 1  1.003187e-07 -1.088247e-07  1.000e-06
2023-11-14 22:38:49.000000 PPS0     9 N 1  1.568025e-08 -8.872787e-09  1.000e-06
2023-11-14 22:38:50.000000 PPS0    10 N 1  7.213458e-08 -7.566147e-08  1.000e-06
2023-11-14 22:38:51.000000 PPS0    11 N 1  1.039958e-07 -1.031087e-07  1.000e-06
2023-11-14 22:38:52.000000 PPS0    12 N 1  2.523809e-07 -2.491219e-07  1.000e-06
2023-11-14 22:38:53.000000 PPS0    13 N 1  2.506381e-07 -2.571101e-07  1.000e-06
2023-11-14 22:38:54.000000 PPS0    14 N 1  5.615320e-08 -6.587130e-08  1.000e-06
2023-11-14 22:38:55.000000 PPS0    15 N 1  3.335952e-07 -3.367050e-07  1.000e-06
2023-11-14 22:38:56.000000 PPS0     0 N 1  4.927683e-08 -4.043407e-08  1.000e-06
2023-11-14 22:38:57.000000 PPS0     1 N 1  2.359751e-07 -2.376638e-07  1.000e-06
2023-11-14 22:38:58.000000 PPS0     2 N 1  6.788520e-08 -7.005713e-08  1.000e-06
2023-11-14 22:38:59.000000 PPS0     3 N 1  2.327568e-07 -2.179277e-07  1.000e-06
2023-11-14 22:39:00.000000 PPS0     4 N 1 -1.020843e-07  1.092362e-07  1.000e-06
2023-11-14 22:39:01.000000 PPS0     5 N 1  2.921466e-07 -2.945470e-07  1.000e-06
2023-11-14 22:39:02.000000 PPS0     6 N 1  1.537498e-07 -1.524505e-07  1.000e-06
2023-11-14 22:39:03.000000 PPS0     7 N 1 -1.058419e-10 -2.991669e-09  1.000e-06
2023-11-14 22:39:04.000000 PPS0     8 N 1  3.239088e-07 -3.216008e-07  1.000e-06
2023-11-14 22:39:05.000000 PPS0     9 N 1  5.145044e-08 -5.574141e-08  1.000e-06
2023-11-14 22:39:06.000000 PPS0    10 N 1  9.550780e-08 -9.514175e-08  1.000e-06
2023-11-14 22:39:07.000000 PPS0    11 N 1  2.348532e-07 -2.269725e-07  1.000e-06
2023-11-14 22:39:08.000000 PPS0    12 N 1  1.176054e-07 -1.218857e-07  1.000e-06
2023-11-14 22:39:09.000000 PPS0    13 N 1  1.678207e-07 -1.668347e-07  1.000e-06
2023-11-14 22:39:10.000000 PPS0    14 N 1  2.907159e-08 -2.529628e-08  1.000e-06
2023-11-14 22:39:11.000000 PPS0    15 N 1  9.786572e-08 -9.596441e-08  1.000e-06
2023-11-14 22:39:12.000000 PPS0     0 N 1  1.114769e-07 -1.089802e-07  1.000e-06
2023-11-14 22:39:13.000000 PPS0     1 N 1  2.000504e-07 -2.047118e-07  1.000e-06
2023-11-14 22:39:14.000000 PPS0     2 N 1  2.469901e-07 -2.466317e-07  1.000e-06
2023-11-14 22:39:15.000000 PPS0     3 N 1 -1.374698e-07  1.360486e-07  1.000e-06
2023-11-14 22:39:16.000000 PPS0     4 N 1  2.954201e-07 -2.880360e-07  1.000e-06
2023-11-14 22:39:17.000000 PPS0     5 N 1  1.821329e-08 -1.653059e-08  1.000e-06
2023-11-14 22:39:18.000000 PPS0     6 N 1 -7.937206e-08  8.195851e-08  1.000e-06
2023-11-14 22:39:19.000000 PPS0     7 N 1 -2.214584e-07  2.132542e-07  1.000e-06
2023-11-14 22:39:20.000000 PPS0     8 N 1  1.726977e-07 -1.699740e-07  1.000e-06
2023-11-14 22:39:21.000000 PPS0     9 N 1  1.383480e-08 -1.114676e-08  1.000e-06
2023-11-14 22:39:22.000000 PPS0    10 N 1  3.436444e-07 -3.441095e-07  1.000e-06
2023-11-14 22:39:23.000000 PPS0    11 N 1  1.983591e-07 -2.021309e-07  1.000e-06
2023-11-14 22:39:24.000000 PPS0    12 N 1 -8.606765e-08  9.513869e-08  1.000e-06
2023-11-14 22:39:25.000000 PPS0    13 N 1  1.299794e-07 -1.328824e-07  1.000e-06
2023-11-14 22:39:26.000000 PPS0    14 N 1 -1.494524e-07  1.527049e-07  1.000e-06
2023-11-14 22:39:27.000000 PPS0    15 N 1  2.399256e-07 -2.327544e-07  1.000e-06
2023-11-14 22:39:28.000000 PPS0     0 N 1  7.552869e-08 -7.072874e-08  1.000e-06
2023-11-14 22:39:29.000000 PPS0     1 N 1  1.135796e-07 -1.178573e-07  1.000e-06
2023-11-14 22:39:30.000000 PPS0     2 N 1  9.982965e-08 -1.025422e-07  1.000e-06
2023-11-14 22:39:31.000000 PPS0     3 N 1 -2.737904e-08  2.442729e-08  1.000e-06
2023-11-14 22:39:32.000000 PPS0     4 N 1  2.349935e-07 -2.345253e-07  1.000e-06
2023-11-14 22:39:33.000000 PPS0     5 N 1 -6.551001e-09  5.980473e-09  1.000e-06
2023-11-14 22:39:34.000000 PPS0     6 N 1  8.250992e-08 -8.291924e-08  1.000e-06
2023-11-14 22:39:35.000000 PPS0     7 N 1  1.311661e-07 -1.346965e-07  1.000e-06
2023-11-14 22:39:36.000000 PPS0     8 N 1  3.157099e-07 -3.211549e-07  1.000e-06
2023-11-14 22:39:37.000000 PPS0     9 N 1  1.567390e-08 -2.233014e-08  1.000e-06
2023-11-14 22:39:38.000000 PPS0    10 N 1  4.494886e-08 -4.739430e-08  1.000e-06
2023-11-14 22:39:39.000000 PPS0    11 N 1  1.364450e-07 -1.435739e-07  1.000e-06
2023-11-14 22:39:40.000000 PPS0    12 N 1  1.375307e-07 -1.456306e-07  1.000e-06
2023-11-14 22:39:41.000000 PPS0    13 N 1  2.922866e-07 -2.947108e-07  1.000e-06
2023-11-14 22:39:42.000000 PPS0    14 N 1  2.875303e-07 -2.796192e-07  1.000e-06
2023-11-14 22:39:43.000000 PPS0    15 N 1 -6.640769e-08  7.681215e-08  1.000e-06
2023-11-14 22:39:44.000000 PPS0     0 N 1  1.125849e-07 -1.233602e-07  1.000e-06
2023-11-14 22:39:45.000000 PPS0     1 N 1  1.402622e-07 -1.389508e-07  1.000e-06
2023-11-14 22:39:46.000000 PPS0     2 N 1  3.648910e-07 -3.741387e-07  1.000e-06
2023-11-14 22:39:47.000000 PPS0     3 N 1 -3.614314e-07  3.610977e-07  1.000e-06
2023-11-14 22:39:48.000000 PPS0     4 N 1  2.207625e-08 -2.687677e-08  1.000e-06
2023-11-14 22:39:49.000000 PPS0     5 N 1  9.440441e-08 -8.538149e-08  1.000e-06
2023-11-14 22:39:50.000000 PPS0     6 N 1  8.850782e-08 -8.382722e-08  1.000e-06
2023-11-14 22:39:51.000000 PPS0     7 N 1 -1.394245e-08  7.266930e-09  1.000e-06
2023-11-14 22:39:52.000000 PPS0     8 N 1  2.549704e-08 -1.611741e-08  1.000e-06
2023-11-14 22:39:53.000000 PPS0     9 N 1  3.003809e-07 -2.963270e-07  1.000e-06
2023-11-14 22:39:54.000000 PPS0    10 N 1  4.594611e-08 -4.403703e-08  1.000e-06
2023-11-14 22:39:55.000000 PPS0    11 N 1  1.889001e-07 -1.964781e-07  1.000e-06
2023-11-14 22:39:56.000000 PPS0    12 N 1  5.146641e-08 -4.160551e-08  1.000e-06
2023-11-14 22:39:57.000000 PPS0    13 N 1 -1.114176e-07  1.126560e-07  1.000e-06
2023-11-14 22:39:58.000000 PPS0    14 N 1  2.016547e-08 -2.184192e-08  1.000e-06
2023-11-14 22:39:59.000000 PPS0    15 N 1  2.420647e-07 -2.460805e-07  1.000e-06
2023-11-14 22:40:00.000000 PPS0     0 N 1  2.113594e-07 -2.114715e-07  1.000e-06
2023-11-14 22:40:01.000000 PPS0     1 N 1  2.605366e-07 -2.647905e-07  1.000e-06
2023-11-14 22:40:02.000000 PPS0     2 N 1  2.725473e-07 -2.725913e-07  1.000e-06
2023-11-14 22:40:03.000000 PPS0     3 N 1  1.025517e-08 -1.393650e-08  1.000e-06
2023-11-14 22:40:04.000000 PPS0     4 N 1 -2.149030e-07  2.198772e-07  1.000e-06
2023-11-14 22:40:05.000000 PPS0     5 N 1 -2.755582e-08  3.366078e-08  1.000e-06
2023-11-14 22:40:06.000000 PPS0     6 N 1  4.447967e-07 -4.530841e-07  1.000e-06
2023-11-14 22:40:07.000000 PPS0     7 N 1  1.318421e-07 -1.355335e-07  1.000e-06
2023-11-14 22:40:08.000000 PPS0     8 N 1  1.021258e-07 -9.993906e-08  1.000e-06
2023-11-14 22:40:09.000000 PPS0     9 N 1 -1.055674e-07  1.107110e-07  1.000e-06
2023-11-14 22:40:10.000000 PPS0    10 N 1  5.685457e-08 -4.864596e-08  1.000e-06
2023-11-14 22:40:11.000000 PPS0    11 N 1  8.834935e-08 -8.742802e-08  1.000e-06
2023-11-14 22:40:12.000000 PPS0    12 N 1  9.005285e-08 -7.576690e-08  1.000e-06
2023-11-14 22:40:13.000000 PPS0    13 N 1  1.273545e-08 -2.484017e-08  1.000e-06
2023-11-14 22:40:14.000000 PPS0    14 N 1  2.327033e-07 -2.322825e-07  1.000e-06
2023-11-14 22:40:15.000000 PPS0    15 N 1  2.176339e-07 -2.115921e-07  1.000e-06
2023-11-14 22:40:16.000000 PPS0     0 N 1  3.184000e-07 -3.171485e-07  1.000e-06
2023-11-14 22:40:17.000000 PPS0     1 N 1  1.567807e-07 -1.510642e-07  1.000e-06
2023-11-14 22:40:18.000000 PPS0     2 N 1  2.999048e-07 -3.068615e-07  1.000e-06
2023-11-14 22:40:19.000000 PPS0     3 N 1  3.769601e-07 -3.825846e-07  1.000e-06
2023-11-14 22:40:20.000000 PPS0     4 N 1  1.204362e-07 -1.144698e-07  1.000e-06
2023-11-14 22:40:21.000000 PPS0     5 N 1  9.819637e-09 -1.237065e-08  1.000e-06
2023-11-14 22:40:22.000000 PPS0     6 N 1  3.184239e-07 -3.107994e-07  1.000e-06
2023-11-14 22:40:23.000000 PPS0     7 N 1 -1.307224e-07  1.305117e-07  1.000e-06
2023-11-14 22:40:24.000000 PPS0     8 N 1  1.466371e-07 -1.391786e-07  1.000e-06
2023-11-14 22:40:25.000000 PPS0     9 N 1  1.505107e-07 -1.456748e-07  1.000e-06
2023-11-14 22:40:26.000000 PPS0    10 N 1  1.554203e-07 -1.512249e-07  1.000e-06
2023-11-14 22:40:27.000000 PPS0    11 N 1  4.883488e-07 -4.848356e-07  1.000e-06
2023-11-14 22:40:28.000000 PPS0    12 N 1  1.636282e-07 -1.710550e-07  1.000e-06
2023-11-14 22:40:29.000000 PPS0    13 N 1 -7.060354e-08  6.370241e-08  1.000e-06
2023-11-14 22:40:30.000000 PPS0    14 N 1  7.827183e-08 -7.980372e-08  1.000e-06
2023-11-14 22:40:31.000000 PPS0    15 N 1 -2.778172e-08  3.134509e-08  1.000e-06
2023-11-14 22:40:32.000000 PPS0     0 N 1 -1.512204e-07  1.522529e-07  1.000e-06
2023-11-14 22:40:33.000000 PPS0     1 N 1  5.736133e-08 -6.149787e-08  1.000e-06
2023-11-14 22:40:34.000000 PPS0     2 N 1 -5.482179e-08  5.231815e-08  1.000e-06
2023-11-14 22:40:35.000000 PPS0     3 N 1  2.013691e-07 -1.966548e-07  1.000e-06
2023-11-14 22:40:36.000000 PPS0     4 N 1 -1.496807e-07  1.500237e-07  1.000e-06
2023-11-14 22:40:37.000000 PPS0     5 N 1 -2.307586e-08  2.792618e-08  1.000e-06
2023-11-14 22:40:38.000000 PPS0     6 N 1  2.675065e-07 -2.630204e-07  1.000e-06
2023-11-14 22:40:39.000000 PPS0     7 N 1  1.627058e-07 -1.591957e-07  1.000e-06
2023-11-14 22:40:40.000000 PPS0     8 N 1 -1.854734e-07  1.878425e-07  1.000e-06
2023-11-14 22:40:41.000000 PPS0     9 N 1  1.274912e-07 -1.282981e-07  1.000e-06
2023-11-14 22:40:42.000000 PPS0    10 N 1 -3.078272e-08  2.471720e-08  1.000e-06
2023-11-14 22:40:43.000000 PPS0    11 N 1 -4.529070e-08  4.224508e-08  1.000e-06
2023-11-14 22:40:44.000000 PPS0    12 N 1 -3.194457e-07  3.189652e-07  1.000e-06
2023-11-14 22:40:45.000000 PPS0    13 N 1  1.115132e-07 -1.033689e-07  1.000e-06
2023-11-14 22:40:46.000000 PPS0    14 N 1  3.267690e-07 -3.241781e-07  1.000e-06
2023-11-14 22:40:47.000000 PPS0    15 N 1  9.250820e-08 -9.220476e-08  1.000e-06
2023-11-14 22:40:48.000000 PPS0     0 N 1  2.155942e-07 -2.101469e-07  1.000e-06
2023-11-14 22:40:49.000000 PPS0     1 N 1 -1.544345e-07  1.585361e-07  1.000e-06
2023-11-14 22:40:50.000000 PPS0     2 N 1  9.837666e-09 -9.707603e-09  1.000e-06
2023-11-14 22:40:51.000000 PPS0     3 N 1  2.686920e-08 -2.483086e-08  1.000e-06
2023-11-14 22:40:52.000000 PPS0     4 N 1 -7.247438e-08  7.282651e-08  1.000e-06
2023-11-14 22:40:53.000000 PPS0     5 N 1 -1.452295e-07  1.504989e-07  1.000e-06
2023-11-14 22:40:54.000000 PPS0     6 N 1  2.074295e-07 -2.091913e-07  1.000e-06
2023-11-14 22:40:55.000000 PPS0     7 N 1  6.335860e-08 -6.633541e-08  1.000e-06
2023-11-14 22:40:56.000000 PPS0     8 N 1  1.856186e-07 -1.826716e-07  1.000e-06
2023-11-14 22:40:57.000000 PPS0     9 N 1  1.448186e-08 -1.522047e-08  1.000e-06
2023-11-14 22:40:58.000000 PPS0    10 N 1  1.184513e-07 -1.220727e-07  1.000e-06
2023-11-14 22:40:59.000000 PPS0    11 N 1  1.228178e-07 -1.200309e-07  1.000e-06
2023-11-14 22:41:00.000000 PPS0    12 N 1  4.479477e-07 -4.459233e-07  1.000e-06
2023-11-14 22:41:01.000000 PPS0    13 N 1 -2.025891e-08  2.689917e-08  1.000e-06
2023-11-14 22:41:02.000000 PPS0    14 N 1  1.333943e-07 -1.351816e-07  1.000e-06
2023-11-14 22:41:03.000000 PPS0    15 N 1  2.102968e-07 -2.127338e-07  1.000e-06
2023-11-14 22:41:04.000000 PPS0     0 N 1  2.999728e-07 -2.957282e-07  1.000e-06
2023-11-14 22:41:05.000000 PPS0     1 N 1  3.705863e-08 -3.676308e-08  1.000e-06
2023-11-14 22:41:06.000000 PPS0     2 N 1  3.960103e-07 -3.969295e-07  1.000e-06
2023-11-14 22:41:07.000000 PPS0     3 N 1  2.621367e-08 -2.220895e-08  1.000e-06
2023-11-14 22:41:08.000000 PPS0     4 N 1  1.125925e-07 -1.129858e-07  1.000e-06
2023-11-14 22:41:09.000000 PPS0     5 N 1  1.856830e-07 -1.952192e-07  1.000e-06
2023-11-14 22:41:10.000000 PPS0     6 N 1  9.868935e-08 -9.109542e-08  1.000e-06
2023-11-14 22:41:11.000000 PPS0     7 N 1  2.865181e-07 -2.898514e-07  1.000e-06
2023-11-14 22:41:12.000000 PPS0     8 N 1  8.414940e-08 -7.969871e-08  1.000e-06
2023-11-14 22:41:13.000000 PPS0     9 N 1  4.283374e-08 -3.982425e-08  1.000e-06
2023-11-14 22:41:14.000000 PPS0    10 N 1  1.541436e-07 -1.625940e-07  1.000e-06
2023-11-14 22:41:15.000000 PPS0    11 N 1  1.916714e-07 -1.910691e-07  1.000e-06
2023-11-14 22:41:16.000000 PPS0    12 N 1  5.944987e-08 -6.058192e-08  1.000e-06
2023-11-14 22:41:17.000000 PPS0    13 N 1 -2.492490e-07  2.490265e-07  1.000e-06
2023-11-14 22:41:18.000000 PPS0    14 N 1  2.227190e-07 -2.157265e-07  1.000e-06
2023-11-14 22:41:19.000000 PPS0    15 N 1  1.025677e-07 -1.031031e-07  1.000e-06
2023-11-14 22:41:20.000000 PPS0     0 N 1  1.802174e-08 -1.121418e-08  1.000e-06
2023-11-14 22:41:21.000000 PPS0     1 N 1  3.918049e-07 -3.912610e-07  1.000e-06
2023-11-14 22:41:22.000000 PPS0     2 N 1 -3.112158e-07  3.128238e-07  1.000e-06
2023-11-14 22:41:23.000000 PPS0     3 N 1  3.093868e-07 -3.157689e-07  1.000e-06
2023-11-14 22:41:24.000000 PPS0     4 N 1 -4.657902e-08  3.911377e-08  1.000e-06
2023-11-14 22:41:25.000000 PPS0     5 N 1  1.061524e-07 -9.424502e-08  1.000e-06
2023-11-14 22:41:26.000000 PPS0     6 N 1  2.286298e-07 -2.364472e-07  1.000e-06
2023-11-14 22:41:27.000000 PPS0     7 N 1 -1.270686e-07  1.299977e-07  1.000e-06
2023-11-14 22:41:28.000000 PPS0     8 N 1  2.696179e-08 -3.533171e-08  1.000e-06
2023-11-14 22:41:29.000000 PPS0     9 N 1  1.180301e-07 -1.222097e-07  1.000e-06
2023-11-14 22:41:30.000000 PPS0    10 N 1  1.371461e-07 -1.341911e-07  1.000e-06
2023-11-14 22:41:31.000000 PPS0    11 N 1  1.131883e-07 -1.184144e-07  1.000e-06
2023-11-14 22:41:32.000000 PPS0    12 N 1 -6.135294e-08  6.050888e-08  1.000e-06
2023-11-14 22:41:33.000000 PPS0    13 N 1 -2.612257e-08  3.138386e-08  1.000e-06
2023-11-14 22:41:34.000000 PPS0    14 N 1  2.383572e-07 -2.373456e-07  1.000e-06
2023-11-14 22:41:35.000000 PPS0    15 N 1  1.983675e-07 -1.907441e-07  1.000e-06
2023-11-14 22:41:36.000000 PPS0     0 N 1 -7.889095e-08  7.695834e-08  1.000e-06
2023-11-14 22:41:37.000000 PPS0     1 N 1  3.530983e-07 -3.539012e-07  1.000e-06
2023-11-14 22:41:38.000000 PPS0     2 N 1 -1.721413e-08  1.751645e-08  1.000e-06
2023-11-14 22:41:39.000000 PPS0     3 N 1  1.357916e-07 -1.431522e-07  1.000e-06
2023-11-14 22:41:40.000000 PPS0     4 N 1  6.583510e-08 -6.088044e-08  1.000e-06
2023-11-14 22:41:41.000000 PPS0     5 N 1 -9.279920e-10 -1.452939e-09  1.000e-06
2023-11-14 22:41:42.000000 PPS0     6 N 1  2.041759e-07 -2.081681e-07  1.000e-06
2023-11-14 22:41:43.000000 PPS0     7 N 1 -1.284797e-07  1.275807e-07  1.000e-06
2023-11-14 22:41:44.000000 PPS0     8 N 1  1.624920e-07 -1.640645e-07  1.000e-06
2023-11-14 22:41:45.000000 PPS0     9 N 1 -3.427366e-07  3.388589e-07  1.000e-06
2023-11-14 22:41:46.000000 PPS0    10 N 1  1.127766e-07 -1.044007e-07  1.000e-06
2023-11-14 22:41:47.000000 PPS0    11 N 1  4.000568e-08 -2.762045e-08  1.000e-06
2023-11-14 22:41:48.000000 PPS0    12 N 1 -9.837092e-08  9.548286e-08  1.000e-06
2023-11-14 22:41:49.000000 PPS0    13 N 1  6.863402e-08 -6.478061e-08  1.000e-06
2023-11-14 22:41:50.000000 PPS0    14 N 1  8.636027e-09 -5.437805e-09  1.000e-06
2023-11-14 22:41:51.000000 PPS0    15 N 1  1.109856e-08 -8.722548e-09  1.000e-06
2023-11-14 22:41:52.000000 PPS0     0 N 1  1.396527e-07 -1.388561e-07  1.000e-06
2023-11-14 22:41:53.000000 PPS0     1 N 1  8.743983e-08 -8.869886e-08  1.000e-06
2023-11-14 22:41:54.000000 PPS0     2 N 1 -4.847179e-08  6.330962e-08  1.000e-06
2023-11-14 22:41:55.000000 PPS0     3 N 1 -7.610745e-08  8.318819e-08  1.000e-06
2023-11-14 22:41:56.000000 PPS0     4 N 1  2.182725e-07 -2.179596e-07  1.000e-06
2023-11-14 22:41:57.000000 PPS0     5 N 1  5.445855e-08 -5.795592e-08  1.000e-06
2023-11-14 22:41:58.000000 PPS0     6 N 1  9.267398e-08 -9.808674e-08  1.000e-06
2023-11-14 22:41:59.000000 PPS0     7 N 1  6.191019e-08 -5.159205e-08  1.000e-06
2023-11-14 22:42:00.000000 PPS0     8 N 1  2.410011e-07 -2.476135e-07  1.000e-06
2023-11-14 22:42:01.000000 PPS0     9 N 1  8.568931e-08 -8.738407e-08  1.000e-06
2023-11-14 22:42:02.000000 PPS0    10 N 1 -1.439495e-07  1.499069e-07  1.000e-06
2023-11-14 22:42:03.000000 PPS0    11 N 1 -2.085721e-07  2.112881e-07  1.000e-06
2023-11-14 22:42:04.000000 PPS0    12 N 1  3.422402e-07 -3.339475e-07  1.000e-06
2023-11-14 22:42:05.000000 PPS0    13 N 1 -1.220623e-07  1.212138e-07  1.000e-06
2023-11-14 22:42:06.000000 PPS0    14 N 1  3.647149e-08 -3.642561e-08  1.000e-06
2023-11-14 22:42:07.000000 PPS0    15 N 1  2.026972e-07 -1.990150e-07  1.000e-06
2023-11-14 22:42:08.000000 PPS0     0 N 1  3.341933e-07 -3.367763e-07  1.000e-06
2023-11-14 22:42:09.000000 PPS0     1 N 1  1.302784e-07 -1.234853e-07  1.000e-06
2023-11-14 22:42:10.000000 PPS0     2 N 1  1.444176e-07 -1.530594e-07  1.000e-06
2023-11-14 22:42:11.000000 PPS0     3 N 1  8.772888e-08 -8.605591e-08  1.000e-06
2023-11-14 22:42:12.000000 PPS0     4 N 1  7.697658e-08 -8.104516e-08  1.000e-06
2023-11-14 22:42:13.000000 PPS0     5 N 1  1.792070e-07 -1.782265e-07  1.000e-06
2023-11-14 22:42:14.000000 PPS0     6 N 1 -5.448325e-08  5.751763e-08  1.000e-06
2023-11-14 22:42:15.000000 PPS0     7 N 1  5.026414e-08 -5.241059e-08  1.000e-06
2023-11-14 22:42:16.000000 PPS0     8 N 1 -3.698739e-08  3.213645e-08  1.000e-06
2023-11-14 22:42:17.000000 PPS0     9 N 1  6.652675e-08 -6.899402e-08  1.000e-06
2023-11-14 22:42:18.000000 PPS0    10 N 1  2.181186e-07 -2.182549e-07  1.000e-06
2023-11-14 22:42:19.000000 PPS0    11 N 1  1.689402e-07 -1.726788e-07  1.000e-06
2023-11-14 22:42:20.000000 PPS0    12 N 1 -1.678924e-08  1.724697e-08  1.000e-06
2023-11-14 22:42:21.000000 PPS0    13 N 1  1.629111e-07 -1.581890e-07  1.000e-06
2023-11-14 22:42:22.000000 PPS0    14 N 1  7.251558e-08 -7.114792e-08  1.000e-06
2023-11-14 22:42:23.000000 PPS0    15 N 1  1.390555e-07 -1.349520e-07  1.000e-06
2023-11-14 22:42:24.000000 PPS0     0 N 1  2.072478e-07 -2.153909e-07  1.000e-06
2023-11-14 22:42:25.000000 PPS0     1 N 1  1.819503e-07 -1.821136e-07  1.000e-06
2023-11-14 22:42:26.000000 PPS0     2 N 1  6.627815e-08 -6.986982e-08  1.000e-06
2023-11-14 22:42:27.000000 PPS0     3 N 1  1.675275e-07 -1.612488e-07  1.000e-06
2023-11-14 22:42:28.000000 PPS0     4 N 1  2.301202e-07 -2.329422e-07  1.000e-06
2023-11-14 22:42:29.000000 PPS0     5 N 1 -1.785821e-07  1.853271e-07  1.000e-06
2023-11-14 22:42:30.000000 PPS0     6 N 1 -1.127278e-08  2.965013e-09  1.000e-06
2023-11-14 22:42:31.000000 PPS0     7 N 1  1.943911e-07 -2.047660e-07  1.000e-06
2023-11-14 22:42:32.000000 PPS0     8 N 1  2.014929e-07 -2.038344e-07  1.000e-06
2023-11-14 22:42:33.000000 PPS0     9 N 1  3.305969e-07 -3.301427e-07  1.000e-06
2023-11-14 22:42:34.000000 PPS0    10 N 1 -4.159217e-08  4.230367e-08  1.000e-06
2023-11-14 22:42:35.000000 PPS0    11 N 1 -7.805477e-08  7.527422e-08  1.000e-06
2023-11-14 22:42:36.000000 PPS0    12 N 1  1.105420e-07 -1.101889e-07  1.000e-06
2023-11-14 22:42:37.000000 PPS0    13 N 1 -1.353950e-07  1.334498e-07  1.000e-06
2023-11-14 22:42:38.000000 PPS0    14 N 1  3.167646e-07 -3.232738e-07  1.000e-06
2023-11-14 22:42:39.000000 PPS0    15 N 1  1.313760e-07 -1.186599e-07  1.000e-06
2023-11-14 22:42:40.000000 PPS0     0 N 1 -7.352792e-08  7.752568e-08  1.000e-06
2023-11-14 22:42:41.000000 PPS0     1 N 1  5.347096e-08 -5.809190e-08  1.000e-06
2023-11-14 22:42:42.000000 PPS0     2 N 1  1.656019e-07 -1.619914e-07  1.000e-06
2023-11-14 22:42:43.000000 PPS0     3 N 1  3.939265e-08 -4.307828e-08  1.000e-06
2023-11-14 22:42:44.000000 PPS0     4 N 1  1.903742e-07 -1.872897e-07  1.000e-06
2023-11-14 22:42:45.000000 PPS0     5 N 1  3.360125e-10 -4.630401e-09  1.000e-06
2023-11-14 22:42:46.000000 PPS0     6 N 1 -1.291456e-09 -1.079417e-09  1.000e-06
2023-11-14 22:42:47.000000 PPS0     7 N 1 -4.591816e-08  5.223212e-08  1.000e-06
2023-11-14 22:42:48.000000 PPS0     8 N 1  2.400563e-08 -1.675236e-08  1.000e-06
2023-11-14 22:42:49.000000 PPS0     9 N 1  2.180339e-07 -2.130184e-07  1.000e-06
2023-11-14 22:42:50.000000 PPS0    10 N 1  1.188926e-07 -1.191556e-07  1.000e-06
2023-11-14 22:42:51.000000 PPS0    11 N 1  3.126606e-08 -2.112883e-08  1.000e-06
2023-11-14 22:42:52.000000 PPS0    12 N 1  2.095112e-07 -2.111519e-07  1.000e-06
2023-11-14 22:42:53.000000 PPS0    13 N 1  1.481727e-07 -1.506851e-07  1.000e-06
2023-11-14 22:42:54.000000 PPS0    14 N 1  3.771806e-08 -4.248758e-08  1.000e-06
2023-11-14 22:42:55.000000 PPS0    15 N 1 -1.008560e-07  9.570236e-08  1.000e-06
2023-11-14 22:42:56.000000 PPS0     0 N 1  9.249356e-08 -8.663179e-08  1.000e-06
2023-11-14 22:42:57.000000 PPS0     1 N 1  3.890627e-08 -3.691577e-08  1.000e-06
2023-11-14 22:42:58.000000 PPS0     2 N 1 -1.800455e-09 -7.025944e-10  1.000e-06
2023-11-14 22:42:59.000000 PPS0     3 N 1  8.133660e-08 -8.711960e-08  1.000e-06
2023-11-14 22:43:00.000000 PPS0     4 N 1  1.966014e-07 -1.926146e-07  1.000e-06
2023-11-14 22:43:01.000000 PPS0     5 N 1  9.242260e-08 -9.229153e-08  1.000e-06
2023-11-14 22:43:02.000000 PPS0     6 N 1 -4.366633e-08  5.178985e-08  1.000e-06
2023-11-14 22:43:03.000000 PPS0     7 N 1  5.019048e-09 -7.846398e-09  1.000e-06
2023-11-14 22:43:04.000000 PPS0     8 N 1 -1.141981e-07  1.106829e-07  1.000e-06
2023-11-14 22:43:05.000000 PPS0     9 N 1  5.726928e-09 -7.430015e-09  1.000e-06
2023-11-14 22:43:06.000000 PPS0    10 N 1  1.337974e-07 -1.359511e-07  1.000e-06
2023-11-14 22:43:07.000000 PPS0    11 N 1 -8.785849e-08  9.057973e-08  1.000e-06
2023-11-14 22:43:08.000000 PPS0    12 N 1 -7.897371e-08  8.805438e-08  1.000e-06
2023-11-14 22:43:09.000000 PPS0    13 N 1 -1.600104e-07  1.593619e-07  1.000e-06
2023-11-14 22:43:10.000000 PPS0    14 N 1 -8.716412e-08  8.885043e-08  1.000e-06
2023-11-14 22:43:11.000000 PPS0    15 N 1  2.350009e-07 -2.372439e-07  1.000e-06
2023-11-14 22:43:12.000000 PPS0     0 N 1 -2.051421e-07  2.067037e-07  1.000e-06
2023-11-14 22:43:13.000000 PPS0     1 N 1  4.322973e-08 -3.991946e-08  1.000e-06
2023-11-14 22:43:14.000000 PPS0     2 N 1 -9.077850e-08  8.761066e-08  1.000e-06
2023-11-14 22:43:15.000000 PPS0     3 N 1 -8.274079e-08  8.002251e-08  1.000e-06
2023-11-14 22:43:16.000000 PPS0     4 N 1  1.738527e-08 -1.045559e-08  1.000e-06
2023-11-14 22:43:17.000000 PPS0     5 N 1  9.814856e-08 -9.995728e-08  1.000e-06
2023-11-14 22:43:18.000000 PPS0     6 N 1 -1.869878e-07  1.942656e-07  1.000e-06
2023-11-14 22:43:19.000000 PPS0     7 N 1  1.297041e-07 -1.226263e-07  1.000e-06
2023-11-14 22:43:20.000000 PPS0     8 N 1 -3.866130e-07  3.986430e-07  1.000e-06
2023-11-14 22:43:21.000000 PPS0     9 N 1 -1.171296e-07  1.116531e-07  1.000e-06
2023-11-14 22:43:22.000000 PPS0    10 N 1 -7.878830e-08  7.611572e-08  1.000e-06
2023-11-14 22:43:23.000000 PPS0    11 N 1  2.347089e-07 -2.462163e-07  1.000e-06
2023-11-14 22:43:24.000000 PPS0    12 N 1  1.177534e-07 -1.111264e-07  1.000e-06
2023-11-14 22:43:25.000000 PPS0    13 N 1  1.997300e-07 -1.962610e-07  1.000e-06
2023-11-14 22:43:26.000000 PPS0    14 N 1  1.726289e-07 -1.744773e-07  1.000e-06
2023-11-14 22:43:27.000000 PPS0    15 N 1 -8.004596e-08  7.683453e-08  1.000e-06
2023-11-14 22:43:28.000000 PPS0     0 N 1 -2.402682e-07  2.451943e-07  1.000e-06
2023-11-14 22:43:29.000000 PPS0     1 N 1  1.872167e-08 -1.687622e-08  1.000e-06
2023-11-14 22:43:30.000000 PPS0     2 N 1  2.524234e-07 -2.454218e-07  1.000e-06
2023-11-14 22:43:31.000000 PPS0     3 N 1  1.115701e-07 -1.155930e-07  1.000e-06
2023-11-14 22:43:32.000000 PPS0     4 N 1 -2.419971e-07  2.464542e-07  1.000e-06
2023-11-14 22:43:33.000000 PPS0     5 N 1 -2.281244e-07  2.266867e-07  1.000e-06
2023-11-14 22:43:34.000000 PPS0     6 N 1  4.179352e-09 -7.949132e-09  1.000e-06
2023-11-14 22:43:35.000000 PPS0     7 N 1  4.051899e-08 -3.591438e-08  1.000e-06
2023-11-14 22:43:36.000000 PPS0     8 N 1  2.422635e-07 -2.445101e-07  1.000e-06
2023-11-14 22:43:37.000000 PPS0     9 N 1 -1.836443e-07  1.825151e-07  1.000e-06
2023-11-14 22:43:38.000000 PPS0    10 N 1 -1.407604e-07  1.356973e-07  1.000e-06
2023-11-14 22:43:39.000000 PPS0    11 N 1  5.709938e-08 -5.167479e-08  1.000e-06
2023-11-14 22:43:40.000000 PPS0    12 N 1  4.282347e-08 -4.156555e-08  1.000e-06
2023-11-14 22:43:41.000000 PPS0    13 N 1  1.919486e-07 -1.888298e-07  1.000e-06
2023-11-14 22:43:42.000000 PPS0    14 N 1 -1.554914e-07  1.524812e-07  1.000e-06
2023-11-14 22:43:43.000000 PPS0    15 N 1 -4.384256e-08  5.100909e-08  1.000e-06
2023-11-14 22:43:44.000000 PPS0     0 N 1 -1.832207e-07  1.821198e-07  1.000e-06
2023-11-14 22:43:45.000000 PPS0     1 N 1 -4.020430e-07  3.991957e-07  1.000e-06
2023-11-14 22:43:46.000000 PPS0     2 N 1 -1.256901e-07  1.204049e-07  1.000e-06
2023-11-14 22:43:47.000000 PPS0     3 N 1  1.069302e-07 -1.115625e-07  1.000e-06
2023-11-14 22:43:48.000000 PPS0     4 N 1  2.144143e-07 -2.139059e-07  1.000e-06
2023-11-14 22:43:49.000000 PPS0     5 N 1 -3.135920e-08  2.567488e-08  1.000e-06
2023-11-14 22:43:50.000000 PPS0     6 N 1  2.679377e-07 -2.675989e-07  1.000e-06
2023-11-14 22:43:51.000000 PPS0     7 N 1  2.794376e-07 -2.672014e-07  1.000e-06
2023-11-14 22:43:52.000000 PPS0     8 N 1  1.655949e-08 -1.285922e-08  1.000e-06
2023-11-14 22:43:53.000000 PPS0     9 N 1  2.243868e-07 -2.242272e-07  1.000e-06
2023-11-14 22:43:54.000000 PPS0    10 N 1 -2.274043e-07  2.325667e-07  1.000e-06
2023-11-14 22:43:55.000000 PPS0    11 N 1 -6.307158e-08  5.726661e-08  1.000e-06
2023-11-14 22:43:56.000000 PPS0    12 N 1 -7.487225e-08  8.200077e-08  1.000e-06
2023-11-14 22:43:57.000000 PPS0    13 N 1 -1.336904e-07  1.308402e-07  1.000e-06
2023-11-14 22:43:58.000000 PPS0    14 N 1 -1.469965e-07  1.531780e-07  1.000e-06
2023-11-14 22:43:59.000000 PPS0    15 N 1  1.256671e-07 -1.172687e-07  1.000e-06
2023-11-14 22:44:00.000000 PPS0     0 N 1  1.686990e-07 -1.657888e-07  1.000e-06
2023-11-14 22:44:01.000000 PPS0     1 N 1  2.487666e-07 -2.430193e-07  1.000e-06
2023-11-14 22:44:02.000000 PPS0     2 N 1  6.939533e-08 -6.522055e-08  1.000e-06
2023-11-14 22:44:03.000000 PPS0     3 N 1  3.282894e-07 -3.243207e-07  1.000e-06
2023-11-14 22:44:04.000000 PPS0     4 N 1 -2.271435e-07  2.167790e-07  1.000e-06
2023-11-14 22:44:05.000000 PPS0     5 N 1 -1.188943e-07  1.247426e-07  1.000e-06
2023-11-14 22:44:06.000000 PPS0     6 N 1  1.007503e-07 -9.645552e-08  1.000e-06
2023-11-14 22:44:07.000000 PPS0     7 N 1  9.476317e-09 -9.971466e-09  1.000e-06
2023-11-14 22:44:08.000000 PPS0     8 N 1 -5.684559e-08  5.622853e-08  1.000e-06
2023-11-14 22:44:09.000000 PPS0     9 N 1  7.923372e-10 -1.615959e-09  1.000e-06
2023-11-14 22:44:10.000000 PPS0    10 N 1 -1.632279e-07  1.560001e-07  1.000e-06
2023-11-14 22:44:11.000000 PPS0    11 N 1  2.030688e-07 -2.024795e-07  1.000e-06
2023-11-14 22:44:12.000000 PPS0    12 N 1  6.838359e-08 -7.164603e-08  1.000e-06
2023-11-14 22:44:13.000000 PPS0    13 N 1  5.032366e-09 -2.901505e-09  1.000e-06
2023-11-14 22:44:14.000000 PPS0    14 N 1 -5.447900e-08  4.961396e-08  1.000e-06
2023-11-14 22:44:15.000000 PPS0    15 N 1  8.063603e-08 -7.804755e-08  1.000e-06
2023-11-14 22:44:16.000000 PPS0     0 N 1 -1.970315e-07  1.915853e-07  1.000e-06
2023-11-14 22:44:17.000000 PPS0     1 N 1  1.791167e-07 -1.843041e-07  1.000e-06
2023-11-14 22:44:18.000000 PPS0     2 N 1 -1.501125e-07  1.449490e-07  1.000e-06
2023-11-14 22:44:19.000000 PPS0     3 N 1  1.776707e-08 -1.918446e-08  1.000e-06
2023-11-14 22:44:20.000000 PPS0     4 N 1  1.078427e-07 -1.142178e-07  1.000e-06
2023-11-14 22:44:21.000000 PPS0     5 N 1 -1.116368e-07  1.110016e-07  1.000e-06
2023-11-14 22:44:22.000000 PPS0     6 N 1 -2.153723e-08  1.582277e-08  1.000e-06
2023-11-14 22:44:23.000000 PPS0     7 N 1 -7.008090e-08  6.528774e-08  1.000e-06
2023-11-14 22:44:24.000000 PPS0     8 N 1 -4.903177e-08  4.234396e-08  1.000e-06
2023-11-14 22:44:25.000000 PPS0     9 N 1  1.465375e-07 -1.484121e-07  1.000e-06
2023-11-14 22:44:26.000000 PPS0    10 N 1 -6.925088e-08  5.519360e-08  1.000e-06
2023-11-14 22:44:27.000000 PPS0    11 N 1 -1.242880e-07  1.254549e-07  1.000e-06
2023-11-14 22:44:28.000000 PPS0    12 N 1  1.218137e-07 -1.284174e-07  1.000e-06
2023-11-14 22:44:29.000000 PPS0    13 N 1  2.607288e-07 -2.499643e-07  1.000e-06
2023-11-14 22:44:30.000000 PPS0    14 N 1 -1.262235e-07  1.313685e-07  1.000e-06
2023-11-14 22:44:31.000000 PPS0    15 N 1 -1.535033e-07  1.550315e-07  1.000e-06
2023-11-14 22:44:32.000000 PPS0     0 N 1  5.054498e-08 -4.586152e-08  1.000e-06
2023-11-14 22:44:33.000000 PPS0     1 N 1  4.783190e-08 -4.936157e-08  1.000e-06
2023-11-14 22:44:34.000000 PPS0     2 N 1  1.828442e-08 -1.498195e-08  1.000e-06
2023-11-14 22:44:35.000000 PPS0     3 N 1 -7.048555e-08  7.395573e-08  1.000e-06
2023-11-14 22:44:36.000000 PPS0     4 N 1 -9.871514e-08  9.995843e-08  1.000e-06
2023-11-14 22:44:37.000000 PPS0     5 N 1  1.497362e-07 -1.527313e-07  1.000e-06
2023-11-14 22:44:38.000000 PPS0     6 N 1  5.210212e-08 -6.510550e-08  1.000e-06
2023-11-14 22:44:39.000000 PPS0     7 N 1 -8.067312e-08  9.121868e-08  1.000e-06
2023-11-14 22:44:40.000000 PPS0     8 N 1 -1.515156e-07  1.460117e-07  1.000e-06
2023-11-14 22:44:41.000000 PPS0     9 N 1  1.251714e-07 -1.273997e-07  1.000e-06
2023-11-14 22:44:42.000000 PPS0    10 N 1 -1.064957e-07  1.037057e-07  1.000e-06
2023-11-14 22:44:43.000000 PPS0    11 N 1  1.413633e-07 -1.434505e-07  1.000e-06
2023-11-14 22:44:44.000000 PPS0    12 N 1 -2.807548e-07  2.867083e-07  1.000e-06
2023-11-14 22:44:45.000000 PPS0    13 N 1  1.820307e-07 -1.789671e-07  1.000e-06
2023-11-14 22:44:46.000000 PPS0    14 N 1 -3.033133e-08  2.419588e-08  1.000e-06
2023-11-14 22:44:47.000000 PPS0    15 N 1  2.756171e-07 -2.865473e-07  1.000e-06
2023-11-14 22:44:48.000000 PPS0     0 N 1  1.771764e-07 -1.721212e-07  1.000e-06
2023-11-14 22:44:49.000000 PPS0     1 N 1  1.019940e-07 -9.948167e-08  1.000e-06
2023-11-14 22:44:50.000000 PPS0     2 N 1  1.434724e-07 -1.431711e-07  1.000e-06
2023-11-14 22:44:51.000000 PPS0     3 N 1  1.412743e-07 -1.375110e-07  1.000e-06
2023-11-14 22:44:52.000000 PPS0     4 N 1  1.464662e-08 -1.393154e-08  1.000e-06
2023-11-14 22:44:53.000000 PPS0     5 N 1  9.412249e-09 -1.963957e-09  1.000e-06
2023-11-14 22:44:54.000000 PPS0     6 N 1 -1.573053e-07  1.560950e-07  1.000e-06
2023-11-14 22:44:55.000000 PPS0     7 N 1  2.051892e-07 -2.091539e-07  1.000e-06
2023-11-14 22:44:56.000000 PPS0     8 N 1  4.599135e-08 -4.612247e-08  1.000e-06
2023-11-14 22:44:57.000000 PPS0     9 N 1 -2.402058e-07  2.409715e-07  1.000e-06
2023-11-14 22:44:58.000000 PPS0    10 N 1  1.270690e-07 -1.280633e-07  1.000e-06
2023-11-14 22:44:59.000000 PPS0    11 N 1  1.409122e-07 -1.383320e-07  1.000e-06
2023-11-14 22:45:00.000000 PPS0    12 N 1  4.604394e-08 -5.425407e-08  1.000e-06
2023-11-14 22:45:01.000000 PPS0    13 N 1  8.047525e-08 -7.884083e-08  1.000e-06
2023-11-14 22:45:02.000000 PPS0    14 N 1  1.028407e-07 -9.965497e-08  1.000e-06
2023-11-14 22:45:03.000000 PPS0    15 N 1 -1.432963e-07  1.404737e-07  1.000e-06
2023-11-14 22:45:04.000000 PPS0     0 N 1 -1.935662e-07  1.948669e-07  1.000e-06
2023-11-14 22:45:05.000000 PPS0     1 N 1 -1.256085e-07  1.322961e-07  1.000e-06
2023-11-14 22:45:06.000000 PPS0     2 N 1  1.336139e-07 -1.397207e-07  1.000e-06
2023-11-14 22:45:07.000000 PPS0     3 N 1  8.015051e-08 -8.311996e-08  1.000e-06
2023-11-14 22:45:08.000000 PPS0     4 N 1 -3.139915e-07  3.165124e-07  1.000e-06
2023-11-14 22:45:09.000000 PPS0     5 N 1 -2.105566e-07  2.081748e-07  1.000e-06
2023-11-14 22:45:10.000000 PPS0     6 N 1  8.388922e-08 -8.104446e-08  1.000e-06
2023-11-14 22:45:11.000000 PPS0     7 N 1  3.955830e-07 -3.929183e-07  1.000e-06
2023-11-14 22:45:12.000000 PPS0     8 N 1 -3.248939e-08  2.814107e-08  1.000e-06
2023-11-14 22:45:13.000000 PPS0     9 N 1 -3.390301e-07  3.362028e-07  1.000e-06
2023-11-14 22:45:14.000000 PPS0    10 N 1 -3.217204e-08  4.135519e-08  1.000e-06
2023-11-14 22:45:15.000000 PPS0    11 N 1 -6.999143e-08  6.162384e-08  1.000e-06
2023-11-14 22:45:16.000000 PPS0    12 N 1  1.853672e-08 -1.851862e-08  1.000e-06
2023-11-14 22:45:17.000000 PPS0    13 N 1  8.013263e-08 -7.993266e-08  1.000e-06
2023-11-14 22:45:18.000000 PPS0    14 N 1 -1.455322e-07  1.373662e-07  1.000e-06
2023-11-14 22:45:19.000000 PPS0    15 N 1 -7.982210e-08  7.828252e-08  1.000e-06
2023-11-14 22:45:20.000000 PPS0     0 N 1  3.955266e-09  2.394264e-09  1.000e-06
2023-11-14 22:45:21.000000 PPS0     1 N 1 -6.783708e-08  6.407229e-08  1.000e-06
2023-11-14 22:45:22.000000 PPS0     2 N 1 -4.386856e-07  4.418277e-07  1.000e-06
2023-11-14 22:45:23.000000 PPS0     3 N 1 -2.273942e-07  2.247682e-07  1.000e-06
2023-11-14 22:45:24.000000 PPS0     4 N 1 -1.735469e-07  1.734554e-07  1.000e-06
2023-11-14 22:45:25.000000 PPS0     5 N 1 -8.264076e-08  8.036315e-08  1.000e-06
2023-11-14 22:45:26.000000 PPS0     6 N 1 -1.561984e-07  1.593337e-07  1.000e-06
2023-11-14 22:45:27.000000 PPS0     7 N 1 -2.178703e-07  2.148510e-07  1.000e-06
2023-11-14 22:45:28.000000 PPS0     8 N 1  1.528669e-07 -1.591418e-07  1.000e-06
2023-11-14 22:45:29.000000 PPS0     9 N 1  2.958845e-07 -2.982963e-07  1.000e-06
2023-11-14 22:45:30.000000 PPS0    10 N 1  1.810220e-07 -1.720069e-07  1.000e-06
2023-11-14 22:45:31.000000 PPS0    11 N 1 -4.179614e-08  4.338059e-08  1.000e-06
2023-11-14 22:45:32.000000 PPS0    12 N 1  1.951656e-07 -1.923485e-07  1.000e-06
2023-11-14 22:45:33.000000 PPS0    13 N 1  3.754841e-07 -3.709488e-07  1.000e-06
2023-11-14 22:45:34.000000 PPS0    14 N 1 -4.700857e-08  5.291569e-08  1.000e-06
2023-11-14 22:45:35.000000 PPS0    15 N 1  6.027898e-09  3.690795e-09  1.000e-06
2023-11-14 22:45:36.000000 PPS0     0 N 1 -2.366706e-07  2.454054e-07  1.000e-06
2023-11-14 22:45:37.000000 PPS0     1 N 1  3.056467e-07 -2.971799e-07  1.000e-06
2023-11-14 22:45:38.000000 PPS0     2 N 1 -3.827184e-09 -6.731153e-09  1.000e-06
2023-11-14 22:45:39.000000 PPS0     3 N 1 -1.467355e-07  1.467481e-07  1.000e-06
2023-11-14 22:45:40.000000 PPS0     4 N 1  2.064760e-07 -2.054149e-07  1.000e-06
2023-11-14 22:45:41.000000 PPS0     5 N 1 -1.092440e-07  1.109982e-07  1.000e-06
2023-11-14 22:45:42.000000 PPS0     6 N 1  1.984216e-07 -2.004049e-07  1.000e-06
2023-11-14 22:45:43.000000 PPS0     7 N 1 -2.576090e-09  4.079864e-09  1.000e-06
2023-11-14 22:45:44.000000 PPS0     8 N 1  5.997414e-08 -5.530756e-08  1.000e-06
2023-11-14 22:45:45.000000 PPS0     9 N 1  1.687567e-07 -1.766491e-07  1.000e-06
2023-11-14 22:45:46.000000 PPS0    10 N 1  6.491984e-08 -6.532886e-08  1.000e-06
2023-11-14 22:45:47.000000 PPS0    11 N 1 -1.538718e-07  1.551617e-07  1.000e-06
2023-11-14 22:45:48.000000 PPS0    12 N 1 -1.198335e-08  1.082293e-08  1.000e-06
2023-11-14 22:45:49.000000 PPS0    13 N 1  6.321209e-08 -6.463607e-08  1.000e-06
2023-11-14 22:45:50.000000 PPS0    14 N 1  2.454812e-08 -2.396976e-08  1.000e-06
2023-11-14 22:45:51.000000 PPS0    15 N 1 -1.320675e-08  1.300052e-08  1.000e-06
2023-11-14 22:45:52.000000 PPS0     0 N 1 -7.546269e-08  8.190725e-08  1.000e-06
2023-11-14 22:45:53.000000 PPS0     1 N 1  7.315597e-08 -7.140266e-08  1.000e-06
2023-11-14 22:45:54.000000 PPS0     2 N 1  1.041792e-07 -1.073774e-07  1.000e-06
2023-11-14 22:45:55.000000 PPS0     3 N 1  1.977728e-07 -2.060768e-07  1.000e-06
2023-11-14 22:45:56.000000 PPS0     4 N 1 -7.568544e-08  6.710419e-08  1.000e-06
2023-11-14 22:45:57.000000 PPS0     5 N 1 -1.121587e-07  1.138521e-07  1.000e-06
2023-11-14 22:45:58.000000 PPS0     6 N 1 -2.027913e-08  3.028969e-08  1.000e-06
2023-11-14 22:45:59.000000 PPS0     7 N 1  8.231034e-09 -6.080400e-09  1.000e-06
2023-11-14 22:46:00.000000 PPS0     8 N 1 -3.899701e-08  3.373141e-08  1.000e-06
2023-11-14 22:46:01.000000 PPS0     9 N 1  9.023003e-08 -8.320292e-08  1.000e-06
2023-11-14 22:46:02.000000 PPS0    10 N 1 -2.079114e-07  1.980377e-07  1.000e-06
2023-11-14 22:46:03.000000 PPS0    11 N 1 -2.956531e-07  2.938461e-07  1.000e-06
2023-11-14 22:46:04.000000 PPS0    12 N 1  1.047998e-08 -7.235240e-09  1.000e-06
2023-11-14 22:46:05.000000 PPS0    13 N 1 -3.760181e-07  3.678801e-07  1.000e-06
2023-11-14 22:46:06.000000 PPS0    14 N 1 -1.160392e-08  1.359773e-08  1.000e-06
2023-11-14 22:46:07.000000 PPS0    15 N 1 -9.412310e-08  9.094113e-08  1.000e-06
2023-11-14 22:46:08.000000 PPS0     0 N 1  3.867144e-08 -4.232258e-08  1.000e-06
2023-11-14 22:46:09.000000 PPS0     1 N 1 -2.906559e-07  2.974323e-07  1.000e-06
2023-11-14 22:46:10.000000 PPS0     2 N 1  1.058768e-07 -1.078040e-07  1.000e-06
2023-11-14 22:46:11.000000 PPS0     3 N 1 -4.907500e-08  4.476785e-08  1.000e-06
2023-11-14 22:46:12.000000 PPS0     4 N 1  2.141219e-07 -2.117413e-07  1.000e-06
2023-11-14 22:46:13.000000 PPS0     5 N 1  1.200626e-07 -1.212597e-07  1.000e-06
2023-11-14 22:46:14.000000 PPS0     6 N 1 -1.893983e-07  2.006944e-07  1.000e-06
2023-11-14 22:46:15.000000 PPS0     7 N 1  3.283688e-08 -2.756279e-08  1.000e-06
2023-11-14 22:46:16.000000 PPS0     8 N 1  1.800005e-07 -1.702739e-07  1.000e-06
2023-11-14 22:46:17.000000 PPS0     9 N 1  5.253378e-08 -6.004826e-08  1.000e-06
2023-11-14 22:46:18.000000 PPS0    10 N 1  5.730287e-08 -5.987908e-08  1.000e-06
2023-11-14 22:46:19.000000 PPS0    11 N 1 -6.394168e-08  6.943935e-08  1.000e-06
2023-11-14 22:46:20.000000 PPS0    12 N 1  1.512655e-08 -1.642869e-08  1.000e-06
2023-11-14 22:46:21.000000 PPS0    13 N 1 -4.534839e-08  4.793383e-08  1.000e-06
2023-11-14 22:46:22.000000 PPS0    14 N 1  1.827215e-07 -1.760128e-07  1.000e-06
2023-11-14 22:46:23.000000 PPS0    15 N 1 -2.398212e-07  2.426689e-07  1.000e-06
2023-11-14 22:46:24.000000 PPS0     0 N 1  2.240338e-08 -1.855983e-08  1.000e-06
2023-11-14 22:46:25.000000 PPS0     1 N 1  8.262721e-08 -7.924313e-08  1.000e-06
2023-11-14 22:46:26.000000 PPS0     2 N 1  1.257184e-07 -1.243632e-07  1.000e-06
2023-11-14 22:46:27.000000 PPS0     3 N 1  1.541714e-07 -1.441014e-07  1.000e-06
2023-11-14 22:46:28.000000 PPS0     4 N 1 -8.169830e-08  7.610404e-08  1.000e-06
2023-11-14 22:46:29.000000 PPS0     5 N 1 -7.404652e-08  7.424514e-08  1.000e-06
2023-11-14 22:46:30.000000 PPS0     6 N 1 -6.873876e-08  6.458837e-08  1.000e-06
2023-11-14 22:46:31.000000 PPS0     7 N 1 -1.216030e-07  1.254766e-07  1.000e-06
2023-11-14 22:46:32.000000 PPS0     8 N 1  1.127723e-07 -1.169049e-07  1.000e-06
2023-11-14 22:46:33.000000 PPS0     9 N 1 -5.667561e-08  4.976149e-08  1.000e-06
2023-11-14 22:46:34.000000 PPS0    10 N 1 -1.381628e-07  1.390881e-07  1.000e-06
2023-11-14 22:46:35.000000 PPS0    11 N 1 -9.449229e-08  9.409910e-08  1.000e-06
2023-11-14 22:46:36.000000 PPS0    12 N 1 -2.407470e-07  2.397725e-07  1.000e-06
2023-11-14 22:46:37.000000 PPS0    13 N 1 -2.846967e-07  2.846974e-07  1.000e-06
2023-11-14 22:46:38.000000 PPS0    14 N 1 -4.479830e-08  4.037149e-08  1.000e-06
2023-11-14 22:46:39.000000 PPS0    15 N 1 -6.883053e-08  7.003642e-08  1.000e-06
2023-11-14 22:46:40.000000 PPS0     0 N 1  2.953901e-08 -1.903666e-08  1.000e-06
2023-11-14 22:46:41.000000 PPS0     1 N 1  2.064421e-07 -2.083861e-07  1.000e-06
2023-11-14 22:46:42.000000 PPS0     2 N 1  2.435832e-07 -2.424569e-07  1.000e-06
2023-11-14 22:46:43.000000 PPS0     3 N 1  3.460127e-07 -3.437858e-07  1.000e-06
2023-11-14 22:46:44.000000 PPS0     4 N 1 -1.081943e-07  1.112672e-07  1.000e-06
2023-11-14 22:46:45.000000 PPS0     5 N 1 -2.324505e-08  3.074390e-08  1.000e-06
2023-11-14 22:46:46.000000 PPS0     6 N 1 -7.456812e-08  7.285534e-08  1.000e-06
2023-11-14 22:46:47.000000 PPS0     7 N 1 -3.828235e-07  3.816727e-07  1.000e-06
2023-11-14 22:46:48.000000 PPS0     8 N 1 -1.325208e-07  1.295123e-07  1.000e-06
2023-11-14 22:46:49.000000 PPS0     9 N 1  1.314630e-07 -1.271757e-07  1.000e-06
2023-11-14 22:46:50.000000 PPS0    10 N 1 -2.809560e-08  2.751483e-08  1.000e-06
2023-11-14 22:46:51.000000 PPS0    11 N 1 -1.586451e-07  1.536396e-07  1.000e-06
2023-11-14 22:46:52.000000 PPS0    12 N 1  4.632545e-08 -4.481343e-08  1.000e-06
2023-11-14 22:46:53.000000 PPS0    13 N 1 -1.997735e-07  1.995500e-07  1.000e-06
2023-11-14 22:46:54.000000 PPS0    14 N 1 -8.736904e-08  8.722252e-08  1.000e-06
2023-11-14 22:46:55.000000 PPS0    15 N 1  2.040709e-07 -2.076772e-07  1.000e-06
2023-11-14 22:46:56.000000 PPS0     0 N 1  1.631298e-07 -1.579204e-07  1.000e-06
2023-11-14 22:46:57.000000 PPS0     1 N 1 -3.180780e-08  3.652168e-08  1.000e-06
2023-11-14 22:46:58.000000 PPS0     2 N 1  2.685431e-08 -2.784092e-08  1.000e-06
2023-11-14 22:46:59.000000 PPS0     3 N 1 -3.102578e-07  3.037364e-07  1.000e-06
2023-11-14 22:47:00.000000 PPS0     4 N 1 -1.918650e-07  1.900474e-07  1.000e-06
2023-11-14 22:47:01.000000 PPS0     5 N 1 -5.307147e-08  6.002202e-08  1.000e-06
2023-11-14 22:47:02.000000 PPS0     6 N 1 -2.984383e-08  3.897107e-08  1.000e-06
2023-11-14 22:47:03.000000 PPS0     7 N 1  1.472528e-07 -1.413394e-07  1.000e-06
2023-11-14 22:47:04.000000 PPS0     8 N 1 -4.272148e-08  4.371185e-08  1.000e-06
2023-11-14 22:47:05.000000 PPS0     9 N 1  7.584134e-08 -7.674944e-08  1.000e-06
2023-11-14 22:47:06.000000 PPS0    10 N 1 -1.368242e-08  5.971472e-09  1.000e-06
2023-11-14 22:47:07.000000 PPS0    11 N 1  6.414659e-08 -6.149247e-08  1.000e-06
2023-11-14 22:47:08.000000 PPS0    12 N 1 -9.209560e-08  9.994010e-08  1.000e-06
2023-11-14 22:47:09.000000 PPS0    13 N 1  2.198179e-07 -2.166936e-07  1.000e-06
2023-11-14 22:47:10.000000 PPS0    14 N 1 -1.246529e-07  1.278567e-07  1.000e-06
2023-11-14 22:47:11.000000 PPS0    15 N 1  1.894712e-08 -1.362218e-08  1.000e-06
2023-11-14 22:47:12.000000 PPS0     0 N 1 -8.601825e-08  8.955871e-08  1.000e-06
2023-11-14 22:47:13.000000 PPS0     1 N 1  8.053151e-08 -7.718745e-08  1.000e-06
2023-11-14 22:47:14.000000 PPS0     2 N 1  3.552965e-08 -3.477610e-08  1.000e-06
2023-11-14 22:47:15.000000 PPS0     3 N 1 -1.009613e-07  9.610086e-08  1.000e-06
2023-11-14 22:47:16.000000 PPS0     4 N 1 -3.555224e-07  3.456456e-07  1.000e-06
2023-11-14 22:47:17.000000 PPS0     5 N 1 -1.519991e-07  1.498068e-07  1.000e-06
2023-11-14 22:47:18.000000 PPS0     6 N 1  1.493311e-07 -1.461603e-07  1.000e-06
2023-11-14 22:47:19.000000 PPS0     7 N 1 -1.572362e-07  1.552852e-07  1.000e-06
2023-11-14 22:47:20.000000 PPS0     8 N 1 -1.487952e-07  1.450730e-07  1.000e-06
2023-11-14 22:47:21.000000 PPS0     9 N 1  2.494771e-07 -2.530614e-07  1.000e-06
2023-11-14 22:47:22.000000 PPS0    10 N 1  1.333934e-08 -1.457246e-08  1.000e-06
2023-11-14 22:47:23.000000 PPS0    11 N 1 -2.220717e-07  2.212539e-07  1.000e-06
2023-11-14 22:47:24.000000 PPS0    12 N 1 -2.908459e-07  2.899282e-07  1.000e-06
2023-11-14 22:47:25.000000 PPS0    13 N 1  7.544627e-08 -8.053313e-08  1.000e-06
2023-11-14 22:47:26.000000 PPS0    14 N 1  1.058906e-07 -1.094625e-07  1.000e-06
2023-11-14 22:47:27.000000 PPS0    15 N 1 -1.322712e-07  1.317399e-07  1.000e-06
2023-11-14 22:47:28.000000 PPS0     0 N 1  1.200116e-07 -1.245199e-07  1.000e-06
2023-11-14 22:47:29.000000 PPS0     1 N 1  1.058689e-08 -1.565431e-08  1.000e-06
2023-11-14 22:47:30.000000 PPS0     2 N 1  6.128439e-08 -5.035806e-08  1.000e-06
2023-11-14 22:47:31.000000 PPS0     3 N 1 -3.272135e-07  3.257135e-07  1.000e-06
2023-11-14 22:47:32.000000 PPS0     4 N 1 -1.574460e-07  1.545748e-07  1.000e-06
2023-11-14 22:47:33.000000 PPS0     5 N 1 -3.191245e-07  3.190624e-07  1.000e-06
2023-11-14 22:47:34.000000 PPS0     6 N 1 -1.893937e-07  1.861549e-07  1.000e-06
2023-11-14 22:47:35.000000 PPS0     7 N 1 -5.247519e-09  3.286103e-09  1.000e-06
2023-11-14 22:47:36.000000 PPS0     8 N 1 -1.617634e-07  1.708042e-07  1.000e-06
2023-11-14 22:47:37.000000 PPS0     9 N 1 -3.662792e-08  3.507902e-08  1.000e-06
2023-11-14 22:47:38.000000 PPS0    10 N 1 -6.487821e-08  6.480453e-08  1.000e-06
2023-11-14 22:47:39.000000 PPS0    11 N 1 -8.653644e-08  8.908404e-08  1.000e-06
2023-11-14 22:47:40.000000 PPS0    12 N 1 -1.937000e-07  2.003553e-07  1.000e-06
2023-11-14 22:47:41.000000 PPS0    13 N 1 -4.537929e-08  5.101314e-08  1.000e-06
2023-11-14 22:47:42.000000 PPS0    14 N 1 -1.056369e-07  1.144160e-07  1.000e-06
2023-11-14 22:47:43.000000 PPS0    15 N 1  2.567833e-08 -2.491751e-08  1.000e-06
2023-11-14 22:47:44.000000 PPS0     0 N 1  1.944282e-07 -1.935840e-07  1.000e-06
2023-11-14 22:47:45.000000 PPS0     1 N 1  7.402656e-08 -7.516917e-08  1.000e-06
2023-11-14 22:47:46.000000 PPS0     2 N 1  3.784838e-07 -3.780649e-07  1.000e-06
2023-11-14 22:47:47.000000 PPS0     3 N 1 -1.173018e-07  1.191325e-07  1.000e-06
2023-11-14 22:47:48.000000 PPS0     4 N 1  1.109974e-07 -1.147176e-07  1.000e-06
2023-11-14 22:47:49.000000 PPS0     5 N 1  1.021462e-07 -1.037946e-07  1.000e-06
2023-11-14 22:47:50.000000 PPS0     6 N 1 -1.480243e-07  1.436396e-07  1.000e-06
2023-11-14 22:47:51.000000 PPS0     7 N 1  1.521460e-07 -1.584908e-07  1.000e-06
2023-11-14 22:47:52.000000 PPS0     8 N 1 -1.736112e-07  1.701024e-07  1.000e-06
2023-11-14 22:47:53.000000 PPS0     9 N 1 -8.502679e-08  8.616339e-08  1.000e-06
2023-11-14 22:47:54.000000 PPS0    10 N 1 -1.673955e-07  1.637490e-07  1.000e-06
2023-11-14 22:47:55.000000 PPS0    11 N 1 -4.190959e-07  4.248177e-07  1.000e-06
2023-11-14 22:47:56.000000 PPS0    12 N 1 -8.392722e-09  1.331051e-08  1.000e-06
2023-11-14 22:47:57.000000 PPS0    13 N 1  4.808071e-09 -1.293836e-08  1.000e-06
2023-11-14 22:47:58.000000 PPS0    14 N 1  6.760904e-08 -6.007813e-08  1.000e-06
2023-11-14 22:47:59.000000 PPS0    15 N 1 -2.964076e-07  3.017173e-07  1.000e-06
2023-11-14 22:48:00.000000 PPS0     0 N 1 -1.769518e-07  1.742430e-07  1.000e-06
2023-11-14 22:48:01.000000 PPS0     1 N 1 -2.577974e-07  2.531023e-07  1.000e-06
2023-11-14 22:48:02.000000 PPS0     2 N 1 -5.984056e-08  6.245011e-08  1.000e-06
2023-11-14 22:48:03.000000 PPS0     3 N 1  1.021113e-08 -7.252123e-09  1.000e-06
2023-11-14 22:48:04.000000 PPS0     4 N 1 -1.222149e-07  1.247297e-07  1.000e-06
2023-11-14 22:48:05.000000 PPS0     5 N 1  3.389004e-08 -2.887202e-08  1.000e-06
2023-11-14 22:48:06.000000 PPS0     6 N 1  9.745014e-09 -1.983901e-09  1.000e-06
2023-11-14 22:48:07.000000 PPS0     7 N 1 -6.334104e-08  5.208455e-08  1.000e-06
2023-11-14 22:48:08.000000 PPS0     8 N 1  3.806700e-08 -3.573093e-08  1.000e-06
2023-11-14 22:48:09.000000 PPS0     9 N 1  7.134292e-08 -7.682666e-08  1.000e-06
2023-11-14 22:48:10.000000 PPS0    10 N 1  7.476009e-08 -7.280913e-08  1.000e-06
2023-11-14 22:48:11.000000 PPS0    11 N 1 -2.195220e-07  2.134424e-07  1.000e-06
2023-11-14 22:48:12.000000 PPS0    12 N 1  7.305972e-08 -6.215588e-08  1.000e-06
2023-11-14 22:48:13.000000 PPS0    13 N 1  3.972348e-08 -4.373113e-08  1.000e-06
2023-11-14 22:48:14.000000 PPS0    14 N 1 -1.030676e-08  5.679766e-09  1.000e-06
2023-11-14 22:48:15.000000 PPS0    15 N 1 -1.139412e-07  1.154969e-07  1.000e-06
2023-11-14 22:48:16.000000 PPS0     0 N 1 -1.083264e-07  1.141149e-07  1.000e-06
2023-11-14 22:48:17.000000 PPS0     1 N 1 -3.138845e-07  3.144728e-07  1.000e-06
2023-11-14 22:48:18.000000 PPS0     2 N 1  8.853754e-08 -8.788896e-08  1.000e-06
2023-11-14 22:48:19.000000 PPS0     3 N 1  7.999508e-08 -8.180776e-08  1.000e-06
2023-11-14 22:48:20.000000 PPS0     4 N 1  3.941494e-08 -4.501549e-08  1.000e-06
2023-11-14 22:48:21.000000 PPS0     5 N 1 -6.671514e-08  6.574290e-08  1.000e-06
2023-11-14 22:48:22.000000 PPS0     6 N 1  2.539383e-08 -2.835750e-08  1.000e-06
2023-11-14 22:48:23.000000 PPS0     7 N 1 -6.112249e-08  4.470120e-08  1.000e-06
2023-11-14 22:48:24.000000 PPS0     8 N 1 -1.360532e-07  1.391791e-07  1.000e-06
2023-11-14 22:48:25.000000 PPS0     9 N 1  1.105429e-07 -1.084241e-07  1.000e-06
2023-11-14 22:48:26.000000 PPS0    10 N 1 -6.963248e-08  7.911876e-08  1.000e-06
2023-11-14 22:48:27.000000 PPS0    11 N 1 -7.399795e-08  7.279275e-08  1.000e-06
2023-11-14 22:48:28.000000 PPS0    12 N 1 -3.489002e-08  3.432952e-08  1.000e-06
2023-11-14 22:48:29.000000 PPS0    13 N 1 -2.350568e-07  2.264568e-07  1.000e-06
2023-11-14 22:48:30.000000 PPS0    14 N 1 -2.381832e-07  2.394436e-07  1.000e-06
2023-11-14 22:48:31.000000 PPS0    15 N 1  9.033258e-09 -6.851891e-09  1.000e-06
2023-11-14 22:48:32.000000 PPS0     0 N 1 -1.648760e-07  1.622049e-07  1.000e-06
2023-11-14 22:48:33.000000 PPS0     1 N 1  4.744405e-08 -5.125077e-08  1.000e-06
2023-11-14 22:48:34.000000 PPS0     2 N 1 -1.529036e-07  1.598957e-07  1.000e-06
2023-11-14 22:48:35.000000 PPS0     3 N 1 -6.528927e-08  6.226386e-08  1.000e-06
2023-11-14 22:48:36.000000 PPS0     4 N 1 -1.832401e-07  1.889924e-07  1.000e-06
2023-11-14 22:48:37.000000 PPS0     5 N 1 -8.449714e-08  8.509660e-08  1.000e-06
2023-11-14 22:48:38.000000 PPS0     6 N 1 -5.626144e-08  4.612538e-08  1.000e-06
2023-11-14 22:48:39.000000 PPS0     7 N 1 -2.161802e-07  2.169918e-07  1.000e-06
2023-11-14 22:48:40.000000 PPS0     8 N 1 -9.737356e-08  9.901647e-08  1.000e-06
2023-11-14 22:48:41.000000 PPS0     9 N 1 -2.186026e-07  2.140413e-07  1.000e-06
2023-11-14 22:48:42.000000 PPS0    10 N 1 -1.968931e-08  2.786499e-08  1.000e-06
2023-11-14 22:48:43.000000 PPS0    11 N 1 -2.267825e-07  2.263942e-07  1.000e-06
2023-11-14 22:48:44.000000 PPS0    12 N 1 -2.194185e-07  2.112832e-07  1.000e-06
2023-11-14 22:48:45.000000 PPS0    13 N 1 -9.549532e-08  9.402294e-08  1.000e-06
2023-11-14 22:48:46.000000 PPS0    14 N 1 -4.585841e-07  4.551331e-07  1.000e-06
2023-11-14 22:48:47.000000 PPS0    15 N 1 -1.953535e-07  1.872137e-07  1.000e-06
2023-11-14 22:48:48.000000 PPS0     0 N 1 -2.239858e-07  2.320081e-07  1.000e-06
2023-11-14 22:48:49.000000 PPS0     1 N 1 -4.397163e-07  4.319112e-07  1.000e-06
2023-11-14 22:48:50.000000 PPS0     2 N 1  5.233740e-08 -5.193019e-08  1.000e-06
2023-11-14 22:48:51.000000 PPS0     3 N 1 -2.594529e-08  2.555296e-08  1.000e-06
2023-11-14 22:48:52.000000 PPS0     4 N 1 -9.080424e-08  8.726708e-08  1.000e-06
2023-11-14 22:48:53.000000 PPS0     5 N 1  7.888054e-08 -8.928470e-08  1.000e-06
2023-11-14 22:48:54.000000 PPS0     6 N 1 -4.957537e-08  3.834768e-08  1.000e-06
2023-11-14 22:48:55.000000 PPS0     7 N 1 -4.478654e-07  4.459733e-07  1.000e-06
2023-11-14 22:48:56.000000 PPS0     8 N 1  1.389985e-07 -1.370425e-07  1.000e-06
2023-11-14 22:48:57.000000 PPS0     9 N 1 -1.072515e-07  1.152804e-07  1.000e-06
2023-11-14 22:48:58.000000 PPS0    10 N 1 -1.146232e-07  1.102186e-07  1.000e-06
2023-11-14 22:48:59.000000 PPS0    11 N 1 -6.394724e-09 -1.364150e-09  1.000e-06
2023-11-14 22:49:00.000000 PPS0    12 N 1  2.280745e-07 -2.270915e-07  1.000e-06
2023-11-14 22:49:01.000000 PPS0    13 N 1 -1.224012e-07  1.185832e-07  1.000e-06
2023-11-14 22:49:02.000000 PPS0    14 N 1  7.657970e-09  3.462883e-10  1.000e-06
2023-11-14 22:49:03.000000 PPS0    15 N 1 -2.284516e-07  2.277220e-07  1.000e-06
2023-11-14 22:49:04.000000 PPS0     0 N 1 -9.557059e-08  8.938078e-08  1.000e-06
2023-11-14 22:49:05.000000 PPS0     1 N 1  5.316212e-08 -5.305832e-08  1.000e-06
2023-11-14 22:49:06.000000 PPS0     2 N 1 -2.031555e-07  2.058215e-07  1.000e-06
2023-11-14 22:49:07.000000 PPS0     3 N 1 -2.614783e-07  2.617540e-07  1.000e-06
2023-11-14 22:49:08.000000 PPS0     4 N 1 -9.872135e-08  9.267886e-08  1.000e-06
2023-11-14 22:49:09.000000 PPS0     5 N 1 -2.171852e-07  2.169993e-07  1.000e-06
2023-11-14 22:49:10.000000 PPS0     6 N 1 -4.074939e-07  4.062550e-07  1.000e-06
2023-11-14 22:49:11.000000 PPS0     7 N 1 -6.461941e-08  6.408656e-08  1.000e-06
2023-11-14 22:49:12.000000 PPS0     8 N 1 -1.192410e-07  1.113727e-07  1.000e-06
2023-11-14 22:49:13.000000 PPS0     9 N 1 -1.509976e-07  1.497960e-07  1.000e-06
2023-11-14 22:49:14.000000 PPS0    10 N 1 -1.146585e-08  1.163949e-08  1.000e-06
2023-11-14 22:49:15.000000 PPS0    11 N 1  4.993426e-08 -5.035284e-08  1.000e-06
2023-11-14 22:49:16.000000 PPS0    12 N 1 -5.706109e-08  6.006640e-08  1.000e-06
2023-11-14 22:49:17.000000 PPS0    13 N 1 -1.021602e-07  1.084913e-07  1.000e-06
2023-11-14 22:49:18.000000 PPS0    14 N 1 -3.622214e-07  3.549204e-07  1.000e-06
2023-11-14 22:49:19.000000 PPS0    15 N 1  6.026009e-08 -6.888767e-08  1.000e-06
2023-11-14 22:49:20.000000 PPS0     0 N 1 -2.086639e-07  2.049842e-07  1.000e-06
2023-11-14 22:49:21.000000 PPS0     1 N 1 -5.366751e-08  4.936494e-08  1.000e-06
2023-11-14 22:49:22.000000 PPS0     2 N 1 -2.166164e-07  2.274336e-07  1.000e-06
2023-11-14 22:49:23.000000 PPS0     3 N 1 -1.328102e-07  1.333724e-07  1.000e-06
2023-11-14 22:49:24.000000 PPS0     4 N 1  2.966859e-08 -2.820167e-08  1.000e-06
2023-11-14 22:49:25.000000 PPS0     5 N 1 -1.543623e-07  1.493112e-07  1.000e-06
2023-11-14 22:49:26.000000 PPS0     6 N 1 -1.667043e-07  1.689499e-07  1.000e-06
2023-11-14 22:49:27.000000 PPS0     7 N 1 -3.337667e-08  3.762795e-08  1.000e-06
2023-11-14 22:49:28.000000 PPS0     8 N 1  3.758611e-08 -2.606567e-08  1.000e-06
2023-11-14 22:49:29.000000 PPS0     9 N 1  1.346816e-07 -1.335413e-07  1.000e-06
2023-11-14 22:49:30.000000 PPS0    10 N 1 -3.952779e-08  4.090295e-08  1.000e-06
2023-11-14 22:49:31.000000 PPS0    11 N 1 -8.481578e-08  8.587945e-08  1.000e-06
2023-11-14 22:49:32.000000 PPS0    12 N 1 -4.822350e-08  4.565455e-08  1.000e-06
2023-11-14 22:49:33.000000 PPS0    13 N 1 -2.339518e-07  2.309078e-07  1.000e-06
2023-11-14 22:49:34.000000 PPS0    14 N 1  4.479138e-09  1.529666e-09  1.000e-06
2023-11-14 22:49:35.000000 PPS0    15 N 1 -4.237326e-08  4.226703e-08  1.000e-06
2023-11-14 22:49:36.000000 PPS0     0 N 1  1.907161e-08 -1.917620e-08  1.000e-06
2023-11-14 22:49:37.000000 PPS0     1 N 1 -4.784616e-08  5.328418e-08  1.000e-06
2023-11-14 22:49:38.000000 PPS0     2 N 1 -3.445374e-07  3.398286e-07  1.000e-06
2023-11-14 22:49:39.000000 PPS0     3 N 1  2.505788e-07 -2.506803e-07  1.000e-06
2023-11-14 22:49:40.000000 PPS0     4 N 1 -1.870405e-07  1.820566e-07  1.000e-06
2023-11-14 22:49:41.000000 PPS0     5 N 1 -1.415437e-07  1.364202e-07  1.000e-06
2023-11-14 22:49:42.000000 PPS0     6 N 1 -1.652011e-07  1.635426e-07  1.000e-06
2023-11-14 22:49:43.000000 PPS0     7 N 1  9.086746e-08 -9.332876e-08  1.000e-06
2023-11-14 22:49:44.000000 PPS0     8 N 1  8.275626e-09 -1.244522e-08  1.000e-06
2023-11-14 22:49:45.000000 PPS0     9 N 1  3.414183e-07 -3.475317e-07  1.000e-06
2023-11-14 22:49:46.000000 PPS0    10 N 1 -1.243924e-07  1.249312e-07  1.000e-06
2023-11-14 22:49:47.000000 PPS0    11 N 1 -1.184053e-07  1.225103e-07  1.000e-06
2023-11-14 22:49:48.000000 PPS0    12 N 1  9.644561e-09 -8.654847e-09  1.000e-06
2023-11-14 22:49:49.000000 PPS0    13 N 1  1.799686e-07 -1.824716e-07  1.000e-06
2023-11-14 22:49:50.000000 PPS0    14 N 1 -1.090931e-07  1.082005e-07  1.000e-06
2023-11-14 22:49:51.000000 PPS0    15 N 1 -8.204918e-08  8.402324e-08  1.000e-06
2023-11-14 22:49:52.000000 PPS0     0 N 1 -9.839638e-08  9.629472e-08  1.000e-06
2023-11-14 22:49:53.000000 PPS0     1 N 1 -1.775614e-07  1.762114e-07  1.000e-06
2023-11-14 22:49:54.000000 PPS0     2 N 1 -2.268540e-07  2.237285e-07  1.000e-06
2023-11-14 22:49:55.000000 PPS0     3 N 1 -2.749466e-07  2.637996e-07  1.000e-06
2023-11-14 22:49:56.000000 PPS0     4 N 1 -9.519402e-09  4.848988e-09  1.000e-06
2023-11-14 22:49:57.000000 PPS0     5 N 1  3.848569e-08 -4.329563e-08  1.000e-06
2023-11-14 22:49:58.000000 PPS0     6 N 1 -4.380170e-08  3.771994e-08  1.000e-06
2023-11-14 22:49:59.000000 PPS0     7 N 1  8.172929e-08 -8.591736e-08  1.000e-06
2023-11-14 22:50:00.000000 PPS0     8 N 1 -3.306476e-07  3.283280e-07  1.000e-06
2023-11-14 22:50:01.000000 PPS0     9 N 1 -2.574245e-07  2.712122e-07  1.000e-06
2023-11-14 22:50:02.000000 PPS0    10 N 1 -2.793756e-07  2.831131e-07  1.000e-06
2023-11-14 22:50:03.000000 PPS0    11 N 1 -4.669057e-07  4.704075e-07  1.000e-06
2023-11-14 22:50:04.000000 PPS0    12 N 1 -3.053755e-07  3.031949e-07  1.000e-06
2023-11-14 22:50:05.000000 PPS0    13 N 1 -2.644083e-07  2.669153e-07  1.000e-06
2023-11-14 22:50:06.000000 PPS0    14 N 1 -2.275029e-07  2.280353e-07  1.000e-06
2023-11-14 22:50:07.000000 PPS0    15 N 1 -3.632914e-08  3.933184e-08  1.000e-06
2023-11-14 22:50:08.000000 PPS0     0 N 1 -1.380351e-07  1.447379e-07  1.000e-06
2023-11-14 22:50:09.000000 PPS0     1 N 1  9.820992e-08 -1.014785e-07  1.000e-06
2023-11-14 22:50:10.000000 PPS0     2 N 1 -4.509221e-08  4.999880e-08  1.000e-06
2023-11-14 22:50:11.000000 PPS0     3 N 1  2.232220e-07 -2.266290e-07  1.000e-06
2023-11-14 22:50:12.000000 PPS0     4 N 1  2.095969e-08 -1.978580e-08  1.000e-06
2023-11-14 22:50:13.000000 PPS0     5 N 1 -2.289836e-07  2.295874e-07  1.000e-06
2023-11-14 22:50:14.000000 PPS0     6 N 1 -3.198359e-07  3.183869e-07  1.000e-06
2023-11-14 22:50:15.000000 PPS0     7 N 1  2.215212e-07 -2.173219e-07  1.000e-06
2023-11-14 22:50:16.000000 PPS0     8 N 1  9.050405e-08 -8.794587e-08  1.000e-06
2023-11-14 22:50:17.000000 PPS0     9 N 1 -1.436649e-07  1.384397e-07  1.000e-06
2023-11-14 22:50:18.000000 PPS0    10 N 1 -3.943731e-07  3.878746e-07  1.000e-06
2023-11-14 22:50:19.000000 PPS0    11 N 1  2.094330e-07 -2.124982e-07  1.000e-06
2023-11-14 22:50:20.000000 PPS0    12 N 1 -8.213782e-08  8.764117e-08  1.000e-06
2023-11-14 22:50:21.000000 PPS0    13 N 1 -2.916350e-07  2.937504e-07  1.000e-06
2023-11-14 22:50:22.000000 PPS0    14 N 1 -2.832705e-07  2.825513e-07  1.000e-06
2023-11-14 22:50:23.000000 PPS0    15 N 1 -3.081975e-07  3.172470e-07  1.000e-06
2023-11-14 22:50:24.000000 PPS0     0 N 1 -5.879648e-08  6.595461e-08  1.000e-06
2023-11-14 22:50:25.000000 PPS0     1 N 1 -2.553311e-07  2.570526e-07  1.000e-06
2023-11-14 22:50:26.000000 PPS0     2 N 1 -2.465531e-07  2.602368e-07  1.000e-06
2023-11-14 22:50:27.000000 PPS0     3 N 1 -1.664195e-07  1.678911e-07  1.000e-06
2023-11-14 22:50:28.000000 PPS0     4 N 1  2.095656e-08 -2.339490e-08  1.000e-06
2023-11-14 22:50:29.000000 PPS0     5 N 1  2.659921e-09 -3.647915e-09  1.000e-06
2023-11-14 22:50:30.000000 PPS0     6 N 1 -8.963664e-08  8.573755e-08  1.000e-06
2023-11-14 22:50:31.000000 PPS0     7 N 1  1.521494e-08 -8.257125e-09  1.000e-06
2023-11-14 22:50:32.000000 PPS0     8 N 1 -3.346610e-07  3.352135e-07  1.000e-06
2023-11-14 22:50:33.000000 PPS0     9 N 1 -1.638487e-07  1.650626e-07  1.000e-06
2023-11-14 22:50:34.000000 PPS0    10 N 1  1.581177e-08 -1.676036e-08  1.000e-06
2023-11-14 22:50:35.000000 PPS0    11 N 1 -1.199320e-07  1.201922e-07  1.000e-06
2023-11-14 22:50:36.000000 PPS0    12 N 1 -1.269625e-07  1.300272e-07  1.000e-06
2023-11-14 22:50:37.000000 PPS0    13 N 1 -2.808401e-07  2.803055e-07  1.000e-06
2023-11-14 22:50:38.000000 PPS0    14 N 1 -6.105080e-08  6.693600e-08  1.000e-06
2023-11-14 22:50:39.000000 PPS0    15 N 1  1.613606e-07 -1.601614e-07  1.000e-06
2023-11-14 22:50:40.000000 PPS0     0 N 1 -1.037666e-07  9.789677e-08  1.000e-06
2023-11-14 22:50:41.000000 PPS0     1 N 1 -2.558365e-07  2.574688e-07  1.000e-06
2023-11-14 22:50:42.000000 PPS0     2 N 1 -1.389869e-07  1.418102e-07  1.000e-06
2023-11-14 22:50:43.000000 PPS0     3 N 1 -4.880860e-07  4.850166e-07  1.000e-06
2023-11-14 22:50:44.000000 PPS0     4 N 1 -9.267950e-08  9.128816e-08  1.000e-06
2023-11-14 22:50:45.000000 PPS0     5 N 1 -1.744690e-07  1.696063e-07  1.000e-06
2023-11-14 22:50:46.000000 PPS0     6 N 1 -1.768395e-07  1.737986e-07  1.000e-06
2023-11-14 22:50:47.000000 PPS0     7 N 1 -2.098037e-07  2.099101e-07  1.000e-06
2023-11-14 22:50:48.000000 PPS0     8 N 1 -1.496477e-08  1.438021e-08  1.000e-06
2023-11-14 22:50:49.000000 PPS0     9 N 1 -2.820322e-07  2.889387e-07  1.000e-06
2023-11-14 22:50:50.000000 PPS0    10 N 1 -2.364385e-07  2.365664e-07  1.000e-06
2023-11-14 22:50:51.000000 PPS0    11 N 1 -6.752129e-08  6.714770e-08  1.000e-06
2023-11-14 22:50:52.000000 PPS0    12 N 1 -3.230722e-07  3.198825e-07  1.000e-06
2023-11-14 22:50:53.000000 PPS0    13 N 1 -3.500912e-07  3.573472e-07  1.000e-06
2023-11-14 22:50:54.000000 PPS0    14 N 1 -2.607285e-07  2.690396e-07  1.000e-06
2023-11-14 22:50:55.000000 PPS0    15 N 1 -1.299518e-08  1.667238e-08  1.000e-06
2023-11-14 22:50:56.000000 PPS0     0 N 1 -1.170503e-07  1.117079e-07  1.000e-06
2023-11-14 22:50:57.000000 PPS0     1 N 1 -1.776319e-07  1.766428e-07  1.000e-06
2023-11-14 22:50:58.000000 PPS0     2 N 1  2.106406e-07 -2.087944e-07  1.000e-06
2023-11-14 22:50:59.000000 PPS0     3 N 1 -2.844051e-07  2.832263e-07  1.000e-06
2023-11-14 22:51:00.000000 PPS0     4 N 1  1.229984e-07 -1.210757e-07  1.000e-06
2023-11-14 22:51:01.000000 PPS0     5 N 1 -5.515466e-08  5.351977e-08  1.000e-06
2023-11-14 22:51:02.000000 PPS0     6 N 1 -3.054868e-07  3.140366e-07  1.000e-06
2023-11-14 22:51:03.000000 PPS0     7 N 1  7.821769e-08 -8.571125e-08  1.000e-06
2023-11-14 22:51:04.000000 PPS0     8 N 1 -1.224850e-07  1.210013e-07  1.000e-06
2023-11-14 22:51:05.000000 PPS0     9 N 1  9.204114e-08 -9.229938e-08  1.000e-06
2023-11-14 22:51:06.000000 PPS0    10 N 1 -3.043203e-07  3.134663e-07  1.000e-06
2023-11-14 22:51:07.000000 PPS0    11 N 1 -9.282665e-08  9.508509e-08  1.000e-06
2023-11-14 22:51:08.000000 PPS0    12 N 1 -5.950241e-08  6.173732e-08  1.000e-06
2023-11-14 22:51:09.000000 PPS0    13 N 1 -3.095510e-07  2.989987e-07  1.000e-06
2023-11-14 22:51:10.000000 PPS0    14 N 1 -7.398019e-08  7.782660e-08  1.000e-06
2023-11-14 22:51:11.000000 PPS0    15 N 1 -8.650933e-08  9.503274e-08  1.000e-06
2023-11-14 22:51:12.000000 PPS0     0 N 1 -1.656857e-07  1.580291e-07  1.000e-06
2023-11-14 22:51:13.000000 PPS0     1 N 1  7.982194e-08 -7.521597e-08  1.000e-06
2023-11-14 22:51:14.000000 PPS0     2 N 1 -1.027513e-07  9.108692e-08  1.000e-06
2023-11-14 22:51:15.000000 PPS0     3 N 1  1.335629e-07 -1.364912e-07  1.000e-06
2023-11-14 22:51:16.000000 PPS0     4 N 1  1.025970e-08 -1.324957e-08  1.000e-06
2023-11-14 22:51:17.000000 PPS0     5 N 1  1.629179e-07 -1.606507e-07  1.000e-06
2023-11-14 22:51:18.000000 PPS0     6 N 1 -2.557240e-07  2.457689e-07  1.000e-06
2023-11-14 22:51:19.000000 PPS0     7 N 1  2.769423e-08 -3.518325e-08  1.000e-06
2023-11-14 22:51:20.000000 PPS0     8 N 1 -1.021185e-07  1.069777e-07  1.000e-06
2023-11-14 22:51:21.000000 PPS0     9 N 1 -3.065185e-07  3.112603e-07  1.000e-06
2023-11-14 22:51:22.000000 PPS0    10 N 1 -7.078191e-08  6.818429e-08  1.000e-06
2023-11-14 22:51:23.000000 PPS0    11 N 1 -1.302105e-07  1.332188e-07  1.000e-06
2023-11-14 22:51:24.000000 PPS0    12 N 1 -1.793638e-07  1.836686e-07  1.000e-06
2023-11-14 22:51:25.000000 PPS0    13 N 1 -1.589756e-07  1.594851e-07  1.000e-06
2023-11-14 22:51:26.000000 PPS0    14 N 1 -2.712659e-08  3.237900e-08  1.000e-06
2023-11-14 22:51:27.000000 PPS0    15 N 1 -8.656783e-08  8.957954e-08  1.000e-06
2023-11-14 22:51:28.000000 PPS0     0 N 1  2.471657e-07 -2.444190e-07  1.000e-06
2023-11-14 22:51:29.000000 PPS0     1 N 1 -3.925261e-07  4.001603e-07  1.000e-06
2023-11-14 22:51:30.000000 PPS0     2 N 1 -1.095167e-07  1.146620e-07  1.000e-06
2023-11-14 22:51:31.000000 PPS0     3 N 1 -1.132647e-07  1.149008e-07  1.000e-06
2023-11-14 22:51:32.000000 PPS0     4 N 1  6.402566e-08 -6.161138e-08  1.000e-06
2023-11-14 22:51:33.000000 PPS0     5 N 1 -2.354464e-07  2.420229e-07  1.000e-06
2023-11-14 22:51:34.000000 PPS0     6 N 1 -2.498472e-07  2.545091e-07  1.000e-06
2023-11-14 22:51:35.000000 PPS0     7 N 1 -1.793433e-08  1.763162e-08  1.000e-06
2023-11-14 22:51:36.000000 PPS0     8 N 1 -1.214598e-07  1.145114e-07  1.000e-06
2023-11-14 22:51:37.000000 PPS0     9 N 1 -2.158684e-07  2.318982e-07  1.000e-06
2023-11-14 22:51:38.000000 PPS0    10 N 1 -4.389930e-07  4.443107e-07  1.000e-06
2023-11-14 22:51:39.000000 PPS0    11 N 1 -2.720859e-07  2.700039e-07  1.000e-06
2023-11-14 22:51:40.000000 PPS0    12 N 1 -4.373431e-07  4.313201e-07  1.000e-06
2023-11-14 22:51:41.000000 PPS0    13 N 1 -1.612532e-07  1.640333e-07  1.000e-06
2023-11-14 22:51:42.000000 PPS0    14 N 1  4.954872e-08 -4.239227e-08  1.000e-06
2023-11-14 22:51:43.000000 PPS0    15 N 1 -1.340362e-07  1.296887e-07  1.000e-06
2023-11-14 22:51:44.000000 PPS0     0 N 1  4.107268e-08 -4.002578e-08  1.000e-06
2023-11-14 22:51:45.000000 PPS0     1 N 1 -3.165824e-07  3.264938e-07  1.000e-06
2023-11-14 22:51:46.000000 PPS0     2 N 1  2.489907e-08 -1.814268e-08  1.000e-06
2023-11-14 22:51:47.000000 PPS0     3 N 1 -1.198687e-07  1.165222e-07  1.000e-06
2023-11-14 22:51:48.000000 PPS0     4 N 1 -1.370384e-08  1.188087e-08  1.000e-06
2023-11-14 22:51:49.000000 PPS0     5 N 1  1.147887e-07 -1.165701e-07  1.000e-06
2023-11-14 22:51:50.000000 PPS0     6 N 1 -1.820297e-07  1.887563e-07  1.000e-06
2023-11-14 22:51:51.000000 PPS0     7 N 1  7.842722e-08 -7.633968e-08  1.000e-06
2023-11-14 22:51:52.000000 PPS0     8 N 1  4.500691e-08 -4.275411e-08  1.000e-06
2023-11-14 22:51:53.000000 PPS0     9 N 1 -2.299598e-07  2.360643e-07  1.000e-06
2023-11-14 22:51:54.000000 PPS0    10 N 1 -3.012249e-07  3.012296e-07  1.000e-06
2023-11-14 22:51:55.000000 PPS0    11 N 1 -1.761374e-07  1.732387e-07  1.000e-06
2023-11-14 22:51:56.000000 PPS0    12 N 1 -2.526555e-07  2.526428e-07  1.000e-06
2023-11-14 22:51:57.000000 PPS0    13 N 1 -2.059857e-07  2.049877e-07  1.000e-06
2023-11-14 22:51:58.000000 PPS0    14 N 1 -2.039226e-07  1.998820e-07  1.000e-06
2023-11-14 22:51:59.000000 PPS0    15 N 1 -1.967170e-07  1.992726e-07  1.000e-06
2023-11-14 22:52:00.000000 PPS0     0 N 1 -1.507976e-07  1.453502e-07  1.000e-06
2023-11-14 22:52:01.000000 PPS0     1 N 1 -1.969842e-07  1.907622e-07  1.000e-06
2023-11-14 22:52:02.000000 PPS0     2 N 1 -1.904844e-07  1.913383e-07  1.000e-06
2023-11-14 22:52:03.000000 PPS0     3 N 1 -1.927567e-07  1.921771e-07  1.000e-06
2023-11-14 22:52:04.000000 PPS0     4 N 1  3.286443e-08 -3.510091e-08  1.000e-06
2023-11-14 22:52:05.000000 PPS0     5 N 1 -7.782382e-08  7.378804e-08  1.000e-06
2023-11-14 22:52:06.000000 PPS0     6 N 1  8.876606e-08 -8.961918e-08  1.000e-06
2023-11-14 22:52:07.000000 PPS0     7 N 1 -1.323071e-07  1.280877e-07  1.000e-06
2023-11-14 22:52:08.000000 PPS0     8 N 1 -2.817422e-08  3.252611e-08  1.000e-06
2023-11-14 22:52:09.000000 PPS0     9 N 1  7.302035e-08 -7.547923e-08  1.000e-06
2023-11-14 22:52:10.000000 PPS0    10 N 1 -5.101563e-08  4.179015e-08  1.000e-06
2023-11-14 22:52:11.000000 PPS0    11 N 1 -3.455533e-07  3.516234e-07  1.000e-06
2023-11-14 22:52:12.000000 PPS0    12 N 1  5.124425e-08 -5.105605e-08  1.000e-06
2023-11-14 22:52:13.000000 PPS0    13 N 1 -1.159074e-07  1.279050e-07  1.000e-06
2023-11-14 22:52:14.000000 PPS0    14 N 1 -2.476498e-08  3.051629e-08  1.000e-06
2023-11-14 22:52:15.000000 PPS0    15 N 1 -4.180882e-08  4.188360e-08  1.000e-06
2023-11-14 22:52:16.000000 PPS0     0 N 1 -3.092252e-07  3.116511e-07  1.000e-06
2023-11-14 22:52:17.000000 PPS0     1 N 1 -1.229454e-07  1.235135e-07  1.000e-06
2023-11-14 22:52:18.000000 PPS0     2 N 1 -5.636393e-08  5.648847e-08  1.000e-06
2023-11-14 22:52:19.000000 PPS0     3 N 1  9.414690e-08 -9.994637e-08  1.000e-06
2023-11-14 22:52:20.000000 PPS0     4 N 1 -5.027071e-08  4.583750e-08  1.000e-06
2023-11-14 22:52:21.000000 PPS0     5 N 1 -1.726308e-07  1.666282e-07  1.000e-06
2023-11-14 22:52:22.000000 PPS0     6 N 1 -1.418504e-07  1.470605e-07  1.000e-06
2023-11-14 22:52:23.000000 PPS0     7 N 1 -5.390943e-08  5.333878e-08  1.000e-06
2023-11-14 22:52:24.000000 PPS0     8 N 1  1.167003e-07 -1.213095e-07  1.000e-06
2023-11-14 22:52:25.000000 PPS0     9 N 1  1.220010e-07 -1.231494e-07  1.000e-06
2023-11-14 22:52:26.000000 PPS0    10 N 1  5.527517e-08 -5.474218e-08  1.000e-06
2023-11-14 22:52:27.000000 PPS0    11 N 1 -1.877916e-07  1.962146e-07  1.000e-06
2023-11-14 22:52:28.000000 PPS0    12 N 1 -2.394526e-07  2.418508e-07  1.000e-06
2023-11-14 22:52:29.000000 PPS0    13 N 1 -1.656212e-08  2.235807e-08  1.000e-06
2023-11-14 22:52:30.000000 PPS0    14 N 1 -2.837808e-07  2.890454e-07  1.000e-06
2023-11-14 22:52:31.000000 PPS0    15 N 1 -3.242564e-07  3.256298e-07  1.000e-06
2023-11-14 22:52:32.000000 PPS0     0 N 1 -3.550283e-08  3.870498e-08  1.000e-06
2023-11-14 22:52:33.000000 PPS0     1 N 1 -1.111419e-07  1.116138e-07  1.000e-06
2023-11-14 22:52:34.000000 PPS0     2 N 1 -7.387356e-08  7.111228e-08  1.000e-06
2023-11-14 22:52:35.000000 PPS0     3 N 1  5.379558e-08 -4.809029e-08  1.000e-06
2023-11-14 22:52:36.000000 PPS0     4 N 1 -1.430492e-07  1.474813e-07  1.000e-06
2023-11-14 22:52:37.000000 PPS0     5 N 1 -1.752683e-07  1.780049e-07  1.000e-06
2023-11-14 22:52:38.000000 PPS0     6 N 1 -2.085773e-07  2.115303e-07  1.000e-06
2023-11-14 22:52:39.000000 PPS0     7 N 1 -3.774077e-08  3.699196e-08  1.000e-06
2023-11-14 22:52:40.000000 PPS0     8 N 1 -3.742264e-07  3.821727e-07  1.000e-06
2023-11-14 22:52:41.000000 PPS0     9 N 1 -2.439602e-09  6.231975e-09  1.000e-06
2023-11-14 22:52:42.000000 PPS0    10 N 1  7.308210e-09 -6.152160e-09  1.000e-06
2023-11-14 22:52:43.000000 PPS0    11 N 1 -1.850844e-08  2.130398e-08  1.000e-06
2023-11-14 22:52:44.000000 PPS0    12 N 1 -3.239500e-07  3.195571e-07  1.000e-06
2023-11-14 22:52:45.000000 PPS0    13 N 1 -3.748193e-07  3.702422e-07  1.000e-06
2023-11-14 22:52:46.000000 PPS0    14 N 1 -2.383931e-07  2.344478e-07  1.000e-06
2023-11-14 22:52:47.000000 PPS0    15 N 1 -4.908245e-07  4.898762e-07  1.000e-06
2023-11-14 22:52:48.000000 PPS0     0 N 1 -3.041837e-07  2.969221e-07  1.000e-06
2023-11-14 22:52:49.000000 PPS0     1 N 1 -1.103493e-07  1.156176e-07  1.000e-06
2023-11-14 22:52:50.000000 PPS0     2 N 1  4.094419e-08 -3.765945e-08  1.000e-06
2023-11-14 22:52:51.000000 PPS0     3 N 1 -1.303892e-08  2.529209e-08  1.000e-06
2023-11-14 22:52:52.000000 PPS0     4 N 1 -2.877482e-07  2.927973e-07  1.000e-06
2023-11-14 22:52:53.000000 PPS0     5 N 1 -2.261173e-07  2.291062e-07  1.000e-06
2023-11-14 22:52:54.000000 PPS0     6 N 1 -1.518913e-07  1.531441e-07  1.000e-06
2023-11-14 22:52:55.000000 PPS0     7 N 1 -1.642247e-07  1.622833e-07  1.000e-06
2023-11-14 22:52:56.000000 PPS0     8 N 1 -2.653213e-07  2.710717e-07  1.000e-06
2023-11-14 22:52:57.000000 PPS0     9 N 1 -8.385392e-09  1.239057e-08  1.000e-06
2023-11-14 22:52:58.000000 PPS0    10 N 1 -1.522748e-07  1.452871e-07  1.000e-06
2023-11-14 22:52:59.000000 PPS0    11 N 1 -1.531817e-07  1.587615e-07  1.000e-06
2023-11-14 22:53:00.000000 PPS0    12 N 1 -3.605206e-07  3.662009e-07  1.000e-06
2023-11-14 22:53:01.000000 PPS0    13 N 1 -4.346957e-08  4.377457e-08  1.000e-06
2023-11-14 22:53:02.000000 PPS0    14 N 1 -2.808209e-07  2.872624e-07  1.000e-06
2023-11-14 22:53:03.000000 PPS0    15 N 1 -3.622296e-07  3.607882e-07  1.000e-06
2023-11-14 22:53:04.000000 PPS0     0 N 1 -2.482720e-07  2.487444e-07  1.000e-06
2023-11-14 22:53:05.000000 PPS0     1 N 1 -9.367195e-08  9.451714e-08  1.000e-06
2023-11-14 22:53:06.000000 PPS0     2 N 1 -2.748460e-07  2.716390e-07  1.000e-06
2023-11-14 22:53:07.000000 PPS0     3 N 1 -1.179443e-07  1.200706e-07  1.000e-06
2023-11-14 22:53:08.000000 PPS0     4 N 1  1.834925e-07 -1.752919e-07  1.000e-06
2023-11-14 22:53:09.000000 PPS0     5 N 1 -1.435973e-07  1.453905e-07  1.000e-06
2023-11-14 22:53:10.000000 PPS0     6 N 1  5.893465e-09 -1.680786e-09  1.000e-06
2023-11-14 22:53:11.000000 PPS0     7 N 1 -1.420456e-07  1.470664e-07  1.000e-06
2023-11-14 22:53:12.000000 PPS0     8 N 1 -1.052477e-07  1.003597e-07  1.000e-06
2023-11-14 22:53:13.000000 PPS0     9 N 1 -4.995672e-07  4.904420e-07  1.000e-06
2023-11-14 22:53:14.000000 PPS0    10 N 1 -2.972875e-07  2.942910e-07  1.000e-06
2023-11-14 22:53:15.000000 PPS0    11 N 1 -1.935751e-07  1.987300e-07  1.000e-06
2023-11-14 22:53:16.000000 PPS0    12 N 1 -3.430520e-07  3.349723e-07  1.000e-06
2023-11-14 22:53:17.000000 PPS0    13 N 1 -1.137911e-07  1.128963e-07  1.000e-06
2023-11-14 22:53:18.000000 PPS0    14 N 1 -2.417921e-07  2.392584e-07  1.000e-06
2023-11-14 22:53:19.000000 PPS0    15 N 1 -5.707157e-07  5.652050e-07  1.000e-06
2023-11-14 22:53:20.000000 PPS0     0 N 1 -7.437325e-08  7.690468e-08  1.000e-06
2023-11-14 22:53:21.000000 PPS0     1 N 1  9.248203e-08 -8.703187e-08  1.000e-06
2023-11-14 22:53:22.000000 PPS0     2 N 1 -1.840501e-07  1.774747e-07  1.000e-06
2023-11-14 22:53:23.000000 PPS0     3 N 1 -2.048425e-07  2.089405e-07  1.000e-06
2023-11-14 22:53:24.000000 PPS0     4 N 1  4.529447e-08 -3.016401e-08  1.000e-06
2023-11-14 22:53:25.000000 PPS0     5 N 1  2.088508e-07 -2.029637e-07  1.000e-06
2023-11-14 22:53:26.000000 PPS0     6 N 1 -1.509261e-07  1.487154e-07  1.000e-06
2023-11-14 22:53:27.000000 PPS0     7 N 1 -2.023307e-07  1.924253e-07  1.000e-06
2023-11-14 22:53:28.000000 PPS0     8 N 1 -9.678304e-08  9.524686e-08  1.000e-06
2023-11-14 22:53:29.000000 PPS0     9 N 1 -2.707717e-07  2.705358e-07  1.000e-06
2023-11-14 22:53:30.000000 PPS0    10 N 1 -1.837707e-07  1.787077e-07  1.000e-06
2023-11-14 22:53:31.000000 PPS0    11 N 1 -6.074208e-08  6.279968e-08  1.000e-06
2023-11-14 22:53:32.000000 PPS0    12 N 1 -1.314254e-07  1.390902e-07  1.000e-06
2023-11-14 22:53:33.000000 PPS0    13 N 1  3.675128e-08 -3.605462e-08  1.000e-06
2023-11-14 22:53:34.000000 PPS0    14 N 1 -2.928281e-07  2.863948e-07  1.000e-06
2023-11-14 22:53:35.000000 PPS0    15 N 1 -8.241630e-08  8.234899e-08  1.000e-06
2023-11-14 22:53:36.000000 PPS0     0 N 1  5.160819e-08 -5.341909e-08  1.000e-06
2023-11-14 22:53:37.000000 PPS0     1 N 1 -5.341343e-08  5.154101e-08  1.000e-06
2023-11-14 22:53:38.000000 PPS0     2 N 1 -1.782505e-07  1.860740e-07  1.000e-06
2023-11-14 22:53:39.000000 PPS0     3 N 1 -1.833789e-07  1.816858e-07  1.000e-06
2023-11-14 22:53:40.000000 PPS0     4 N 1 -1.018188e-07  1.148299e-07  1.000e-06
2023-11-14 22:53:41.000000 PPS0     5 N 1 -3.103640e-07  3.137425e-07  1.000e-06
2023-11-14 22:53:42.000000 PPS0     6 N 1 -3.988804e-07  3.976722e-07  1.000e-06
2023-11-14 22:53:43.000000 PPS0     7 N 1 -9.445945e-08  9.719370e-08  1.000e-06
2023-11-14 22:53:44.000000 PPS0     8 N 1  5.578227e-08 -6.193607e-08  1.000e-06
2023-11-14 22:53:45.000000 PPS0     9 N 1 -3.071746e-07  3.066947e-07  1.000e-06
2023-11-14 22:53:46.000000 PPS0    10 N 1 -1.357133e-07  1.348181e-07  1.000e-06
2023-11-14 22:53:47.000000 PPS0    11 N 1 -2.052049e-07  2.018270e-07  1.000e-06
2023-11-14 22:53:48.000000 PPS0    12 N 1 -1.038826e-07  1.019873e-07  1.000e-06
2023-11-14 22:53:49.000000 PPS0    13 N 1 -2.311906e-07  2.374081e-07  1.000e-06
2023-11-14 22:53:50.000000 PPS0    14 N 1  1.183364e-08 -8.869444e-09  1.000e-06
2023-11-14 22:53:51.000000 PPS0    15 N 1 -6.697584e-08  7.132906e-08  1.000e-06
2023-11-14 22:53:52.000000 PPS0     0 N 1  1.658086e-07 -1.641146e-07  1.000e-06
2023-11-14 22:53:53.000000 PPS0     1 N 1 -1.830393e-07  1.829207e-07  1.000e-06
2023-11-14 22:53:54.000000 PPS0     2 N 1 -1.019434e-07  9.782618e-08  1.000e-06
2023-11-14 22:53:55.000000 PPS0     3 N 1 -1.655473e-07  1.604132e-07  1.000e-06
2023-11-14 22:53:56.000000 PPS0     4 N 1 -2.068655e-07  2.083219e-07  1.000e-06
2023-11-14 22:53:57.000000 PPS0     5 N 1 -1.512161e-07  1.443591e-07  1.000e-06
2023-11-14 22:53:58.000000 PPS0     6 N 1 -3.417868e-07  3.386104e-07  1.000e-06
2023-11-14 22:53:59.000000 PPS0     7 N 1 -1.420768e-07  1.352488e-07  1.000e-06
2023-11-14 22:54:00.000000 PPS0     8 N 1 -4.716782e-07  4.704099e-07  1.000e-06
2023-11-14 22:54:01.000000 PPS0     9 N 1 -6.361502e-08  6.962808e-08  1.000e-06
2023-11-14 22:54:02.000000 PPS0    10 N 1 -6.741995e-08  6.953433e-08  1.000e-06
2023-11-14 22:54:03.000000 PPS0    11 N 1 -1.242746e-07  1.295517e-07  1.000e-06
2023-11-14 22:54:04.000000 PPS0    12 N 1 -1.947427e-07  1.927633e-07  1.000e-06
2023-11-14 22:54:05.000000 PPS0    13 N 1 -3.279167e-07  3.235512e-07  1.000e-06
2023-11-14 22:54:06.000000 PPS0    14 N 1 -2.661234e-07  2.597840e-07  1.000e-06
2023-11-14 22:54:07.000000 PPS0    15 N 1 -1.382261e-07  1.409144e-07  1.000e-06
2023-11-14 22:54:08.000000 PPS0     0 N 1 -2.921689e-07  2.950848e-07  1.000e-06
2023-11-14 22:54:09.000000 PPS0     1 N 1 -2.066607e-07  2.149909e-07  1.000e-06
2023-11-14 22:54:10.000000 PPS0     2 N 1 -2.387028e-07  2.389597e-07  1.000e-06
2023-11-14 22:54:11.000000 PPS0     3 N 1 -1.079250e-07  1.113972e-07  1.000e-06
2023-11-14 22:54:12.000000 PPS0     4 N 1  4.004492e-08 -3.904664e-08  1.000e-06
2023-11-14 22:54:13.000000 PPS0     5 N 1  2.084895e-07 -2.103405e-07  1.000e-06
2023-11-14 22:54:14.000000 PPS0     6 N 1 -1.888314e-07  1.988492e-07  1.000e-06
2023-11-14 22:54:15.000000 PPS0     7 N 1 -1.760069e-07  1.750123e-07  1.000e-06
2023-11-14 22:54:16.000000 PPS0     8 N 1 -7.751193e-08  7.289549e-08  1.000e-06
2023-11-14 22:54:17.000000 PPS0     9 N 1  6.884984e-09 -1.109088e-08  1.000e-06
2023-11-14 22:54:18.000000 PPS0    10 N 1 -3.832843e-07  3.787842e-07  1.000e-06
2023-11-14 22:54:19.000000 PPS0    11 N 1 -1.205062e-07  1.254930e-07  1.000e-06
2023-11-14 22:54:20.000000 PPS0    12 N 1 -5.497444e-08  6.041660e-08  1.000e-06
2023-11-14 22:54:21.000000 PPS0    13 N 1 -1.939794e-07  1.913292e-07  1.000e-06
2023-11-14 22:54:22.000000 PPS0    14 N 1 -1.607687e-08  8.491949e-09  1.000e-06
2023-11-14 22:54:23.000000 PPS0    15 N 1 -1.370677e-07  1.357869e-07  1.000e-06
2023-11-14 22:54:24.000000 PPS0     0 N 1 -1.294227e-07  1.184209e-07  1.000e-06
2023-11-14 22:54:25.000000 PPS0     1 N 1 -3.160469e-07  3.156433e-07  1.000e-06
2023-11-14 22:54:26.000000 PPS0     2 N 1 -1.562643e-07  1.452016e-07  1.000e-06
2023-11-14 22:54:27.000000 PPS0     3 N 1 -8.675458e-08  8.891780e-08  1.000e-06
2023-11-14 22:54:28.000000 PPS0     4 N 1 -1.695480e-07  1.661603e-07  1.000e-06
2023-11-14 22:54:29.000000 PPS0     5 N 1 -2.460918e-07  2.564807e-07  1.000e-06
2023-11-14 22:54:30.000000 PPS0     6 N 1 -1.806360e-07  1.812108e-07  1.000e-06
2023-11-14 22:54:31.000000 PPS0     7 N 1  6.412702e-08 -6.155104e-08  1.000e-06
2023-11-14 22:54:32.000000 PPS0     8 N 1 -1.566832e-07  1.485313e-07  1.000e-06
2023-11-14 22:54:33.000000 PPS0     9 N 1 -6.504090e-08  5.875900e-08  1.000e-06
2023-11-14 22:54:34.000000 PPS0    10 N 1 -2.836960e-07  2.872149e-07  1.000e-06
2023-11-14 22:54:35.000000 PPS0    11 N 1 -1.935359e-07  1.899155e-07  1.000e-06
2023-11-14 22:54:36.000000 PPS0    12 N 1 -9.400352e-08  1.009773e-07  1.000e-06
2023-11-14 22:54:37.000000 PPS0    13 N 1 -6.414396e-08  6.538280e-08  1.000e-06
2023-11-14 22:54:38.000000 PPS0    14 N 1 -2.118996e-07  2.150882e-07  1.000e-06
2023-11-14 22:54:39.000000 PPS0    15 N 1 -4.597790e-08  3.972594e-08  1.000e-06
2023-11-14 22:54:40.000000 PPS0     0 N 1  1.068442e-09 -1.112485e-08  1.000e-06
2023-11-14 22:54:41.000000 PPS0     1 N 1 -3.406924e-08  3.095922e-08  1.000e-06
2023-11-14 22:54:42.000000 PPS0     2 N 1 -2.516820e-07  2.575294e-07  1.000e-06
2023-11-14 22:54:43.000000 PPS0     3 N 1 -3.377065e-08  3.444608e-08  1.000e-06
2023-11-14 22:54:44.000000 PPS0     4 N 1 -2.424360e-07  2.407733e-07  1.000e-06
2023-11-14 22:54:45.000000 PPS0     5 N 1  8.231707e-09 -1.259360e-08  1.000e-06
2023-11-14 22:54:46.000000 PPS0     6 N 1 -3.805100e-07  3.804183e-07  1.000e-06
2023-11-14 22:54:47.000000 PPS0     7 N 1 -1.403641e-07  1.393348e-07  1.000e-06
2023-11-14 22:54:48.000000 PPS0     8 N 1 -4.290736e-07  4.330965e-07  1.000e-06
2023-11-14 22:54:49.000000 PPS0     9 N 1 -3.226295e-07  3.193208e-07  1.000e-06
2023-11-14 22:54:50.000000 PPS0    10 N 1 -3.114769e-08  3.139459e-08  1.000e-06
2023-11-14 22:54:51.000000 PPS0    11 N 1 -3.370131e-07  3.396727e-07  1.000e-06
2023-11-14 22:54:52.000000 PPS0    12 N 1 -1.772440e-07  1.816899e-07  1.000e-06
2023-11-14 22:54:53.000000 PPS0    13 N 1 -5.687016e-08  6.844635e-08  1.000e-06
2023-11-14 22:54:54.000000 PPS0    14 N 1 -5.836253e-08  6.485385e-08  1.000e-06
2023-11-14 22:54:55.000000 PPS0    15 N 1 -1.751819e-07  1.752161e-07  1.000e-06
2023-11-14 22:54:56.000000 PPS0     0 N 1 -2.587000e-07  2.587497e-07  1.000e-06
2023-11-14 22:54:57.000000 PPS0     1 N 1 -1.615036e-07  1.639377e-07  1.000e-06
2023-11-14 22:54:58.000000 PPS0     2 N 1 -5.281303e-07  5.303179e-07  1.000e-06
2023-11-14 22:54:59.000000 PPS0     3 N 1 -2.869879e-07  2.940362e-07  1.000e-06
2023-11-14 22:55:00.000000 PPS0     4 N 1 -3.252743e-07  3.238087e-07  1.000e-06
2023-11-14 22:55:01.000000 PPS0     5 N 1 -3.057054e-07  3.088347e-07  1.000e-06
2023-11-14 22:55:02.000000 PPS0     6 N 1 -2.988671e-07  2.933033e-07  1.000e-06
2023-11-14 22:55:03.000000 PPS0     7 N 1 -2.918741e-07  2.925962e-07  1.000e-06
2023-11-14 22:55:04.000000 PPS0     8 N 1 -1.825755e-07  1.767268e-07  1.000e-06
2023-11-14 22:55:05.000000 PPS0     9 N 1 -5.210126e-07  5.231572e-07  1.000e-06
2023-11-14 22:55:06.000000 PPS0    10 N 1 -8.460194e-08  7.800096e-08  1.000e-06
2023-11-14 22:55:07.000000 PPS0    11 N 1 -2.211745e-07  2.213193e-07  1.000e-06
2023-11-14 22:55:08.000000 PPS0    12 N 1 -3.200238e-07  3.178330e-07  1.000e-06
2023-11-14 22:55:09.000000 PPS0    13 N 1 -4.875231e-07  4.815662e-07  1.000e-06
2023-11-14 22:55:10.000000 PPS0    14 N 1 -1.999899e-07  1.954806e-07  1.000e-06
2023-11-14 22:55:11.000000 PPS0    15 N 1 -8.145805e-08  8.348215e-08  1.000e-06
2023-11-14 22:55:12.000000 PPS0     0 N 1 -1.922552e-07  1.932873e-07  1.000e-06
2023-11-14 22:55:13.000000 PPS0     1 N 1 -6.078792e-08  5.937886e-08  1.000e-06
2023-11-14 22:55:14.000000 PPS0     2 N 1 -5.245432e-08  5.258720e-08  1.000e-06
2023-11-14 22:55:15.000000 PPS0     3 N 1 -7.597814e-08  6.969330e-08  1.000e-06
2023-11-14 22:55:16.000000 PPS0     4 N 1 -3.465704e-07  3.463292e-07  1.000e-06
2023-11-14 22:55:17.000000 PPS0     5 N 1 -3.488111e-07  3.502572e-07  1.000e-06
2023-11-14 22:55:18.000000 PPS0     6 N 1 -1.983837e-07  1.976637e-07  1.000e-06
2023-11-14 22:55:19.000000 PPS0     7 N 1  7.136530e-08 -8.254314e-08  1.000e-06
2023-11-14 22:55:20.000000 PPS0     8 N 1 -3.788096e-08  3.872660e-08  1.000e-06
2023-11-14 22:55:21.000000 PPS0     9 N 1  4.094132e-08 -4.587791e-08  1.000e-06
2023-11-14 22:55:22.000000 PPS0    10 N 1 -3.743927e-07  3.708462e-07  1.000e-06
2023-11-14 22:55:23.000000 PPS0    11 N 1 -2.910967e-07  2.950737e-07  1.000e-06
2023-11-14 22:55:24.000000 PPS0    12 N 1 -2.624756e-07  2.620976e-07  1.000e-06
2023-11-14 22:55:25.000000 PPS0    13 N 1 -1.875562e-07  1.876118e-07  1.000e-06
2023-11-14 22:55:26.000000 PPS0    14 N 1 -1.887541e-07  1.855054e-07  1.000e-06
2023-11-14 22:55:27.000000 PPS0    15 N 1 -2.087958e-07  2.135507e-07  1.000e-06
2023-11-14 22:55:28.000000 PPS0     0 N 1 -1.039726e-07  1.018221e-07  1.000e-06
2023-11-14 22:55:29.000000 PPS0     1 N 1 -1.559349e-07  1.600447e-07  1.000e-06
2023-11-14 22:55:30.000000 PPS0     2 N 1 -4.836486e-07  4.797155e-07  1.000e-06
2023-11-14 22:55:31.000000 PPS0     3 N 1 -1.927706e-07  1.910702e-07  1.000e-06
2023-11-14 22:55:32.000000 PPS0     4 N 1 -2.749332e-08  2.702526e-08  1.000e-06
2023-11-14 22:55:33.000000 PPS0     5 N 1 -2.140773e-07  2.052876e-07  1.000e-06
2023-11-14 22:55:34.000000 PPS0     6 N 1  1.024750e-07 -9.955476e-08  1.000e-06
2023-11-14 22:55:35.000000 PPS0     7 N 1 -4.234916e-07  4.199213e-07  1.000e-06
2023-11-14 22:55:36.000000 PPS0     8 N 1 -3.543100e-07  3.613980e-07  1.000e-06
2023-11-14 22:55:37.000000 PPS0     9 N 1 -1.971219e-07  1.972594e-07  1.000e-06
2023-11-14 22:55:38.000000 PPS0    10 N 1 -3.239789e-07  3.058754e-07  1.000e-06
2023-11-14 22:55:39.000000 PPS0    11 N 1 -1.664316e-07  1.631382e-07  1.000e-06
2023-11-14 22:55:40.000000 PPS0    12 N 1 -2.226648e-07  2.188315e-07  1.000e-06
2023-11-14 22:55:41.000000 PPS0    13 N 1 -2.592128e-07  2.543516e-07  1.000e-06
2023-11-14 22:55:42.000000 PPS0    14 N 1 -1.948238e-07  1.947386e-07  1.000e-06
2023-11-14 22:55:43.000000 PPS0    15 N 1 -2.633425e-08  2.919518e-08  1.000e-06
2023-11-14 22:55:44.000000 PPS0     0 N 1 -2.600580e-07  2.553582e-07  1.000e-06
2023-11-14 22:55:45.000000 PPS0     1 N 1  1.577578e-07 -1.590073e-07  1.000e-06
2023-11-14 22:55:46.000000 PPS0     2 N 1  8.687542e-08 -7.332261e-08  1.000e-06
2023-11-14 22:55:47.000000 PPS0     3 N 1 -1.375051e-07  1.305306e-07  1.000e-06
2023-11-14 22:55:48.000000 PPS0     4 N 1 -4.916440e-07  4.915865e-07  1.000e-06
2023-11-14 22:55:49.000000 PPS0     5 N 1 -9.003529e-08  8.203404e-08  1.000e-06
2023-11-14 22:55:50.000000 PPS0     6 N 1 -4.331768e-07  4.320065e-07  1.000e-06
2023-11-14 22:55:51.000000 PPS0     7 N 1 -3.062201e-07  3.087708e-07  1.000e-06
2023-11-14 22:55:52.000000 PPS0     8 N 1 -2.745570e-07  2.769062e-07  1.000e-06
2023-11-14 22:55:53.000000 PPS0     9 N 1 -1.572655e-07  1.603243e-07  1.000e-06
2023-11-14 22:55:54.000000 PPS0    10 N 1 -1.315098e-07  1.323813e-07  1.000e-06
2023-11-14 22:55:55.000000 PPS0    11 N 1 -1.407489e-07  1.387558e-07  1.000e-06
2023-11-14 22:55:56.000000 PPS0    12 N 1 -2.081567e-07  1.996505e-07  1.000e-06
2023-11-14 22:55:57.000000 PPS0    13 N 1  6.468291e-08 -6.264903e-08  1.000e-06
2023-11-14 22:55:58.000000 PPS0    14 N 1 -2.457115e-07  2.309973e-07  1.000e-06
2023-11-14 22:55:59.000000 PPS0    15 N 1 -3.108507e-07  3.106594e-07  1.000e-06
2023-11-14 22:56:00.000000 PPS0     0 N 1  7.865602e-08 -7.583245e-08  1.000e-06
2023-11-14 22:56:01.000000 PPS0     1 N 1 -1.507151e-07  1.538060e-07  1.000e-06
2023-11-14 22:56:02.000000 PPS0     2 N 1  9.871785e-08 -1.080906e-07  1.000e-06
2023-11-14 22:56:03.000000 PPS0     3 N 1 -1.760132e-07  1.796389e-07  1.000e-06
2023-11-14 22:56:04.000000 PPS0     4 N 1  1.401685e-07 -1.328287e-07  1.000e-06
2023-11-14 22:56:05.000000 PPS0     5 N 1 -3.466390e-07  3.511252e-07  1.000e-06
2023-11-14 22:56:06.000000 PPS0     6 N 1 -1.082500e-07  1.071763e-07  1.000e-06
2023-11-14 22:56:07.000000 PPS0     7 N 1 -4.906115e-07  4.935972e-07  1.000e-06
2023-11-14 22:56:08.000000 PPS0     8 N 1 -2.277225e-07  2.318480e-07  1.000e-06
2023-11-14 22:56:09.000000 PPS0     9 N 1 -3.781653e-07  3.727757e-07  1.000e-06
2023-11-14 22:56:10.000000 PPS0    10 N 1 -5.951465e-08  4.984431e-08  1.000e-06
2023-11-14 22:56:11.000000 PPS0    11 N 1 -1.741243e-07  1.737575e-07  1.000e-06
2023-11-14 22:56:12.000000 PPS0    12 N 1 -2.404090e-07  2.438638e-07  1.000e-06
2023-11-14 22:56:13.000000 PPS0    13 N 1  9.734677e-08 -9.872631e-08  1.000e-06
2023-11-14 22:56:14.000000 PPS0    14 N 1 -2.056933e-07  2.052655e-07  1.000e-06
2023-11-14 22:56:15.000000 PPS0    15 N 1 -1.607004e-07  1.631484e-07  1.000e-06
2023-11-14 22:56:16.000000 PPS0     0 N 1 -4.718693e-08  4.912207e-08  1.000e-06
2023-11-14 22:56:17.000000 PPS0     1 N 1 -1.213590e-07  1.200055e-07  1.000e-06
2023-11-14 22:56:18.000000 PPS0     2 N 1  1.271542e-07 -1.302362e-07  1.000e-06
2023-11-14 22:56:19.000000 PPS0     3 N 1 -3.112413e-07  3.097074e-07  1.000e-06
2023-11-14 22:56:20.000000 PPS0     4 N 1 -2.904726e-07  2.832787e-07  1.000e-06
2023-11-14 22:56:21.000000 PPS0     5 N 1 -1.122219e-07  1.074884e-07  1.000e-06
2023-11-14 22:56:22.000000 PPS0     6 N 1  1.373897e-07 -1.421859e-07  1.000e-06
2023-11-14 22:56:23.000000 PPS0     7 N 1 -2.485914e-07  2.400864e-07  1.000e-06
2023-11-14 22:56:24.000000 PPS0     8 N 1  4.389437e-08 -4.802685e-08  1.000e-06
2023-11-14 22:56:25.000000 PPS0     9 N 1 -4.100433e-07  4.102630e-07  1.000e-06
2023-11-14 22:56:26.000000 PPS0    10 N 1 -3.720098e-07  3.730558e-07  1.000e-06
2023-11-14 22:56:27.000000 PPS0    11 N 1 -2.047995e-07  2.075430e-07  1.000e-06
2023-11-14 22:56:28.000000 PPS0    12 N 1  9.425791e-08 -9.095522e-08  1.000e-06
2023-11-14 22:56:29.000000 PPS0    13 N 1 -3.258524e-07  3.147117e-07  1.000e-06
2023-11-14 22:56:30.000000 PPS0    14 N 1  1.186378e-07 -1.159283e-07  1.000e-06
2023-11-14 22:56:31.000000 PPS0    15 N 1 -3.038113e-07  3.041096e-07  1.000e-06
2023-11-14 22:56:32.000000 PPS0     0 N 1 -1.398805e-07  1.340457e-07  1.000e-06
2023-11-14 22:56:33.000000 PPS0     1 N 1 -9.575609e-08  1.006403e-07  1.000e-06
2023-11-14 22:56:34.000000 PPS0     2 N 1 -1.624187e-07  1.642403e-07  1.000e-06
2023-11-14 22:56:35.000000 PPS0     3 N 1 -2.803005e-07  2.804816e-07  1.000e-06
2023-11-14 22:56:36.000000 PPS0     4 N 1 -4.719088e-07  4.694342e-07  1.000e-06
2023-11-14 22:56:37.000000 PPS0     5 N 1  2.734828e-07 -2.751716e-07  1.000e-06
2023-11-14 22:56:38.000000 PPS0     6 N 1 -2.367228e-07  2.343759e-07  1.000e-06
2023-11-14 22:56:39.000000 PPS0     7 N 1 -6.446823e-08  6.652180e-08  1.000e-06
2023-11-14 22:56:40.000000 PPS0     8 N 1  5.827974e-10 -3.349641e-09  1.000e-06
2023-11-14 22:56:41.000000 PPS0     9 N 1 -2.602696e-07  2.611329e-07  1.000e-06
2023-11-14 22:56:42.000000 PPS0    10 N 1 -2.433765e-07  2.386378e-07  1.000e-06
2023-11-14 22:56:43.000000 PPS0    11 N 1 -3.062673e-07  3.034815e-07  1.000e-06
2023-11-14 22:56:44.000000 PPS0    12 N 1  1.280749e-07 -1.316186e-07  1.000e-06
2023-11-14 22:56:45.000000 PPS0    13 N 1  1.167691e-07 -1.189537e-07  1.000e-06
2023-11-14 22:56:46.000000 PPS0    14 N 1 -4.274378e-07  4.311216e-07  1.000e-06
2023-11-14 22:56:47.000000 PPS0    15 N 1 -1.083482e-07  1.173949e-07  1.000e-06
2023-11-14 22:56:48.000000 PPS0     0 N 1 -3.238589e-07  3.330690e-07  1.000e-06
2023-11-14 22:56:49.000000 PPS0     1 N 1 -4.938099e-07  4.844207e-07  1.000e-06
2023-11-14 22:56:50.000000 PPS0     2 N 1 -6.224786e-08  7.086178e-08  1.000e-06
2023-11-14 22:56:51.000000 PPS0     3 N 1 -4.546361e-08  3.950166e-08  1.000e-06
2023-11-14 22:56:52.000000 PPS0     4 N 1 -9.628253e-08  1.035900e-07  1.000e-06
2023-11-14 22:56:53.000000 PPS0     5 N 1  4.278341e-08 -3.657427e-08  1.000e-06
2023-11-14 22:56:54.000000 PPS0     6 N 1  3.971260e-08 -3.757670e-08  1.000e-06
2023-11-14 22:56:55.000000 PPS0     7 N 1 -3.365353e-07  3.434103e-07  1.000e-06
2023-11-14 22:56:56.000000 PPS0     8 N 1 -4.077914e-09  9.660040e-09  1.000e-06
2023-11-14 22:56:57.000000 PPS0     9 N 1 -5.738793e-07  5.699630e-07  1.000e-06
2023-11-14 22:56:58.000000 PPS0    10 N 1  4.934872e-08 -5.264256e-08  1.000e-06
2023-11-14 22:56:59.000000 PPS0    11 N 1  4.798863e-08 -5.377341e-08  1.000e-06
2023-11-14 22:57:00.000000 PPS0    12 N 1 -7.899625e-08  6.723950e-08  1.000e-06
2023-11-14 22:57:01.000000 PPS0    13 N 1 -4.768557e-08  4.934251e-08  1.000e-06
2023-11-14 22:57:02.000000 PPS0    14 N 1 -3.023238e-07  3.009857e-07  1.000e-06
2023-11-14 22:57:03.000000 PPS0    15 N 1 -1.924793e-07  1.885058e-07  1.000e-06
2023-11-14 22:57:04.000000 PPS0     0 N 1 -2.947031e-07  3.040041e-07  1.000e-06
2023-11-14 22:57:05.000000 PPS0     1 N 1 -9.757019e-08  9.670726e-08  1.000e-06
2023-11-14 22:57:06.000000 PPS0     2 N 1 -1.209072e-08  1.484435e-08  1.000e-06
2023-11-14 22:57:07.000000 PPS0     3 N 1 -4.130369e-07  4.060875e-07  1.000e-06
2023-11-14 22:57:08.000000 PPS0     4 N 1 -1.326660e-07  1.273032e-07  1.000e-06
2023-11-14 22:57:09.000000 PPS0     5 N 1 -1.197117e-07  1.176052e-07  1.000e-06
2023-11-14 22:57:10.000000 PPS0     6 N 1 -3.444052e-07  3.413475e-07  1.000e-06
2023-11-14 22:57:11.000000 PPS0     7 N 1 -5.283747e-07  5.354705e-07  1.000e-06
2023-11-14 22:57:12.000000 PPS0     8 N 1 -1.414777e-07  1.413665e-07  1.000e-06
2023-11-14 22:57:13.000000 PPS0     9 N 1  1.158102e-07 -1.136567e-07  1.000e-06
2023-11-14 22:57:14.000000 PPS0    10 N 1 -4.215703e-07  4.264498e-07  1.000e-06
2023-11-14 22:57:15.000000 PPS0    11 N 1 -4.221435e-08  4.119566e-08  1.000e-06
2023-11-14 22:57:16.000000 PPS0    12 N 1  8.863991e-08 -9.085221e-08  1.000e-06
2023-11-14 22:57:17.000000 PPS0    13 N 1 -2.170631e-07  2.206044e-07  1.000e-06
2023-11-14 22:57:18.000000 PPS0    14 N 1 -2.021472e-07  1.962790e-07  1.000e-06
2023-11-14 22:57:19.000000 PPS0    15 N 1 -2.391820e-07  2.379804e-07  1.000e-06
2023-11-14 22:57:20.000000 PPS0     0 N 1  6.745546e-08 -6.755443e-08  1.000e-06
2023-11-14 22:57:21.000000 PPS0     1 N 1 -4.492621e-07  4.463288e-07  1.000e-06
2023-11-14 22:57:22.000000 PPS0     2 N 1 -2.830033e-07  2.833601e-07  1.000e-06
2023-11-14 22:57:23.000000 PPS0     3 N 1 -3.432810e-07  3.377258e-07  1.000e-06
2023-11-14 22:57:24.000000 PPS0     4 N 1 -9.740756e-08  9.287154e-08  1.000e-06
2023-11-14 22:57:25.000000 PPS0     5 N 1 -1.309596e-08  1.368753e-08  1.000e-06
2023-11-14 22:57:26.000000 PPS0     6 N 1 -2.141365e-07  2.127608e-07  1.000e-06
2023-11-14 22:57:27.000000 PPS0     7 N 1 -1.367438e-07  1.385138e-07  1.000e-06
2023-11-14 22:57:28.000000 PPS0     8 N 1 -3.424504e-07  3.482522e-07  1.000e-06
2023-11-14 22:57:29.000000 PPS0     9 N 1 -2.498695e-07  2.530235e-07  1.000e-06
2023-11-14 22:57:30.000000 PPS0    10 N 1 -1.976694e-07  2.073466e-07  1.000e-06
2023-11-14 22:57:31.000000 PPS0    11 N 1 -2.053027e-07  2.014933e-07  1.000e-06
2023-11-14 22:57:32.000000 PPS0    12 N 1 -1.872562e-07  1.923864e-07  1.000e-06
2023-11-14 22:57:33.000000 PPS0    13 N 1 -2.171632e-07  2.085630e-07  1.000e-06
2023-11-14 22:57:34.000000 PPS0    14 N 1 -1.829194e-07  1.801254e-07  1.000e-06
2023-11-14 22:57:35.000000 PPS0    15 N 1  1.814667e-08 -1.618898e-08  1.000e-06
2023-11-14 22:57:36.000000 PPS0     0 N 1 -1.804212e-07  1.867009e-07  1.000e-06
2023-11-14 22:57:37.000000 PPS0     1 N 1 -1.929122e-07  1.829253e-07  1.000e-06
2023-11-14 22:57:38.000000 PPS0     2 N 1 -2.375180e-07  2.345929e-07  1.000e-06
2023-11-14 22:57:39.000000 PPS0     3 N 1 -1.511979e-07  1.450583e-07  1.000e-06
2023-11-14 22:57:40.000000 PPS0     4 N 1 -2.128425e-07  2.130701e-07  1.000e-06
2023-11-14 22:57:41.000000 PPS0     5 N 1 -2.704529e-07  2.655381e-07  1.000e-06
2023-11-14 22:57:42.000000 PPS0     6 N 1 -5.294298e-08  4.702178e-08  1.000e-06
2023-11-14 22:57:43.000000 PPS0     7 N 1  1.043966e-08 -7.177430e-09  1.000e-06
2023-11-14 22:57:44.000000 PPS0     8 N 1 -1.459719e-07  1.434211e-07  1.000e-06
2023-11-14 22:57:45.000000 PPS0     9 N 1 -2.085521e-07  2.083262e-07  1.000e-06
2023-11-14 22:57:46.000000 PPS0    10 N 1 -3.055209e-07  3.018138e-07  1.000e-06
2023-11-14 22:57:47.000000 PPS0    11 N 1 -1.395028e-07  1.351824e-07  1.000e-06
2023-11-14 22:57:48.000000 PPS0    12 N 1 -1.640247e-07  1.608793e-07  1.000e-06
2023-11-14 22:57:49.000000 PPS0    13 N 1 -3.474069e-07  3.506942e-07  1.000e-06
2023-11-14 22:57:50.000000 PPS0    14 N 1 -2.752224e-07  2.703535e-07  1.000e-06
2023-11-14 22:57:51.000000 PPS0    15 N 1 -2.747065e-07  2.776987e-07  1.000e-06
2023-11-14 22:57:52.000000 PPS0     0 N 1 -3.114945e-07  3.101094e-07  1.000e-06
2023-11-14 22:57:53.000000 PPS0     1 N 1 -4.355502e-07  4.360725e-07  1.000e-06
2023-11-14 22:57:54.000000 PPS0     2 N 1 -2.206478e-07  2.148075e-07  1.000e-06
2023-11-14 22:57:55.000000 PPS0     3 N 1 -1.193308e-07  1.219524e-07  1.000e-06
2023-11-14 22:57:56.000000 PPS0     4 N 1 -6.981931e-08  6.652924e-08  1.000e-06
2023-11-14 22:57:57.000000 PPS0     5 N 1 -3.811976e-07  3.879848e-07  1.000e-06
2023-11-14 22:57:58.000000 PPS0     6 N 1 -4.832091e-07  4.835989e-07  1.000e-06
2023-11-14 22:57:59.000000 PPS0     7 N 1 -1.898252e-07  1.916608e-07  1.000e-06
2023-11-14 22:58:00.000000 PPS0     8 N 1 -1.874906e-07  1.883813e-07  1.000e-06
2023-11-14 22:58:01.000000 PPS0     9 N 1 -2.409782e-07  2.422874e-07  1.000e-06
2023-11-14 22:58:02.000000 PPS0    10 N 1 -2.186721e-07  2.201583e-07  1.000e-06
2023-11-14 22:58:03.000000 PPS0    11 N 1  1.970169e-07 -2.038876e-07  1.000e-06
2023-11-14 22:58:04.000000 PPS0    12 N 1 -5.787261e-07  5.800635e-07  1.000e-06
2023-11-14 22:58:05.000000 PPS0    13 N 1  1.531618e-07 -1.581321e-07  1.000e-06
2023-11-14 22:58:06.000000 PPS0    14 N 1  4.183753e-09 -3.351186e-09  1.000e-06
2023-11-14 22:58:07.000000 PPS0    15 N 1 -1.073041e-07  1.051790e-07  1.000e-06
2023-11-14 22:58:08.000000 PPS0     0 N 1  4.129136e-08 -4.144766e-08  1.000e-06
2023-11-14 22:58:09.000000 PPS0     1 N 1  4.645913e-08 -3.339898e-08  1.000e-06
2023-11-14 22:58:10.000000 PPS0     2 N 1  1.449571e-07 -1.389512e-07  1.000e-06
2023-11-14 22:58:11.000000 PPS0     3 N 1 -4.675073e-07  4.693478e-07  1.000e-06
2023-11-14 22:58:12.000000 PPS0     4 N 1 -5.035199e-08  4.951817e-08  1.000e-06
2023-11-14 22:58:13.000000 PPS0     5 N 1 -2.422505e-07  2.383166e-07  1.000e-06
2023-11-14 22:58:14.000000 PPS0     6 N 1  1.826774e-07 -1.800437e-07  1.000e-06
2023-11-14 22:58:15.000000 PPS0     7 N 1 -2.291389e-07  2.282618e-07  1.000e-06
2023-11-14 22:58:16.000000 PPS0     8 N 1 -8.444972e-08  8.841271e-08  1.000e-06
2023-11-14 22:58:17.000000 PPS0     9 N 1 -3.209973e-07  3.214818e-07  1.000e-06
2023-11-14 22:58:18.000000 PPS0    10 N 1 -1.185220e-07  1.192486e-07  1.000e-06
2023-11-14 22:58:19.000000 PPS0    11 N 1  1.361356e-07 -1.336201e-07  1.000e-06
2023-11-14 22:58:20.000000 PPS0    12 N 1 -1.465864e-07  1.316864e-07  1.000e-06
2023-11-14 22:58:21.000000 PPS0    13 N 1 -2.560410e-07  2.629073e-07  1.000e-06
2023-11-14 22:58:22.000000 PPS0    14 N 1  8.837029e-08 -8.475868e-08  1.000e-06
2023-11-14 22:58:23.000000 PPS0    15 N 1 -4.594679e-08  4.383328e-08  1.000e-06
2023-11-14 22:58:24.000000 PPS0     0 N 1 -2.973967e-07  2.949267e-07  1.000e-06
2023-11-14 22:58:25.000000 PPS0     1 N 1 -3.743910e-08  3.831956e-08  1.000e-06
2023-11-14 22:58:26.000000 PPS0     2 N 1 -3.526373e-07  3.590164e-07  1.000e-06
2023-11-14 22:58:27.000000 PPS0     3 N 1 -2.863917e-07  2.817075e-07  1.000e-06
2023-11-14 22:58:28.000000 PPS0     4 N 1 -2.126886e-07  2.157843e-07  1.000e-06
2023-11-14 22:58:29.000000 PPS0     5 N 1 -2.385665e-07  2.425014e-07  1.000e-06
2023-11-14 22:58:30.000000 PPS0     6 N 1 -1.949709e-07  2.010469e-07  1.000e-06
2023-11-14 22:58:31.000000 PPS0     7 N 1 -2.039380e-07  2.081869e-07  1.000e-06
2023-11-14 22:58:32.000000 PPS0     8 N 1 -2.503354e-07  2.533071e-07  1.000e-06
2023-11-14 22:58:33.000000 PPS0     9 N 1 -1.749122e-07  1.700319e-07  1.000e-06
2023-11-14 22:58:34.000000 PPS0    10 N 1  2.069726e-08 -2.197935e-08  1.000e-06
2023-11-14 22:58:35.000000 PPS0    11 N 1 -1.306873e-07  1.286824e-07  1.000e-06
2023-11-14 22:58:36.000000 PPS0    12 N 1 -1.775064e-07  1.777140e-07  1.000e-06
2023-11-14 22:58:37.000000 PPS0    13 N 1 -2.668968e-07  2.679415e-07  1.000e-06
2023-11-14 22:58:38.000000 PPS0    14 N 1 -1.847173e-07  1.882046e-07  1.000e-06
2023-11-14 22:58:39.000000 PPS0    15 N 1 -2.135132e-07  2.180383e-07  1.000e-06
2023-11-14 22:58:40.000000 PPS0     0 N 1 -2.280344e-07  2.267812e-07  1.000e-06
2023-11-14 22:58:41.000000 PPS0     1 N 1 -2.182054e-07  2.169419e-07  1.000e-06
2023-11-14 22:58:42.000000 PPS0     2 N 1 -1.886522e-07  1.913458e-07  1.000e-06
2023-11-14 22:58:43.000000 PPS0     3 N 1 -1.439520e-07  1.401871e-07  1.000e-06
2023-11-14 22:58:44.000000 PPS0     4 N 1 -4.148008e-07  4.068093e-07  1.000e-06
2023-11-14 22:58:45.000000 PPS0     5 N 1  7.833822e-08 -8.417723e-08  1.000e-06
2023-11-14 22:58:46.000000 PPS0     6 N 1 -2.167201e-07  2.260766e-07  1.000e-06
2023-11-14 22:58:47.000000 PPS0     7 N 1 -1.066585e-07  1.081034e-07  1.000e-06
2023-11-14 22:58:48.000000 PPS0     8 N 1 -2.711733e-07  2.687389e-07  1.000e-06
2023-11-14 22:58:49.000000 PPS0     9 N 1 -1.616751e-07  1.655375e-07  1.000e-06
2023-11-14 22:58:50.000000 PPS0    10 N 1 -6.275038e-08  6.626795e-08  1.000e-06
2023-11-14 22:58:51.000000 PPS0    11 N 1 -3.353573e-07  3.333297e-07  1.000e-06
2023-11-14 22:58:52.000000 PPS0    12 N 1 -2.060940e-07  2.080148e-07  1.000e-06
2023-11-14 22:58:53.000000 PPS0    13 N 1  5.109987e-08 -5.070201e-08  1.000e-06
2023-11-14 22:58:54.000000 PPS0    14 N 1 -2.508135e-07  2.529486e-07  1.000e-06
2023-11-14 22:58:55.000000 PPS0    15 N 1 -1.523562e-07  1.571462e-07  1.000e-06
2023-11-14 22:58:56.000000 PPS0     0 N 1 -1.926206e-07  1.907525e-07  1.000e-06
2023-11-14 22:58:57.000000 PPS0     1 N 1 -3.979521e-07  3.968325e-07  1.000e-06
2023-11-14 22:58:58.000000 PPS0     2 N 1 -1.583026e-07  1.571583e-07  1.000e-06
2023-11-14 22:58:59.000000 PPS0     3 N 1 -8.349972e-08  8.585644e-08  1.000e-06
2023-11-14 22:59:00.000000 PPS0     4 N 1 -1.189595e-07  1.111583e-07  1.000e-06
2023-11-14 22:59:01.000000 PPS0     5 N 1 -1.129143e-08  1.473076e-08  1.000e-06
2023-11-14 22:59:02.000000 PPS0     6 N 1 -5.658297e-07  5.629528e-07  1.000e-06
2023-11-14 22:59:03.000000 PPS0     7 N 1 -5.230712e-07  5.194295e-07  1.000e-06
2023-11-14 22:59:04.000000 PPS0     8 N 1 -3.425579e-07  3.363270e-07  1.000e-06
2023-11-14 22:59:05.000000 PPS0     9 N 1 -1.034955e-07  1.079262e-07  1.000e-06
2023-11-14 22:59:06.000000 PPS0    10 N 1 -2.493054e-07  2.437071e-07  1.000e-06
2023-11-14 22:59:07.000000 PPS0    11 N 1 -2.610381e-08  2.284136e-08  1.000e-06
2023-11-14 22:59:08.000000 PPS0    12 N 1 -2.188745e-07  2.214151e-07  1.000e-06
2023-11-14 22:59:09.000000 PPS0    13 N 1 -2.163999e-07  2.135471e-07  1.000e-06
2023-11-14 22:59:10.000000 PPS0    14 N 1 -2.277175e-07  2.296010e-07  1.000e-06
2023-11-14 22:59:11.000000 PPS0    15 N 1 -1.088916e-07  1.071299e-07  1.000e-06
2023-11-14 22:59:12.000000 PPS0     0 N 1 -4.159884e-07  4.180044e-07  1.000e-06
2023-11-14 22:59:13.000000 PPS0     1 N 1 -1.819421e-07  1.876556e-07  1.000e-06
2023-11-14 22:59:14.000000 PPS0     2 N 1 -1.712776e-07  1.687835e-07  1.000e-06
2023-11-14 22:59:15.000000 PPS0     3 N 1 -3.041255e-07  3.073035e-07  1.000e-06
2023-11-14 22:59:16.000000 PPS0     4 N 1 -4.685279e-07  4.685213e-07  1.000e-06
2023-11-14 22:59:17.000000 PPS0     5 N 1 -3.786348e-07  3.804587e-07  1.000e-06
2023-11-14 22:59:18.000000 PPS0     6 N 1 -1.894830e-07  1.896722e-07  1.000e-06
2023-11-14 22:59:19.000000 PPS0     7 N 1 -1.385878e-07  1.440023e-07  1.000e-06
2023-11-14 22:59:20.000000 PPS0     8 N 1 -1.201821e-08  9.720841e-09  1.000e-06
2023-11-14 22:59:21.000000 PPS0     9 N 1 -2.565048e-08  2.637786e-08  1.000e-06
2023-11-14 22:59:22.000000 PPS0    10 N 1 -1.373129e-07  1.381126e-07  1.000e-06
2023-11-14 22:59:23.000000 PPS0    11 N 1 -1.546274e-07  1.517239e-07  1.000e-06
2023-11-14 22:59:24.000000 PPS0    12 N 1 -3.659808e-07  3.624520e-07  1.000e-06
2023-11-14 22:59:25.000000 PPS0    13 N 1 -1.345871e-07  1.432125e-07  1.000e-06
2023-11-14 22:59:26.000000 PPS0    14 N 1 -3.299972e-07  3.352742e-07  1.000e-06
2023-11-14 22:59:27.000000 PPS0    15 N 1 -3.985837e-07  3.977631e-07  1.000e-06
2023-11-14 22:59:28.000000 PPS0     0 N 1 -5.540977e-08  6.075281e-08  1.000e-06
2023-11-14 22:59:29.000000 PPS0     1 N 1 -1.923088e-07  2.032308e-07  1.000e-06
2023-11-14 22:59:30.000000 PPS0     2 N 1 -1.616399e-07  1.608101e-07  1.000e-06
2023-11-14 22:59:31.000000 PPS0     3 N 1 -4.278481e-07  4.281095e-07  1.000e-06
2023-11-14 22:59:32.000000 PPS0     4 N 1 -2.326645e-07  2.306407e-07  1.000e-06
2023-11-14 22:59:33.000000 PPS0     5 N 1 -9.225896e-08  8.998650e-08  1.000e-06
2023-11-14 22:59:34.000000 PPS0     6 N 1 -3.243679e-07  3.213163e-07  1.000e-06
2023-11-14 22:59:35.000000 PPS0     7 N 1 -7.595582e-08  7.498905e-08  1.000e-06
2023-11-14 22:59:36.000000 PPS0     8 N 1 -1.846932e-08  2.302523e-08  1.000e-06
2023-11-14 22:59:37.000000 PPS0     9 N 1 -2.349739e-07  2.238869e-07  1.000e-06
2023-11-14 22:59:38.000000 PPS0    10 N 1 -1.457468e-07  1.473024e-07  1.000e-06
2023-11-14 22:59:39.000000 PPS0    11 N 1 -2.802899e-08  3.653278e-08  1.000e-06
2023-11-14 22:59:40.000000 PPS0    12 N 1 -1.105100e-07  1.076713e-07  1.000e-06
2023-11-14 22:59:41.000000 PPS0    13 N 1 -3.121219e-07  3.103334e-07  1.000e-06
2023-11-14 22:59:42.000000 PPS0    14 N 1 -2.439529e-07  2.419584e-07  1.000e-06
2023-11-14 22:59:43.000000 PPS0    15 N 1 -2.148898e-07  2.250533e-07  1.000e-06
2023-11-14 22:59:44.000000 PPS0     0 N 1 -4.320891e-07  4.188972e-07  1.000e-06
2023-11-14 22:59:45.000000 PPS0     1 N 1 -2.338751e-07  2.318400e-07  1.000e-06
2023-11-14 22:59:46.000000 PPS0     2 N 1 -4.056017e-07  4.113506e-07  1.000e-06
2023-11-14 22:59:47.000000 PPS0     3 N 1 -1.235859e-07  1.295561e-07  1.000e-06
2023-11-14 22:59:48.000000 PPS0     4 N 1 -4.181333e-08  4.552118e-08  1.000e-06
2023-11-14 22:59:49.000000 PPS0     5 N 1 -2.281896e-07  2.245969e-07  1.000e-06
2023-11-14 22:59:50.000000 PPS0     6 N 1 -1.648318e-07  1.690185e-07  1.000e-06
2023-11-14 22:59:51.000000 PPS0     7 N 1 -4.033566e-07  3.989635e-07  1.000e-06
2023-11-14 22:59:52.000000 PPS0     8 N 1 -2.967960e-07  2.939398e-07  1.000e-06
2023-11-14 22:59:53.000000 PPS0     9 N 1 -4.429904e-07  4.411698e-07  1.000e-06
2023-11-14 22:59:54.000000 PPS0    10 N 1 -2.566482e-07  2.575922e-07  1.000e-06
2023-11-14 22:59:55.000000 PPS0    11 N 1 -4.438094e-07  4.372566e-07  1.000e-06
2023-11-14 22:59:56.000000 PPS0    12 N 1 -1.089265e-07  1.153755e-07  1.000e-06
2023-11-14 22:59:57.000000 PPS0    13 N 1  9.001226e-08 -8.394639e-08  1.000e-06
2023-11-14 22:59:58.000000 PPS0    14 N 1 -2.507153e-07  2.550488e-07  1.000e-06
2023-11-14 22:59:59.000000 PPS0    15 N 1 -4.104504e-07  4.157929e-07  1.000e-06
2023-11-14 23:00:00.000000 PPS0     0 N 1 -2.797148e-07  2.670252e-07  1.000e-06
2023-11-14 23:00:01.000000 PPS0     1 N 1  3.170424e-08 -3.217160e-08  1.000e-06
2023-11-14 23:00:02.000000 PPS0     2 N 1 -2.434191e-08  2.347779e-08  1.000e-06
2023-11-14 23:00:03.000000 PPS0     3 N 1 -2.387103e-08  2.817235e-08  1.000e-06
2023-11-14 23:00:04.000000 PPS0     4 N 1 -1.018860e-07  9.325918e-08  1.000e-06
2023-11-14 23:00:05.000000 PPS0     5 N 1 -3.312197e-07  3.220162e-07  1.000e-06
2023-11-14 23:00:06.000000 PPS0     6 N 1 -1.241390e-07  1.199887e-07  1.000e-06
2023-11-14 23:00:07.000000 PPS0     7 N 1 -5.745036e-08  5.442558e-08  1.000e-06
2023-11-14 23:00:08.000000 PPS0     8 N 1 -2.279615e-07  2.311638e-07  1.000e-06
2023-11-14 23:00:09.000000 PPS0     9 N 1 -3.565472e-07  3.577455e-07  1.000e-06
2023-11-14 23:00:10.000000 PPS0    10 N 1 -6.092450e-07  6.049845e-07  1.000e-06
2023-11-14 23:00:11.000000 PPS0    11 N 1 -6.911403e-08  8.189966e-08  1.000e-06
2023-11-14 23:00:12.000000 PPS0    12 N 1 -5.131771e-07  5.207861e-07  1.000e-06
2023-11-14 23:00:13.000000 PPS0    13 N 1  3.635652e-09 -5.913717e-09  1.000e-06
2023-11-14 23:00:14.000000 PPS0    14 N 1 -3.424560e-07  3.414245e-07  1.000e-06
2023-11-14 23:00:15.000000 PPS0    15 N 1 -2.357482e-07  2.375628e-07  1.000e-06
2023-11-14 23:00:16.000000 PPS0     0 N 1 -4.303567e-07  4.307728e-07  1.000e-06
2023-11-14 23:00:17.000000 PPS0     1 N 1 -2.866566e-07  2.848840e-07  1.000e-06
2023-11-14 23:00:18.000000 PPS0     2 N 1 -9.761312e-08  9.947851e-08  1.000e-06
2023-11-14 23:00:19.000000 PPS0     3 N 1 -5.340109e-07  5.345273e-07  1.000e-06
2023-11-14 23:00:20.000000 PPS0     4 N 1 -1.971894e-07  2.002234e-07  1.000e-06
2023-11-14 23:00:21.000000 PPS0     5 N 1 -1.735629e-07  1.745390e-07  1.000e-06
2023-11-14 23:00:22.000000 PPS0     6 N 1 -2.526096e-07  2.526029e-07  1.000e-06
2023-11-14 23:00:23.000000 PPS0     7 N 1 -7.611031e-08  6.873804e-08  1.000e-06
2023-11-14 23:00:24.000000 PPS0     8 N 1 -2.431477e-07  2.411266e-07  1.000e-06
2023-11-14 23:00:25.000000 PPS0     9 N 1 -3.106553e-07  2.994757e-07  1.000e-06
2023-11-14 23:00:26.000000 PPS0    10 N 1 -3.120289e-08  2.915532e-08  1.000e-06
2023-11-14 23:00:27.000000 PPS0    11 N 1  2.227059e-08 -1.010105e-08  1.000e-06
2023-11-14 23:00:28.000000 PPS0    12 N 1 -3.556662e-07  3.596415e-07  1.000e-06
2023-11-14 23:00:29.000000 PPS0    13 N 1 -1.976647e-07  2.003875e-07  1.000e-06
2023-11-14 23:00:30.000000 PPS0    14 N 1 -1.000520e-07  1.039563e-07  1.000e-06
2023-11-14 23:00:31.000000 PPS0    15 N 1 -1.198685e-07  1.204619e-07  1.000e-06
2023-11-14 23:00:32.000000 PPS0     0 N 1 -3.418050e-07  3.388910e-07  1.000e-06
2023-11-14 23:00:33.000000 PPS0     1 N 1 -3.825062e-07  3.756532e-07  1.000e-06
2023-11-14 23:00:34.000000 PPS0     2 N 1 -1.992109e-07  1.953176e-07  1.000e-06
2023-11-14 23:00:35.000000 PPS0     3 N 1 -4.715098e-07  4.616897e-07  1.000e-06
2023-11-14 23:00:36.000000 PPS0     4 N 1 -2.762767e-07  2.709292e-07  1.000e-06
2023-11-14 23:00:37.000000 PPS0     5 N 1 -1.399583e-07  1.400042e-07  1.000e-06
2023-11-14 23:00:38.000000 PPS0     6 N 1 -1.310311e-07  1.380383e-07  1.000e-06
2023-11-14 23:00:39.000000 PPS0     7 N 1 -3.271501e-07  3.292655e-07  1.000e-06
2023-11-14 23:00:40.000000 PPS0     8 N 1 -2.961559e-07  2.923866e-07  1.000e-06
2023-11-14 23:00:41.000000 PPS0     9 N 1 -2.231207e-07  2.147010e-07  1.000e-06
2023-11-14 23:00:42.000000 PPS0    10 N 1 -1.549467e-07  1.549321e-07  1.000e-06
2023-11-14 23:00:43.000000 PPS0    11 N 1 -2.441330e-07  2.448947e-07  1.000e-06
2023-11-14 23:00:44.000000 PPS0    12 N 1 -3.109684e-07  3.135147e-07  1.000e-06
2023-11-14 23:00:45.000000 PPS0    13 N 1 -5.416726e-07  5.347726e-07  1.000e-06
2023-11-14 23:00:46.000000 PPS0    14 N 1 -1.625715e-07  1.604019e-07  1.000e-06
2023-11-14 23:00:47.000000 PPS0    15 N 1 -1.458717e-07  1.343875e-07  1.000e-06
2023-11-14 23:00:48.000000 PPS0     0 N 1 -2.589378e-07  2.560511e-07  1.000e-06
2023-11-14 23:00:49.000000 PPS0     1 N 1 -2.167882e-07  2.090700e-07  1.000e-06
2023-11-14 23:00:50.000000 PPS0     2 N 1 -3.974522e-08  4.167679e-08  1.000e-06
2023-11-14 23:00:51.000000 PPS0     3 N 1 -1.583295e-07  1.595527e-07  1.000e-06
2023-11-14 23:00:52.000000 PPS0     4 N 1 -2.700519e-07  2.656344e-07  1.000e-06
2023-11-14 23:00:53.000000 PPS0     5 N 1 -1.810318e-08  2.230541e-08  1.000e-06
2023-11-14 23:00:54.000000 PPS0     6 N 1 -2.222358e-07  2.168367e-07  1.000e-06
2023-11-14 23:00:55.000000 PPS0     7 N 1 -2.423418e-07  2.488135e-07  1.000e-06
2023-11-14 23:00:56.000000 PPS0     8 N 1 -1.162162e-07  1.243490e-07  1.000e-06
2023-11-14 23:00:57.000000 PPS0     9 N 1 -2.573726e-09  9.521936e-09  1.000e-06
2023-11-14 23:00:58.000000 PPS0    10 N 1 -1.204186e-07  1.200828e-07  1.000e-06
2023-11-14 23:00:59.000000 PPS0    11 N 1 -2.308726e-07  2.259863e-07  1.000e-06
2023-11-14 23:01:00.000000 PPS0    12 N 1 -3.559467e-07  3.577810e-07  1.000e-06
2023-11-14 23:01:01.000000 PPS0    13 N 1 -3.113092e-07  3.006927e-07  1.000e-06
2023-11-14 23:01:02.000000 PPS0    14 N 1 -1.239159e-07  1.176298e-07  1.000e-06
2023-11-14 23:01:03.000000 PPS0    15 N 1 -2.642028e-07  2.613831e-07  1.000e-06
2023-11-14 23:01:04.000000 PPS0     0 N 1 -3.080149e-07  3.141628e-07  1.000e-06
2023-11-14 23:01:05.000000 PPS0     1 N 1 -1.591166e-07  1.498991e-07  1.000e-06
2023-11-14 23:01:06.000000 PPS0     2 N 1  2.109730e-07 -2.113246e-07  1.000e-06
2023-11-14 23:01:07.000000 PPS0     3 N 1 -2.160878e-08  2.671814e-08  1.000e-06
2023-11-14 23:01:08.000000 PPS0     4 N 1 -1.873256e-07  1.797360e-07  1.000e-06
2023-11-14 23:01:09.000000 PPS0     5 N 1 -5.233067e-07  5.328541e-07  1.000e-06
2023-11-14 23:01:10.000000 PPS0     6 N 1 -4.426055e-07  4.471553e-07  1.000e-06
2023-11-14 23:01:11.000000 PPS0     7 N 1 -4.562743e-07  4.503520e-07  1.000e-06
2023-11-14 23:01:12.000000 PPS0     8 N 1 -8.125538e-08  7.751371e-08  1.000e-06
2023-11-14 23:01:13.000000 PPS0     9 N 1 -2.195630e-07  2.157141e-07  1.000e-06
2023-11-14 23:01:14.000000 PPS0    10 N 1 -3.804614e-07  3.854962e-07  1.000e-06
2023-11-14 23:01:15.000000 PPS0    11 N 1 -1.883909e-07  1.868585e-07  1.000e-06
2023-11-14 23:01:16.000000 PPS0    12 N 1 -3.617062e-07  3.545051e-07  1.000e-06
2023-11-14 23:01:17.000000 PPS0    13 N 1 -3.022477e-07  3.028734e-07  1.000e-06
2023-11-14 23:01:18.000000 PPS0    14 N 1 -1.464503e-07  1.477385e-07  1.000e-06
2023-11-14 23:01:19.000000 PPS0    15 N 1 -1.080384e-07  9.934181e-08  1.000e-06
2023-11-14 23:01:20.000000 PPS0     0 N 1 -7.171469e-08  6.799200e-08  1.000e-06
2023-11-14 23:01:21.000000 PPS0     1 N 1 -2.911893e-07  2.972653e-07  1.000e-06
2023-11-14 23:01:22.000000 PPS0     2 N 1 -1.092978e-07  1.073481e-07  1.000e-06
2023-11-14 23:01:23.000000 PPS0     3 N 1 -2.018171e-07  1.960431e-07  1.000e-06
2023-11-14 23:01:24.000000 PPS0     4 N 1 -2.972886e-07  2.991130e-07  1.000e-06
2023-11-14 23:01:25.000000 PPS0     5 N 1 -2.418765e-07  2.465413e-07  1.000e-06
2023-11-14 23:01:26.000000 PPS0     6 N 1 -2.848798e-07  2.858939e-07  1.000e-06
2023-11-14 23:01:27.000000 PPS0     7 N 1 -4.613101e-07  4.604582e-07  1.000e-06
2023-11-14 23:01:28.000000 PPS0     8 N 1 -1.787750e-07  1.770285e-07  1.000e-06
2023-11-14 23:01:29.000000 PPS0     9 N 1 -4.901392e-07  4.904134e-07  1.000e-06
2023-11-14 23:01:30.000000 PPS0    10 N 1 -4.875987e-07  4.846899e-07  1.000e-06
2023-11-14 23:01:31.000000 PPS0    11 N 1 -1.403094e-07  1.392232e-07  1.000e-06
2023-11-14 23:01:32.000000 PPS0    12 N 1 -3.621367e-07  3.631942e-07  1.000e-06
2023-11-14 23:01:33.000000 PPS0    13 N 1 -4.930042e-07  4.973890e-07  1.000e-06
2023-11-14 23:01:34.000000 PPS0    14 N 1 -1.542675e-07  1.394014e-07  1.000e-06
2023-11-14 23:01:35.000000 PPS0    15 N 1 -2.034212e-07  2.076713e-07  1.000e-06
2023-11-14 23:01:36.000000 PPS0     0 N 1 -1.705262e-07  1.689170e-07  1.000e-06
2023-11-14 23:01:37.000000 PPS0     1 N 1 -4.060834e-07  3.980460e-07  1.000e-06
2023-11-14 23:01:38.000000 PPS0     2 N 1 -1.999254e-07  1.998806e-07  1.000e-06
2023-11-14 23:01:39.000000 PPS0     3 N 1 -1.622676e-08  9.822421e-09  1.000e-06
2023-11-14 23:01:40.000000 PPS0     4 N 1  2.255326e-08 -1.815167e-08  1.000e-06
2023-11-14 23:01:41.000000 PPS0     5 N 1 -1.257748e-07  1.265819e-07  1.000e-06
2023-11-14 23:01:42.000000 PPS0     6 N 1 -2.805015e-07  2.756975e-07  1.000e-06
2023-11-14 23:01:43.000000 PPS0     7 N 1 -1.536694e-07  1.493046e-07  1.000e-06
2023-11-14 23:01:44.000000 PPS0     8 N 1 -1.325682e-07  1.405286e-07  1.000e-06
2023-11-14 23:01:45.000000 PPS0     9 N 1  3.189965e-08 -2.564510e-08  1.000e-06
2023-11-14 23:01:46.000000 PPS0    10 N 1 -1.531707e-07  1.521512e-07  1.000e-06
2023-11-14 23:01:47.000000 PPS0    11 N 1 -1.685452e-09  7.166212e-09  1.000e-06
2023-11-14 23:01:48.000000 PPS0    12 N 1 -3.260253e-07  3.212024e-07  1.000e-06
2023-11-14 23:01:49.000000 PPS0    13 N 1 -1.825145e-07  1.836214e-07  1.000e-06
2023-11-14 23:01:50.000000 PPS0    14 N 1 -3.505707e-07  3.416289e-07  1.000e-06
2023-11-14 23:01:51.000000 PPS0    15 N 1 -2.449519e-07  2.429004e-07  1.000e-06
2023-11-14 23:01:52.000000 PPS0     0 N 1 -1.439420e-07  1.379642e-07  1.000e-06
2023-11-14 23:01:53.000000 PPS0     1 N 1 -1.481240e-07  1.458756e-07  1.000e-06
2023-11-14 23:01:54.000000 PPS0     2 N 1 -1.377519e-07  1.454716e-07  1.000e-06
2023-11-14 23:01:55.000000 PPS0     3 N 1 -1.184022e-07  1.184785e-07  1.000e-06
2023-11-14 23:01:56.000000 PPS0     4 N 1 -5.505898e-08  4.810473e-08  1.000e-06
2023-11-14 23:01:57.000000 PPS0     5 N 1 -2.562690e-07  2.561012e-07  1.000e-06
2023-11-14 23:01:58.000000 PPS0     6 N 1 -2.326595e-07  2.296767e-07  1.000e-06
2023-11-14 23:01:59.000000 PPS0     7 N 1  8.457458e-08 -8.324309e-08  1.000e-06
2023-11-14 23:02:00.000000 PPS0     8 N 1 -1.105423e-07  1.113953e-07  1.000e-06
2023-11-14 23:02:01.000000 PPS0     9 N 1 -4.414442e-07  4.453086e-07  1.000e-06
2023-11-14 23:02:02.000000 PPS0    10 N 1 -8.879639e-08  8.821631e-08  1.000e-06
2023-11-14 23:02:03.000000 PPS0    11 N 1 -2.475320e-07  2.483161e-07  1.000e-06
2023-11-14 23:02:04.000000 PPS0    12 N 1 -4.560999e-07  4.632624e-07  1.000e-06
2023-11-14 23:02:05.000000 PPS0    13 N 1 -2.735719e-07  2.748745e-07  1.000e-06
2023-11-14 23:02:06.000000 PPS0    14 N 1 -1.833272e-07  1.769362e-07  1.000e-06
2023-11-14 23:02:07.000000 PPS0    15 N 1 -1.647506e-07  1.645454e-07  1.000e-06
2023-11-14 23:02:08.000000 PPS0     0 N 1 -1.996904e-07  2.019961e-07  1.000e-06
2023-11-14 23:02:09.000000 PPS0     1 N 1 -3.491148e-07  3.424927e-07  1.000e-06
2023-11-14 23:02:10.000000 PPS0     2 N 1 -2.081397e-07  2.134625e-07  1.000e-06
2023-11-14 23:02:11.000000 PPS0     3 N 1 -9.224213e-08  9.523536e-08  1.000e-06
2023-11-14 23:02:12.000000 PPS0     4 N 1 -3.361178e-07  3.299690e-07  1.000e-06
2023-11-14 23:02:13.000000 PPS0     5 N 1 -9.504159e-08  9.951893e-08  1.000e-06
2023-11-14 23:02:14.000000 PPS0     6 N 1 -1.803367e-07  1.806403e-07  1.000e-06
2023-11-14 23:02:15.000000 PPS0     7 N 1 -2.401711e-07  2.320676e-07  1.000e-06
2023-11-14 23:02:16.000000 PPS0     8 N 1 -1.388588e-07  1.422488e-07  1.000e-06
2023-11-14 23:02:17.000000 PPS0     9 N 1 -1.260289e-07  1.265881e-07  1.000e-06
2023-11-14 23:02:18.000000 PPS0    10 N 1 -3.822583e-08  3.310638e-08  1.000e-06
2023-11-14 23:02:19.000000 PPS0    11 N 1 -4.436473e-07  4.478743e-07  1.000e-06
2023-11-14 23:02:20.000000 PPS0    12 N 1 -2.047055e-07  2.086734e-07  1.000e-06
2023-11-14 23:02:21.000000 PPS0    13 N 1 -1.842716e-07  1.873845e-07  1.000e-06
2023-11-14 23:02:22.000000 PPS0    14 N 1 -1.235729e-09  2.457122e-09  1.000e-06
2023-11-14 23:02:23.000000 PPS0    15 N 1 -3.960789e-07  4.066391e-07  1.000e-06
2023-11-14 23:02:24.000000 PPS0     0 N 1 -1.871190e-07  1.916243e-07  1.000e-06
2023-11-14 23:02:25.000000 PPS0     1 N 1 -2.160593e-07  2.122640e-07  1.000e-06
2023-11-14 23:02:26.000000 PPS0     2 N 1 -2.454632e-07  2.318257e-07  1.000e-06
2023-11-14 23:02:27.000000 PPS0     3 N 1 -1.314732e-07  1.281352e-07  1.000e-06
2023-11-14 23:02:28.000000 PPS0     4 N 1  5.835490e-08 -5.496942e-08  1.000e-06
2023-11-14 23:02:29.000000 PPS0     5 N 1  1.429988e-09  1.925858e-09  1.000e-06
2023-11-14 23:02:30.000000 PPS0     6 N 1 -2.858859e-07  2.866785e-07  1.000e-06
2023-11-14 23:02:31.000000 PPS0     7 N 1 -2.859245e-08  2.795984e-08  1.000e-06
2023-11-14 23:02:32.000000 PPS0     8 N 1 -1.544323e-07  1.552086e-07  1.000e-06
2023-11-14 23:02:33.000000 PPS0     9 N 1 -1.184384e-07  1.188826e-07  1.000e-06
2023-11-14 23:02:34.000000 PPS0    10 N 1  1.470877e-08 -1.009171e-08  1.000e-06
2023-11-14 23:02:35.000000 PPS0    11 N 1 -1.657610e-07  1.682290e-07  1.000e-06
2023-11-14 23:02:36.000000 PPS0    12 N 1 -2.730599e-07  2.732464e-07  1.000e-06
2023-11-14 23:02:37.000000 PPS0    13 N 1 -1.288888e-07  1.310349e-07  1.000e-06
2023-11-14 23:02:38.000000 PPS0    14 N 1 -4.891801e-07  4.866289e-07  1.000e-06
2023-11-14 23:02:39.000000 PPS0    15 N 1 -3.520459e-07  3.629839e-07  1.000e-06
2023-11-14 23:02:40.000000 PPS0     0 N 1  5.551575e-09 -2.148687e-09  1.000e-06
2023-11-14 23:02:41.000000 PPS0     1 N 1 -2.742533e-07  2.740395e-07  1.000e-06
2023-11-14 23:02:42.000000 PPS0     2 N 1 -1.343982e-07  1.416408e-07  1.000e-06
2023-11-14 23:02:43.000000 PPS0     3 N 1 -3.608004e-07  3.566971e-07  1.000e-06
2023-11-14 23:02:44.000000 PPS0     4 N 1 -3.708420e-07  3.659264e-07  1.000e-06
2023-11-14 23:02:45.000000 PPS0     5 N 1 -2.860071e-07  2.845449e-07  1.000e-06
2023-11-14 23:02:46.000000 PPS0     6 N 1 -3.792063e-08  3.475146e-08  1.000e-06
2023-11-14 23:02:47.000000 PPS0     7 N 1 -1.653290e-07  1.639697e-07  1.000e-06
2023-11-14 23:02:48.000000 PPS0     8 N 1 -4.192489e-07  4.246683e-07  1.000e-06
2023-11-14 23:02:49.000000 PPS0     9 N 1 -6.000435e-08  5.991328e-08  1.000e-06
2023-11-14 23:02:50.000000 PPS0    10 N 1 -2.447920e-07  2.451355e-07  1.000e-06
2023-11-14 23:02:51.000000 PPS0    11 N 1 -9.867894e-08  9.520765e-08  1.000e-06
2023-11-14 23:02:52.000000 PPS0    12 N 1 -2.901845e-07  2.919382e-07  1.000e-06
2023-11-14 23:02:53.000000 PPS0    13 N 1 -3.486250e-07  3.415715e-07  1.000e-06
2023-11-14 23:02:54.000000 PPS0    14 N 1 -1.647981e-07  1.620059e-07  1.000e-06
2023-11-14 23:02:55.000000 PPS0    15 N 1 -4.343881e-07  4.402790e-07  1.000e-06
2023-11-14 23:02:56.000000 PPS0     0 N 1 -1.512021e-07  1.452723e-07  1.000e-06
2023-11-14 23:02:57.000000 PPS0     1 N 1 -4.153565e-07  4.113114e-07  1.000e-06
2023-11-14 23:02:58.000000 PPS0     2 N 1 -2.494980e-07  2.537933e-07  1.000e-06
2023-11-14 23:02:59.000000 PPS0     3 N 1 -3.306427e-07  3.311299e-07  1.000e-06
2023-11-14 23:03:00.000000 PPS0     4 N 1 -4.247321e-07  4.261520e-07  1.000e-06
2023-11-14 23:03:01.000000 PPS0     5 N 1 -1.274355e-07  1.343468e-07  1.000e-06
2023-11-14 23:03:02.000000 PPS0     6 N 1 -7.749481e-08  7.195696e-08  1.000e-06
2023-11-14 23:03:03.000000 PPS0     7 N 1 -1.928378e-07  1.959740e-07  1.000e-06
2023-11-14 23:03:04.000000 PPS0     8 N 1 -2.931947e-07  2.903959e-07  1.000e-06
2023-11-14 23:03:05.000000 PPS0     9 N 1 -2.047648e-07  2.047094e-07  1.000e-06
2023-11-14 23:03:06.000000 PPS0    10 N 1 -4.066333e-07  4.076510e-07  1.000e-06
2023-11-14 23:03:07.000000 PPS0    11 N 1 -6.988714e-08  6.826636e-08  1.000e-06
2023-11-14 23:03:08.000000 PPS0    12 N 1 -1.421355e-07  1.443410e-07  1.000e-06
2023-11-14 23:03:09.000000 PPS0    13 N 1 -1.845083e-07  1.813696e-07  1.000e-06
2023-11-14 23:03:10.000000 PPS0    14 N 1 -2.832980e-07  2.908034e-07  1.000e-06
2023-11-14 23:03:11.000000 PPS0    15 N 1 -2.922939e-09 -4.938505e-09  1.000e-06
2023-11-14 23:03:12.000000 PPS0     0 N 1 -2.802636e-07  2.823943e-07  1.000e-06
2023-11-14 23:03:13.000000 PPS0     1 N 1 -1.722611e-07  1.828443e-07  1.000e-06
2023-11-14 23:03:14.000000 PPS0     2 N 1 -3.418218e-07  3.443194e-07  1.000e-06
2023-11-14 23:03:15.000000 PPS0     3 N 1 -1.580448e-07  1.585359e-07  1.000e-06
2023-11-14 23:03:16.000000 PPS0     4 N 1 -3.162876e-07  3.113917e-07  1.000e-06
2023-11-14 23:03:17.000000 PPS0     5 N 1 -2.426357e-07  2.325732e-07  1.000e-06
2023-11-14 23:03:18.000000 PPS0     6 N 1  1.339506e-08 -1.254322e-08  1.000e-06
2023-11-14 23:03:19.000000 PPS0     7 N 1 -2.738582e-08  2.860922e-08  1.000e-06
2023-11-14 23:03:20.000000 PPS0     8 N 1  1.210821e-07 -1.196254e-07  1.000e-06
2023-11-14 23:03:21.000000 PPS0     9 N 1 -1.683881e-07  1.768996e-07  1.000e-06
2023-11-14 23:03:22.000000 PPS0    10 N 1 -7.226725e-08  8.459670e-08  1.000e-06
2023-11-14 23:03:23.000000 PPS0    11 N 1 -1.648958e-07  1.657660e-07  1.000e-06
2023-11-14 23:03:24.000000 PPS0    12 N 1 -6.985188e-08  7.112234e-08  1.000e-06
2023-11-14 23:03:25.000000 PPS0    13 N 1 -1.493193e-07  1.526297e-07  1.000e-06
2023-11-14 23:03:26.000000 PPS0    14 N 1 -3.658296e-07  3.653435e-07  1.000e-06
2023-11-14 23:03:27.000000 PPS0    15 N 1 -1.046510e-07  1.007041e-07  1.000e-06
2023-11-14 23:03:28.000000 PPS0     0 N 1 -3.691063e-07  3.573360e-07  1.000e-06
2023-11-14 23:03:29.000000 PPS0     1 N 1 -2.633380e-07  2.612479e-07  1.000e-06
2023-11-14 23:03:30.000000 PPS0     2 N 1 -2.745629e-07  2.819939e-07  1.000e-06
2023-11-14 23:03:31.000000 PPS0     3 N 1  9.859932e-08 -1.031277e-07  1.000e-06
2023-11-14 23:03:32.000000 PPS0     4 N 1 -3.489296e-07  3.501121e-07  1.000e-06
2023-11-14 23:03:33.000000 PPS0     5 N 1 -1.051575e-07  1.002539e-07  1.000e-06
2023-11-14 23:03:34.000000 PPS0     6 N 1 -2.749490e-07  2.757020e-07  1.000e-06
2023-11-14 23:03:35.000000 PPS0     7 N 1 -4.532519e-07  4.481344e-07  1.000e-06
2023-11-14 23:03:36.000000 PPS0     8 N 1 -1.287314e-07  1.325648e-07  1.000e-06
2023-11-14 23:03:37.000000 PPS0     9 N 1 -2.079264e-07  2.060251e-07  1.000e-06
2023-11-14 23:03:38.000000 PPS0    10 N 1 -7.926270e-08  7.875171e-08  1.000e-06
2023-11-14 23:03:39.000000 PPS0    11 N 1 -4.087169e-07  4.106519e-07  1.000e-06
2023-11-14 23:03:40.000000 PPS0    12 N 1 -3.727752e-08  3.915557e-08  1.000e-06
2023-11-14 23:03:41.000000 PPS0    13 N 1 -2.532856e-07  2.512362e-07  1.000e-06
2023-11-14 23:03:42.000000 PPS0    14 N 1 -3.965627e-07  3.905012e-07  1.000e-06
2023-11-14 23:03:43.000000 PPS0    15 N 1 -2.854393e-07  2.832302e-07  1.000e-06
2023-11-14 23:03:44.000000 PPS0     0 N 1 -2.984972e-07  2.979241e-07  1.000e-06
2023-11-14 23:03:45.000000 PPS0     1 N 1 -2.166194e-07  2.176081e-07  1.000e-06
2023-11-14 23:03:46.000000 PPS0     2 N 1 -4.283325e-07  4.315244e-07  1.000e-06
2023-11-14 23:03:47.000000 PPS0     3 N 1  9.402994e-08 -9.378299e-08  1.000e-06
2023-11-14 23:03:48.000000 PPS0     4 N 1 -5.014475e-08  5.078499e-08  1.000e-06
2023-11-14 23:03:49.000000 PPS0     5 N 1 -4.639705e-07  4.692297e-07  1.000e-06
2023-11-14 23:03:50.000000 PPS0     6 N 1 -2.159460e-07  2.085816e-07  1.000e-06
2023-11-14 23:03:51.000000 PPS0     7 N 1 -4.842450e-07  4.877732e-07  1.000e-06
2023-11-14 23:03:52.000000 PPS0     8 N 1 -1.072964e-07  1.043378e-07  1.000e-06
2023-11-14 23:03:53.000000 PPS0     9 N 1 -2.912386e-07  2.951362e-07  1.000e-06
2023-11-14 23:03:54.000000 PPS0    10 N 1 -2.108704e-07  2.079618e-07  1.000e-06
2023-11-14 23:03:55.000000 PPS0    11 N 1 -3.548447e-07  3.540283e-07  1.000e-06
2023-11-14 23:03:56.000000 PPS0    12 N 1 -4.728514e-07  4.778904e-07  1.000e-06
2023-11-14 23:03:57.000000 PPS0    13 N 1 -2.000000e-07  2.001124e-07  1.000e-06
2023-11-14 23:03:58.000000 PPS0    14 N 1 -3.472941e-07  3.467670e-07  1.000e-06
2023-11-14 23:03:59.000000 PPS0    15 N 1 -3.120218e-07  3.101633e-07  1.000e-06
2023-11-14 23:04:00.000000 PPS0     0 N 1 -3.960455e-07  3.953255e-07  1.000e-06
2023-11-14 23:04:01.000000 PPS0     1 N 1 -3.097259e-07  3.073886e-07  1.000e-06
2023-11-14 23:04:02.000000 PPS0     2 N 1 -3.057575e-07  2.972514e-07  1.000e-06
2023-11-14 23:04:03.000000 PPS0     3 N 1  6.935650e-08 -7.827595e-08  1.000e-06
2023-11-14 23:04:04.000000 PPS0     4 N 1 -4.473986e-07  4.401069e-07  1.000e-06
2023-11-14 23:04:05.000000 PPS0     5 N 1 -1.442953e-08  1.588182e-08  1.000e-06
2023-11-14 23:04:06.000000 PPS0     6 N 1 -2.960141e-07  2.931412e-07  1.000e-06
2023-11-14 23:04:07.000000 PPS0     7 N 1 -2.074923e-08  1.940806e-08  1.000e-06
2023-11-14 23:04:08.000000 PPS0     8 N 1 -3.247930e-07  3.204057e-07  1.000e-06
2023-11-14 23:04:09.000000 PPS0     9 N 1  3.978112e-08 -4.720745e-08  1.000e-06
2023-11-14 23:04:10.000000 PPS0    10 N 1  1.178378e-07 -1.182684e-07  1.000e-06
2023-11-14 23:04:11.000000 PPS0    11 N 1  1.759021e-07 -1.758837e-07  1.000e-06
2023-11-14 23:04:12.000000 PPS0    12 N 1 -2.541674e-07  2.449679e-07  1.000e-06
2023-11-14 23:04:13.000000 PPS0    13 N 1 -5.006029e-07  4.983041e-07  1.000e-06
2023-11-14 23:04:14.000000 PPS0    14 N 1 -3.402006e-07  3.359607e-07  1.000e-06
2023-11-14 23:04:15.000000 PPS0    15 N 1 -3.257634e-07  3.227575e-07  1.000e-06
2023-11-14 23:04:16.000000 PPS0     0 N 1 -4.007333e-07  4.076149e-07  1.000e-06
2023-11-14 23:04:17.000000 PPS0     1 N 1 -1.556221e-07  1.618969e-07  1.000e-06
2023-11-14 23:04:18.000000 PPS0     2 N 1 -1.546573e-07  1.508948e-07  1.000e-06
2023-11-14 23:04:19.000000 PPS0     3 N 1 -4.443148e-08  5.235472e-08  1.000e-06
2023-11-14 23:04:20.000000 PPS0     4 N 1 -2.041703e-07  2.067051e-07  1.000e-06
2023-11-14 23:04:21.000000 PPS0     5 N 1 -1.366845e-07  1.367503e-07  1.000e-06
2023-11-14 23:04:22.000000 PPS0     6 N 1 -4.035050e-08  4.290268e-08  1.000e-06
2023-11-14 23:04:23.000000 PPS0     7 N 1 -1.203945e-08  7.022582e-09  1.000e-06
2023-11-14 23:04:24.000000 PPS0     8 N 1 -2.935899e-07  2.993583e-07  1.000e-06
2023-11-14 23:04:25.000000 PPS0     9 N 1 -2.252501e-07  2.274696e-07  1.000e-06
2023-11-14 23:04:26.000000 PPS0    10 N 1 -3.705958e-07  3.735064e-07  1.000e-06
2023-11-14 23:04:27.000000 PPS0    11 N 1  1.748303e-08 -2.141035e-08  1.000e-06
2023-11-14 23:04:28.000000 PPS0    12 N 1 -1.090646e-07  1.105371e-07  1.000e-06
2023-11-14 23:04:29.000000 PPS0    13 N 1 -1.973343e-07  1.910880e-07  1.000e-06
2023-11-14 23:04:30.000000 PPS0    14 N 1 -1.055234e-07  1.089844e-07  1.000e-06
2023-11-14 23:04:31.000000 PPS0    15 N 1 -1.695528e-07  1.647929e-07  1.000e-06
2023-11-14 23:04:32.000000 PPS0     0 N 1 -4.943126e-08  5.102512e-08  1.000e-06
2023-11-14 23:04:33.000000 PPS0     1 N 1 -2.099231e-07  2.139149e-07  1.000e-06
2023-11-14 23:04:34.000000 PPS0     2 N 1 -2.664621e-07  2.670605e-07  1.000e-06
2023-11-14 23:04:35.000000 PPS0     3 N 1 -1.442326e-07  1.463220e-07  1.000e-06
2023-11-14 23:04:36.000000 PPS0     4 N 1 -3.247982e-07  3.242978e-07  1.000e-06
2023-11-14 23:04:37.000000 PPS0     5 N 1 -1.671036e-07  1.685012e-07  1.000e-06
2023-11-14 23:04:38.000000 PPS0     6 N 1 -1.033782e-07  1.027553e-07  1.000e-06
2023-11-14 23:04:39.000000 PPS0     7 N 1 -4.660314e-08  4.536478e-08  1.000e-06
2023-11-14 23:04:40.000000 PPS0     8 N 1 -3.188167e-07  3.203689e-07  1.000e-06
2023-11-14 23:04:41.000000 PPS0     9 N 1 -2.835746e-07  2.799606e-07  1.000e-06
2023-11-14 23:04:42.000000 PPS0    10 N 1  1.265863e-07 -1.259924e-07  1.000e-06
2023-11-14 23:04:43.000000 PPS0    11 N 1 -1.671327e-07  1.731294e-07  1.000e-06
2023-11-14 23:04:44.000000 PPS0    12 N 1 -3.248795e-07  3.202379e-07  1.000e-06
2023-11-14 23:04:45.000000 PPS0    13 N 1  1.275941e-07 -1.283455e-07  1.000e-06
2023-11-14 23:04:46.000000 PPS0    14 N 1 -2.479662e-07  2.520742e-07  1.000e-06
2023-11-14 23:04:47.000000 PPS0    15 N 1 -5.043517e-07  5.053000e-07  1.000e-06
2023-11-14 23:04:48.000000 PPS0     0 N 1 -2.391723e-07  2.443039e-07  1.000e-06
2023-11-14 23:04:49.000000 PPS0     1 N 1 -7.981040e-08  8.367188e-08  1.000e-06
2023-11-14 23:04:50.000000 PPS0     2 N 1 -3.120161e-09  4.872090e-09  1.000e-06
2023-11-14 23:04:51.000000 PPS0     3 N 1 -3.176828e-07  3.217126e-07  1.000e-06
2023-11-14 23:04:52.000000 PPS0     4 N 1 -8.273024e-08  8.882215e-08  1.000e-06
2023-11-14 23:04:53.000000 PPS0     5 N 1 -9.105007e-08  9.219598e-08  1.000e-06
2023-11-14 23:04:54.000000 PPS0     6 N 1  7.582407e-08 -8.119019e-08  1.000e-06
2023-11-14 23:04:55.000000 PPS0     7 N 1 -9.065375e-08  8.651302e-08  1.000e-06
2023-11-14 23:04:56.000000 PPS0     8 N 1 -3.463650e-07  3.475021e-07  1.000e-06
2023-11-14 23:04:57.000000 PPS0     9 N 1 -1.968370e-07  1.865897e-07  1.000e-06
2023-11-14 23:04:58.000000 PPS0    10 N 1 -7.324248e-08  7.192781e-08  1.000e-06
2023-11-14 23:04:59.000000 PPS0    11 N 1 -6.940209e-08  7.727760e-08  1.000e-06
2023-11-14 23:05:00.000000 PPS0    12 N 1 -1.870856e-07  1.832322e-07  1.000e-06
2023-11-14 23:05:01.000000 PPS0    13 N 1 -1.731041e-07  1.679714e-07  1.000e-06
2023-11-14 23:05:02.000000 PPS0    14 N 1 -2.484345e-07  2.507081e-07  1.000e-06
2023-11-14 23:05:03.000000 PPS0    15 N 1 -1.562661e-07  1.570256e-07  1.000e-06
2023-11-14 23:05:04.000000 PPS0     0 N 1 -3.341598e-07  3.396615e-07  1.000e-06
2023-11-14 23:05:05.000000 PPS0     1 N 1 -7.294406e-07  7.286309e-07  1.000e-06
2023-11-14 23:05:06.000000 PPS0     2 N 1 -2.300319e-07  2.244056e-07  1.000e-06
2023-11-14 23:05:07.000000 PPS0     3 N 1 -1.497521e-07  1.466523e-07  1.000e-06
2023-11-14 23:05:08.000000 PPS0     4 N 1 -3.561637e-07  3.532960e-07  1.000e-06
2023-11-14 23:05:09.000000 PPS0     5 N 1 -8.500691e-08  8.834899e-08  1.000e-06
2023-11-14 23:05:10.000000 PPS0     6 N 1 -1.067324e-07  1.026363e-07  1.000e-06
2023-11-14 23:05:11.000000 PPS0     7 N 1 -2.555367e-07  2.600691e-07  1.000e-06
2023-11-14 23:05:12.000000 PPS0     8 N 1 -2.940463e-07  2.964182e-07  1.000e-06
2023-11-14 23:05:13.000000 PPS0     9 N 1 -2.754659e-07  2.769837e-07  1.000e-06
2023-11-14 23:05:14.000000 PPS0    10 N 1 -2.025631e-07  1.997357e-07  1.000e-06
2023-11-14 23:05:15.000000 PPS0    11 N 1 -1.500721e-07  1.588834e-07  1.000e-06
2023-11-14 23:05:16.000000 PPS0    12 N 1 -9.864256e-08  1.032607e-07  1.000e-06
2023-11-14 23:05:17.000000 PPS0    13 N 1 -1.943533e-07  1.966791e-07  1.000e-06
2023-11-14 23:05:18.000000 PPS0    14 N 1 -5.769524e-08  5.285413e-08  1.000e-06
2023-11-14 23:05:19.000000 PPS0    15 N 1 -1.474037e-07  1.397884e-07  1.000e-06
2023-11-14 23:05:20.000000 PPS0     0 N 1 -2.112044e-07  2.182486e-07  1.000e-06
2023-11-14 23:05:21.000000 PPS0     1 N 1 -2.170324e-07  2.218367e-07  1.000e-06
2023-11-14 23:05:22.000000 PPS0     2 N 1 -4.411975e-07  4.457477e-07  1.000e-06
2023-11-14 23:05:23.000000 PPS0     3 N 1 -1.090727e-07  1.070360e-07  1.000e-06
2023-11-14 23:05:24.000000 PPS0     4 N 1 -1.853997e-07  1.800336e-07  1.000e-06
2023-11-14 23:05:25.000000 PPS0     5 N 1 -1.727175e-07  1.682589e-07  1.000e-06
2023-11-14 23:05:26.000000 PPS0     6 N 1 -1.651912e-07  1.751773e-07  1.000e-06
2023-11-14 23:05:27.000000 PPS0     7 N 1 -2.142299e-07  2.110798e-07  1.000e-06
2023-11-14 23:05:28.000000 PPS0     8 N 1 -2.007007e-07  2.053954e-07  1.000e-06
2023-11-14 23:05:29.000000 PPS0     9 N 1 -1.244347e-07  1.230919e-07  1.000e-06
2023-11-14 23:05:30.000000 PPS0    10 N 1 -3.250748e-07  3.250587e-07  1.000e-06
2023-11-14 23:05:31.000000 PPS0    11 N 1 -2.154024e-07  2.195874e-07  1.000e-06
2023-11-14 23:05:32.000000 PPS0    12 N 1 -3.533864e-07  3.606797e-07  1.000e-06
2023-11-14 23:05:33.000000 PPS0    13 N 1 -1.448033e-07  1.525992e-07  1.000e-06
2023-11-14 23:05:34.000000 PPS0    14 N 1 -3.703634e-07  3.685054e-07  1.000e-06
2023-11-14 23:05:35.000000 PPS0    15 N 1  1.473534e-07 -1.440725e-07  1.000e-06
2023-11-14 23:05:36.000000 PPS0     0 N 1 -3.557605e-07  3.510451e-07  1.000e-06
2023-11-14 23:05:37.000000 PPS0     1 N 1 -3.044441e-07  2.953102e-07  1.000e-06
2023-11-14 23:05:38.000000 PPS0     2 N 1 -4.094420e-08  3.860462e-08  1.000e-06
2023-11-14 23:05:39.000000 PPS0     3 N 1 -3.646618e-07  3.658711e-07  1.000e-06
2023-11-14 23:05:40.000000 PPS0     4 N 1 -3.347218e-08  3.422298e-08  1.000e-06
2023-11-14 23:05:41.000000 PPS0     5 N 1 -4.809966e-07  4.726211e-07  1.000e-06
2023-11-14 23:05:42.000000 PPS0     6 N 1 -2.412016e-07  2.383452e-07  1.000e-06
2023-11-14 23:05:43.000000 PPS0     7 N 1 -2.220325e-07  2.226676e-07  1.000e-06
2023-11-14 23:05:44.000000 PPS0     8 N 1 -2.009369e-07  2.016766e-07  1.000e-06
2023-11-14 23:05:45.000000 PPS0     9 N 1 -3.390243e-07  3.431128e-07  1.000e-06
2023-11-14 23:05:46.000000 PPS0    10 N 1 -2.407037e-07  2.387412e-07  1.000e-06
2023-11-14 23:05:47.000000 PPS0    11 N 1 -2.802991e-08  2.647512e-08  1.000e-06
2023-11-14 23:05:48.000000 PPS0    12 N 1 -4.113055e-07  4.135955e-07  1.000e-06
2023-11-14 23:05:49.000000 PPS0    13 N 1  5.091280e-08 -5.020179e-08  1.000e-06
2023-11-14 23:05:50.000000 PPS0    14 N 1 -1.094076e-07  1.103804e-07  1.000e-06
2023-11-14 23:05:51.000000 PPS0    15 N 1  7.740152e-08 -8.275167e-08  1.000e-06
2023-11-14 23:05:52.000000 PPS0     0 N 1 -1.856427e-07  1.903725e-07  1.000e-06
2023-11-14 23:05:53.000000 PPS0     1 N 1 -2.805527e-07  2.863286e-07  1.000e-06
2023-11-14 23:05:54.000000 PPS0     2 N 1 -6.541228e-08  6.419010e-08  1.000e-06
2023-11-14 23:05:55.000000 PPS0     3 N 1 -9.991326e-08  1.053803e-07  1.000e-06
2023-11-14 23:05:56.000000 PPS0     4 N 1 -2.747797e-07  2.783844e-07  1.000e-06
2023-11-14 23:05:57.000000 PPS0     5 N 1 -2.438336e-07  2.415042e-07  1.000e-06
2023-11-14 23:05:58.000000 PPS0     6 N 1  1.171962e-08 -9.858406e-09  1.000e-06
2023-11-14 23:05:59.000000 PPS0     7 N 1 -3.912228e-07  3.891678e-07  1.000e-06
2023-11-14 23:06:00.000000 PPS0     8 N 1 -2.052550e-07  2.038025e-07  1.000e-06
2023-11-14 23:06:01.000000 PPS0     9 N 1 -2.949785e-07  2.941269e-07  1.000e-06
2023-11-14 23:06:02.000000 PPS0    10 N 1  1.009854e-08 -5.368708e-09  1.000e-06
2023-11-14 23:06:03.000000 PPS0    11 N 1 -3.656576e-07  3.659609e-07  1.000e-06
2023-11-14 23:06:04.000000 PPS0    12 N 1  1.825785e-07 -1.788316e-07  1.000e-06
2023-11-14 23:06:05.000000 PPS0    13 N 1 -5.197182e-08  5.349643e-08  1.000e-06
2023-11-14 23:06:06.000000 PPS0    14 N 1 -1.477868e-07  1.537130e-07  1.000e-06
2023-11-14 23:06:07.000000 PPS0    15 N 1 -4.559464e-07  4.588066e-07  1.000e-06
2023-11-14 23:06:08.000000 PPS0     0 N 1 -1.018091e-07  9.414923e-08  1.000e-06
2023-11-14 23:06:09.000000 PPS0     1 N 1 -1.152862e-07  1.088674e-07  1.000e-06
2023-11-14 23:06:10.000000 PPS0     2 N 1 -1.532607e-07  1.554079e-07  1.000e-06
2023-11-14 23:06:11.000000 PPS0     3 N 1  5.244156e-08 -5.660520e-08  1.000e-06
2023-11-14 23:06:12.000000 PPS0     4 N 1 -8.926074e-08  8.998160e-08  1.000e-06
2023-11-14 23:06:13.000000 PPS0     5 N 1 -2.527864e-07  2.481320e-07  1.000e-06
2023-11-14 23:06:14.000000 PPS0     6 N 1 -3.269074e-07  3.268154e-07  1.000e-06
2023-11-14 23:06:15.000000 PPS0     7 N 1 -1.653117e-07  1.632345e-07  1.000e-06
2023-11-14 23:06:16.000000 PPS0     8 N 1  1.590915e-08 -1.473074e-08  1.000e-06
2023-11-14 23:06:17.000000 PPS0     9 N 1 -2.223506e-07  2.174460e-07  1.000e-06
2023-11-14 23:06:18.000000 PPS0    10 N 1 -7.141694e-08  6.157440e-08  1.000e-06
2023-11-14 23:06:19.000000 PPS0    11 N 1 -1.449557e-07  1.536835e-07  1.000e-06
2023-11-14 23:06:20.000000 PPS0    12 N 1 -2.852039e-07  2.873762e-07  1.000e-06
2023-11-14 23:06:21.000000 PPS0    13 N 1 -2.503862e-07  2.517691e-07  1.000e-06
2023-11-14 23:06:22.000000 PPS0    14 N 1 -1.146428e-07  1.163126e-07  1.000e-06
2023-11-14 23:06:23.000000 PPS0    15 N 1 -2.300496e-07  2.271512e-07  1.000e-06
2023-11-14 23:06:24.000000 PPS0     0 N 1 -1.558325e-07  1.561779e-07  1.000e-06
2023-11-14 23:06:25.000000 PPS0     1 N 1 -1.796157e-07  1.811655e-07  1.000e-06
2023-11-14 23:06:26.000000 PPS0     2 N 1 -2.166535e-07  2.062100e-07  1.000e-06
2023-11-14 23:06:27.000000 PPS0     3 N 1 -1.926746e-07  1.897819e-07  1.000e-06
2023-11-14 23:06:28.000000 PPS0     4 N 1 -6.761441e-08  5.248105e-08  1.000e-06
2023-11-14 23:06:29.000000 PPS0     5 N 1 -9.776538e-08  9.917388e-08  1.000e-06
2023-11-14 23:06:30.000000 PPS0     6 N 1 -3.156486e-07  3.074867e-07  1.000e-06
2023-11-14 23:06:31.000000 PPS0     7 N 1 -1.441476e-07  1.417279e-07  1.000e-06
2023-11-14 23:06:32.000000 PPS0     8 N 1 -4.732013e-07  4.655717e-07  1.000e-06
2023-11-14 23:06:33.000000 PPS0     9 N 1 -2.257485e-07  2.207808e-07  1.000e-06
2023-11-14 23:06:34.000000 PPS0    10 N 1  2.258861e-07 -2.205290e-07  1.000e-06
2023-11-14 23:06:35.000000 PPS0    11 N 1 -1.789539e-07  1.837088e-07  1.000e-06
2023-11-14 23:06:36.000000 PPS0    12 N 1 -2.103549e-07  2.205379e-07  1.000e-06
2023-11-14 23:06:37.000000 PPS0    13 N 1 -1.578378e-08  1.496445e-08  1.000e-06
2023-11-14 23:06:38.000000 PPS0    14 N 1 -3.999955e-07  4.025178e-07  1.000e-06
2023-11-14 23:06:39.000000 PPS0    15 N 1 -5.027759e-07  5.063485e-07  1.000e-06
2023-11-14 23:06:40.000000 PPS0     0 N 1 -3.059178e-07  3.193011e-07  1.000e-06
2023-11-14 23:06:41.000000 PPS0     1 N 1 -2.063371e-07  2.025289e-07  1.000e-06
2023-11-14 23:06:42.000000 PPS0     2 N 1  8.683968e-08 -8.622345e-08  1.000e-06
2023-11-14 23:06:43.000000 PPS0     3 N 1 -1.772308e-07  1.679788e-07  1.000e-06
2023-11-14 23:06:44.000000 PPS0     4 N 1 -2.698792e-07  2.714090e-07  1.000e-06
2023-11-14 23:06:45.000000 PPS0     5 N 1  7.776662e-08 -7.297651e-08  1.000e-06
2023-11-14 23:06:46.000000 PPS0     6 N 1 -1.267960e-07  1.274179e-07  1.000e-06
2023-11-14 23:06:47.000000 PPS0     7 N 1 -2.137345e-08  2.313296e-08  1.000e-06
2023-11-14 23:06:48.000000 PPS0     8 N 1 -2.115351e-07  2.039724e-07  1.000e-06
2023-11-14 23:06:49.000000 PPS0     9 N 1 -1.381345e-07  1.345297e-07  1.000e-06
2023-11-14 23:06:50.000000 PPS0    10 N 1 -2.726953e-07  2.709355e-07  1.000e-06
2023-11-14 23:06:51.000000 PPS0    11 N 1 -3.308404e-07  3.368242e-07  1.000e-06
2023-11-14 23:06:52.000000 PPS0    12 N 1 -1.161415e-07  1.156972e-07  1.000e-06
2023-11-14 23:06:53.000000 PPS0    13 N 1 -4.317350e-07  4.322363e-07  1.000e-06
2023-11-14 23:06:54.000000 PPS0    14 N 1 -8.932071e-08  8.011028e-08  1.000e-06
2023-11-14 23:06:55.000000 PPS0    15 N 1 -3.829162e-07  3.812507e-07  1.000e-06
2023-11-14 23:06:56.000000 PPS0     0 N 1 -4.012234e-09  1.824486e-08  1.000e-06
2023-11-14 23:06:57.000000 PPS0     1 N 1  2.106154e-08 -2.499521e-08  1.000e-06
2023-11-14 23:06:58.000000 PPS0     2 N 1 -1.642905e-07  1.760684e-07  1.000e-06
2023-11-14 23:06:59.000000 PPS0     3 N 1 -6.477878e-08  6.772624e-08  1.000e-06
2023-11-14 23:07:00.000000 PPS0     4 N 1 -8.904041e-08  8.731755e-08  1.000e-06
2023-11-14 23:07:01.000000 PPS0     5 N 1 -4.984598e-07  4.925826e-07  1.000e-06
2023-11-14 23:07:02.000000 PPS0     6 N 1 -2.615429e-07  2.641624e-07  1.000e-06
2023-11-14 23:07:03.000000 PPS0     7 N 1 -8.591863e-08  8.701616e-08  1.000e-06
2023-11-14 23:07:04.000000 PPS0     8 N 1 -2.247693e-07  2.312440e-07  1.000e-06
2023-11-14 23:07:05.000000 PPS0     9 N 1 -6.907841e-08  7.006779e-08  1.000e-06
2023-11-14 23:07:06.000000 PPS0    10 N 1 -2.561093e-07  2.569096e-07  1.000e-06
2023-11-14 23:07:07.000000 PPS0    11 N 1 -4.523319e-08  4.941533e-08  1.000e-06
2023-11-14 23:07:08.000000 PPS0    12 N 1 -1.831430e-07  1.855058e-07  1.000e-06
2023-11-14 23:07:09.000000 PPS0    13 N 1 -1.748835e-07  1.784752e-07  1.000e-06
2023-11-14 23:07:10.000000 PPS0    14 N 1 -1.903207e-07  2.005605e-07  1.000e-06
2023-11-14 23:07:11.000000 PPS0    15 N 1  9.243759e-08 -9.794671e-08  1.000e-06
2023-11-14 23:07:12.000000 PPS0     0 N 1 -1.113962e-07  1.145646e-07  1.000e-06
2023-11-14 23:07:13.000000 PPS0     1 N 1 -2.107507e-08  1.388250e-08  1.000e-06
2023-11-14 23:07:14.000000 PPS0     2 N 1 -2.901474e-07  2.949346e-07  1.000e-06
2023-11-14 23:07:15.000000 PPS0     3 N 1 -1.003192e-07  1.078631e-07  1.000e-06
2023-11-14 23:07:16.000000 PPS0     4 N 1  3.199075e-08 -3.591267e-08  1.000e-06
2023-11-14 23:07:17.000000 PPS0     5 N 1 -1.401064e-07  1.379550e-07  1.000e-06
2023-11-14 23:07:18.000000 PPS0     6 N 1 -9.024357e-08  9.957942e-08  1.000e-06
2023-11-14 23:07:19.000000 PPS0     7 N 1 -1.753706e-07  1.811947e-07  1.000e-06
2023-11-14 23:07:20.000000 PPS0     8 N 1 -8.268780e-08  8.495076e-08  1.000e-06
2023-11-14 23:07:21.000000 PPS0     9 N 1 -1.327202e-07  1.331671e-07  1.000e-06
2023-11-14 23:07:22.000000 PPS0    10 N 1 -3.202529e-08  3.012277e-08  1.000e-06
2023-11-14 23:07:23.000000 PPS0    11 N 1 -2.767260e-08  2.870107e-08  1.000e-06
2023-11-14 23:07:24.000000 PPS0    12 N 1 -2.717631e-07  2.667860e-07  1.000e-06
2023-11-14 23:07:25.000000 PPS0    13 N 1  4.801556e-08 -5.522988e-08  1.000e-06
2023-11-14 23:07:26.000000 PPS0    14 N 1 -7.199569e-08  8.985096e-08  1.000e-06
2023-11-14 23:07:27.000000 PPS0    15 N 1 -3.098057e-07  3.123423e-07  1.000e-06
2023-11-14 23:07:28.000000 PPS0     0 N 1 -3.489377e-07  3.522107e-07  1.000e-06
2023-11-14 23:07:29.000000 PPS0     1 N 1 -4.218639e-08  4.388641e-08  1.000e-06
2023-11-14 23:07:30.000000 PPS0     2 N 1 -3.972202e-08  3.486866e-08  1.000e-06
2023-11-14 23:07:31.000000 PPS0     3 N 1 -1.336960e-07  1.286760e-07  1.000e-06
2023-11-14 23:07:32.000000 PPS0     4 N 1 -5.077753e-08  4.379976e-08  1.000e-06
2023-11-14 23:07:33.000000 PPS0     5 N 1 -7.364716e-08  8.032297e-08  1.000e-06
2023-11-14 23:07:34.000000 PPS0     6 N 1  5.253325e-08 -5.164142e-08  1.000e-06
2023-11-14 23:07:35.000000 PPS0     7 N 1 -1.203150e-07  1.178159e-07  1.000e-06
2023-11-14 23:07:36.000000 PPS0     8 N 1 -1.252563e-07  1.209849e-07  1.000e-06
2023-11-14 23:07:37.000000 PPS0     9 N 1 -4.322373e-07  4.294593e-07  1.000e-06
2023-11-14 23:07:38.000000 PPS0    10 N 1 -5.386311e-08  4.831174e-08  1.000e-06
2023-11-14 23:07:39.000000 PPS0    11 N 1 -4.498896e-08  5.590215e-08  1.000e-06
2023-11-14 23:07:40.000000 PPS0    12 N 1 -1.050062e-07  1.062528e-07  1.000e-06
2023-11-14 23:07:41.000000 PPS0    13 N 1 -4.484795e-07  4.465675e-07  1.000e-06
2023-11-14 23:07:42.000000 PPS0    14 N 1 -3.615150e-07  3.648043e-07  1.000e-06
2023-11-14 23:07:43.000000 PPS0    15 N 1 -2.653558e-07  2.651304e-07  1.000e-06
2023-11-14 23:07:44.000000 PPS0     0 N 1 -2.501240e-07  2.499023e-07  1.000e-06
2023-11-14 23:07:45.000000 PPS0     1 N 1 -1.811517e-07  1.848666e-07  1.000e-06
2023-11-14 23:07:46.000000 PPS0     2 N 1  1.925474e-07 -1.903099e-07  1.000e-06
2023-11-14 23:07:47.000000 PPS0     3 N 1 -2.602744e-07  2.580034e-07  1.000e-06
2023-11-14 23:07:48.000000 PPS0     4 N 1 -2.006467e-07  1.943589e-07  1.000e-06
2023-11-14 23:07:49.000000 PPS0     5 N 1 -1.424124e-07  1.382615e-07  1.000e-06
2023-11-14 23:07:50.000000 PPS0     6 N 1 -1.745001e-07  1.758937e-07  1.000e-06
2023-11-14 23:07:51.000000 PPS0     7 N 1  1.431722e-07 -1.436178e-07  1.000e-06
2023-11-14 23:07:52.000000 PPS0     8 N 1  2.132980e-08 -1.500678e-08  1.000e-06
2023-11-14 23:07:53.000000 PPS0     9 N 1 -3.045222e-07  3.040277e-07  1.000e-06
2023-11-14 23:07:54.000000 PPS0    10 N 1 -2.402910e-07  2.482862e-07  1.000e-06
2023-11-14 23:07:55.000000 PPS0    11 N 1 -2.250518e-08  2.502512e-08  1.000e-06
2023-11-14 23:07:56.000000 PPS0    12 N 1 -1.398814e-07  1.315006e-07  1.000e-06
2023-11-14 23:07:57.000000 PPS0    13 N 1 -1.919272e-07  1.881225e-07  1.000e-06
2023-11-14 23:07:58.000000 PPS0    14 N 1 -1.488987e-07  1.427139e-07  1.000e-06
2023-11-14 23:07:59.000000 PPS0    15 N 1 -3.823522e-07  3.769714e-07  1.000e-06
2023-11-14 23:08:00.000000 PPS0     0 N 1 -5.066936e-08  5.340434e-08  1.000e-06
2023-11-14 23:08:01.000000 PPS0     1 N 1 -1.148169e-07  1.156250e-07  1.000e-06
2023-11-14 23:08:02.000000 PPS0     2 N 1 -2.085425e-07  2.120711e-07  1.000e-06
2023-11-14 23:08:03.000000 PPS0     3 N 1 -2.566393e-07  2.559380e-07  1.000e-06
2023-11-14 23:08:04.000000 PPS0     4 N 1 -4.206647e-08  4.579856e-08  1.000e-06
2023-11-14 23:08:05.000000 PPS0     5 N 1 -2.854725e-07  2.839082e-07  1.000e-06
2023-11-14 23:08:06.000000 PPS0     6 N 1 -3.898020e-08  3.963412e-08  1.000e-06
2023-11-14 23:08:07.000000 PPS0     7 N 1 -8.865017e-08  9.295907e-08  1.000e-06
2023-11-14 23:08:08.000000 PPS0     8 N 1 -1.004471e-07  9.566894e-08  1.000e-06
2023-11-14 23:08:09.000000 PPS0     9 N 1 -2.969740e-07  2.979647e-07  1.000e-06
2023-11-14 23:08:10.000000 PPS0    10 N 1  9.435592e-08 -9.608908e-08  1.000e-06
2023-11-14 23:08:11.000000 PPS0    11 N 1 -1.828157e-09  1.087822e-09  1.000e-06
2023-11-14 23:08:12.000000 PPS0    12 N 1  1.107953e-07 -1.202754e-07  1.000e-06
2023-11-14 23:08:13.000000 PPS0    13 N 1 -3.302864e-07  3.359981e-07  1.000e-06
2023-11-14 23:08:14.000000 PPS0    14 N 1  2.275950e-08 -2.478251e-08  1.000e-06
2023-11-14 23:08:15.000000 PPS0    15 N 1  4.312276e-09 -6.157687e-09  1.000e-06
2023-11-14 23:08:16.000000 PPS0     0 N 1 -1.557275e-07  1.585861e-07  1.000e-06
2023-11-14 23:08:17.000000 PPS0     1 N 1 -1.493550e-07  1.475619e-07  1.000e-06
2023-11-14 23:08:18.000000 PPS0     2 N 1 -3.624281e-07  3.564656e-07  1.000e-06
2023-11-14 23:08:19.000000 PPS0     3 N 1 -2.563510e-07  2.639705e-07  1.000e-06
2023-11-14 23:08:20.000000 PPS0     4 N 1 -3.021265e-07  3.053244e-07  1.000e-06
2023-11-14 23:08:21.000000 PPS0     5 N 1 -2.955922e-07  2.976957e-07  1.000e-06
2023-11-14 23:08:22.000000 PPS0     6 N 1 -1.545289e-07  1.475957e-07  1.000e-06
2023-11-14 23:08:23.000000 PPS0     7 N 1  5.347534e-09 -8.406248e-09  1.000e-06
2023-11-14 23:08:24.000000 PPS0     8 N 1 -3.387903e-07  3.376417e-07  1.000e-06
2023-11-14 23:08:25.000000 PPS0     9 N 1 -1.273916e-07  1.302520e-07  1.000e-06
2023-11-14 23:08:26.000000 PPS0    10 N 1 -2.912213e-07  2.851224e-07  1.000e-06
2023-11-14 23:08:27.000000 PPS0    11 N 1  7.267263e-08 -6.620067e-08  1.000e-06
2023-11-14 23:08:28.000000 PPS0    12 N 1 -1.441125e-07  1.468967e-07  1.000e-06
2023-11-14 23:08:29.000000 PPS0    13 N 1  1.993832e-08 -2.092118e-08  1.000e-06
2023-11-14 23:08:30.000000 PPS0    14 N 1 -2.221025e-07  2.227156e-07  1.000e-06
2023-11-14 23:08:31.000000 PPS0    15 N 1 -1.801981e-07  1.785155e-07  1.000e-06
2023-11-14 23:08:32.000000 PPS0     0 N 1  6.862645e-09 -5.129771e-10  1.000e-06
2023-11-14 23:08:33.000000 PPS0     1 N 1 -6.972689e-08  7.409567e-08  1.000e-06
2023-11-14 23:08:34.000000 PPS0     2 N 1 -2.980475e-07  3.005844e-07  1.000e-06
2023-11-14 23:08:35.000000 PPS0     3 N 1 -2.100313e-08  2.305397e-08  1.000e-06
2023-11-14 23:08:36.000000 PPS0     4 N 1 -3.755998e-07  3.705122e-07  1.000e-06
2023-11-14 23:08:37.000000 PPS0     5 N 1 -6.115668e-08  5.324726e-08  1.000e-06
2023-11-14 23:08:38.000000 PPS0     6 N 1 -9.561380e-08  9.524393e-08  1.000e-06
2023-11-14 23:08:39.000000 PPS0     7 N 1  1.570982e-07 -1.603543e-07  1.000e-06
2023-11-14 23:08:40.000000 PPS0     8 N 1 -2.192747e-07  2.253109e-07  1.000e-06
2023-11-14 23:08:41.000000 PPS0     9 N 1  4.812893e-08 -5.360064e-08  1.000e-06
2023-11-14 23:08:42.000000 PPS0    10 N 1 -1.534291e-07  1.545728e-07  1.000e-06
2023-11-14 23:08:43.000000 PPS0    11 N 1 -1.754470e-07  1.754775e-07  1.000e-06
2023-11-14 23:08:44.000000 PPS0    12 N 1 -4.343940e-08  3.233402e-08  1.000e-06
2023-11-14 23:08:45.000000 PPS0    13 N 1 -3.208984e-08  3.157356e-08  1.000e-06
2023-11-14 23:08:46.000000 PPS0    14 N 1 -1.050621e-07  1.092880e-07  1.000e-06
2023-11-14 23:08:47.000000 PPS0    15 N 1 -9.877793e-08  9.749967e-08  1.000e-06
2023-11-14 23:08:48.000000 PPS0     0 N 1  1.041052e-07 -1.079764e-07  1.000e-06
2023-11-14 23:08:49.000000 PPS0     1 N 1 -3.201975e-07  3.065963e-07  1.000e-06
2023-11-14 23:08:50.000000 PPS0     2 N 1  1.459067e-08 -1.925367e-08  1.000e-06
2023-11-14 23:08:51.000000 PPS0     3 N 1  3.760178e-08 -3.296025e-08  1.000e-06
2023-11-14 23:08:52.000000 PPS0     4 N 1  1.046211e-08 -1.537192e-08  1.000e-06
2023-11-14 23:08:53.000000 PPS0     5 N 1 -5.774076e-08  6.545215e-08  1.000e-06
2023-11-14 23:08:54.000000 PPS0     6 N 1 -2.087000e-07  2.042961e-07  1.000e-06
2023-11-14 23:08:55.000000 PPS0     7 N 1 -1.137351e-07  1.091558e-07  1.000e-06
2023-11-14 23:08:56.000000 PPS0     8 N 1 -2.010393e-07  2.008318e-07  1.000e-06
2023-11-14 23:08:57.000000 PPS0     9 N 1 -1.521718e-07  1.534730e-07  1.000e-06
2023-11-14 23:08:58.000000 PPS0    10 N 1 -2.591306e-07  2.550501e-07  1.000e-06
2023-11-14 23:08:59.000000 PPS0    11 N 1 -1.421344e-07  1.477337e-07  1.000e-06
2023-11-14 23:09:00.000000 PPS0    12 N 1 -8.373173e-08  7.116379e-08  1.000e-06
2023-11-14 23:09:01.000000 PPS0    13 N 1 -1.272428e-07  1.247107e-07  1.000e-06
2023-11-14 23:09:02.000000 PPS0    14 N 1 -2.100604e-07  2.088224e-07  1.000e-06
2023-11-14 23:09:03.000000 PPS0    15 N 1 -1.917573e-07  1.904300e-07  1.000e-06
2023-11-14 23:09:04.000000 PPS0     0 N 1 -2.974791e-08  3.600746e-08  1.000e-06
2023-11-14 23:09:05.000000 PPS0     1 N 1 -2.129443e-07  2.124337e-07  1.000e-06
2023-11-14 23:09:06.000000 PPS0     2 N 1  8.941480e-08 -9.534033e-08  1.000e-06
2023-11-14 23:09:07.000000 PPS0     3 N 1 -1.612884e-07  1.626002e-07  1.000e-06
2023-11-14 23:09:08.000000 PPS0     4 N 1 -2.321218e-07  2.301023e-07  1.000e-06
2023-11-14 23:09:09.000000 PPS0     5 N 1  9.284410e-08 -8.993820e-08  1.000e-06
2023-11-14 23:09:10.000000 PPS0     6 N 1 -3.254961e-07  3.404455e-07  1.000e-06
2023-11-14 23:09:11.000000 PPS0     7 N 1 -6.720529e-08  6.922318e-08  1.000e-06
2023-11-14 23:09:12.000000 PPS0     8 N 1 -1.909712e-07  1.943784e-07  1.000e-06
2023-11-14 23:09:13.000000 PPS0     9 N 1 -4.967609e-08  4.963850e-08  1.000e-06
2023-11-14 23:09:14.000000 PPS0    10 N 1 -1.272117e-07  1.274309e-07  1.000e-06
2023-11-14 23:09:15.000000 PPS0    11 N 1 -2.691194e-07  2.736548e-07  1.000e-06
2023-11-14 23:09:16.000000 PPS0    12 N 1 -2.220069e-07  2.130402e-07  1.000e-06
2023-11-14 23:09:17.000000 PPS0    13 N 1 -4.947660e-07  4.954644e-07  1.000e-06
2023-11-14 23:09:18.000000 PPS0    14 N 1 -4.028128e-07  4.022752e-07  1.000e-06
2023-11-14 23:09:19.000000 PPS0    15 N 1 -1.034516e-07  1.025465e-07  1.000e-06
2023-11-14 23:09:20.000000 PPS0     0 N 1  1.028452e-07 -1.050699e-07  1.000e-06
2023-11-14 23:09:21.000000 PPS0     1 N 1 -1.209825e-07  1.231580e-07  1.000e-06
2023-11-14 23:09:22.000000 PPS0     2 N 1  6.092032e-08 -6.877245e-08  1.000e-06
2023-11-14 23:09:23.000000 PPS0     3 N 1  2.080459e-07 -2.102610e-07  1.000e-06
2023-11-14 23:09:24.000000 PPS0     4 N 1  1.292226e-07 -1.334101e-07  1.000e-06
2023-11-14 23:09:25.000000 PPS0     5 N 1 -1.991930e-07  2.013395e-07  1.000e-06
2023-11-14 23:09:26.000000 PPS0     6 N 1 -1.714270e-07  1.732120e-07  1.000e-06
2023-11-14 23:09:27.000000 PPS0     7 N 1 -1.670651e-07  1.769611e-07  1.000e-06
2023-11-14 23:09:28.000000 PPS0     8 N 1 -2.500090e-07  2.517498e-07  1.000e-06
2023-11-14 23:09:29.000000 PPS0     9 N 1  6.450592e-08 -6.294360e-08  1.000e-06
2023-11-14 23:09:30.000000 PPS0    10 N 1 -3.973274e-07  4.035527e-07  1.000e-06
2023-11-14 23:09:31.000000 PPS0    11 N 1 -3.106450e-07  3.063613e-07  1.000e-06
2023-11-14 23:09:32.000000 PPS0    12 N 1  1.105326e-07 -1.029785e-07  1.000e-06
2023-11-14 23:09:33.000000 PPS0    13 N 1 -1.440228e-07  1.511496e-07  1.000e-06
2023-11-14 23:09:34.000000 PPS0    14 N 1 -3.487113e-07  3.494612e-07  1.000e-06
2023-11-14 23:09:35.000000 PPS0    15 N 1 -2.169413e-07  2.105429e-07  1.000e-06
2023-11-14 23:09:36.000000 PPS0     0 N 1 -4.485637e-07  4.548218e-07  1.000e-06
2023-11-14 23:09:37.000000 PPS0     1 N 1 -1.312131e-07  1.358716e-07  1.000e-06
2023-11-14 23:09:38.000000 PPS0     2 N 1 -3.692919e-08  3.607102e-08  1.000e-06
2023-11-14 23:09:39.000000 PPS0     3 N 1 -1.275278e-07  1.197371e-07  1.000e-06
2023-11-14 23:09:40.000000 PPS0     4 N 1 -1.663619e-07  1.716887e-07  1.000e-06
2023-11-14 23:09:41.000000 PPS0     5 N 1  1.047443e-07 -1.090216e-07  1.000e-06
2023-11-14 23:09:42.000000 PPS0     6 N 1  1.205493e-07 -1.266373e-07  1.000e-06
2023-11-14 23:09:43.000000 PPS0     7 N 1 -8.996784e-08  9.086271e-08  1.000e-06
2023-11-14 23:09:44.000000 PPS0     8 N 1  2.353633e-08 -2.745073e-08  1.000e-06
2023-11-14 23:09:45.000000 PPS0     9 N 1 -5.255663e-10 -1.990856e-09  1.000e-06
2023-11-14 23:09:46.000000 PPS0    10 N 1 -3.263601e-07  3.228047e-07  1.000e-06
2023-11-14 23:09:47.000000 PPS0    11 N 1 -1.286049e-07  1.331906e-07  1.000e-06
2023-11-14 23:09:48.000000 PPS0    12 N 1 -2.106691e-08  1.761620e-08  1.000e-06
2023-11-14 23:09:49.000000 PPS0    13 N 1 -4.195258e-08  4.567173e-08  1.000e-06
2023-11-14 23:09:50.000000 PPS0    14 N 1  2.325673e-09 -1.388124e-09  1.000e-06
2023-11-14 23:09:51.000000 PPS0    15 N 1 -2.152545e-07  2.105187e-07  1.000e-06
2023-11-14 23:09:52.000000 PPS0     0 N 1 -7.827912e-08  8.130972e-08  1.000e-06
2023-11-14 23:09:53.000000 PPS0     1 N 1 -2.528157e-07  2.498411e-07  1.000e-06
2023-11-14 23:09:54.000000 PPS0     2 N 1  8.833482e-08 -8.326326e-08  1.000e-06
2023-11-14 23:09:55.000000 PPS0     3 N 1 -4.056902e-08  4.124800e-08  1.000e-06
2023-11-14 23:09:56.000000 PPS0     4 N 1 -1.671674e-07  1.632097e-07  1.000e-06
2023-11-14 23:09:57.000000 PPS0     5 N 1  3.890411e-08 -4.361077e-08  1.000e-06
2023-11-14 23:09:58.000000 PPS0     6 N 1  1.728936e-07 -1.646968e-07  1.000e-06
2023-11-14 23:09:59.000000 PPS0     7 N 1 -2.732604e-07  2.636863e-07  1.000e-06
2023-11-14 23:10:00.000000 PPS0     8 N 1 -1.057682e-07  9.977554e-08  1.000e-06
2023-11-14 23:10:01.000000 PPS0     9 N 1 -2.056229e-07  2.069937e-07  1.000e-06
2023-11-14 23:10:02.000000 PPS0    10 N 1 -3.310386e-07  3.320704e-07  1.000e-06
2023-11-14 23:10:03.000000 PPS0    11 N 1  7.494522e-08 -6.845088e-08  1.000e-06
2023-11-14 23:10:04.000000 PPS0    12 N 1  4.144782e-08 -4.280355e-08  1.000e-06
2023-11-14 23:10:05.000000 PPS0    13 N 1 -1.826603e-07  1.798456e-07  1.000e-06
2023-11-14 23:10:06.000000 PPS0    14 N 1 -9.134569e-08  9.501192e-08  1.000e-06
2023-11-14 23:10:07.000000 PPS0    15 N 1 -1.298956e-07  1.230243e-07  1.000e-06
2023-11-14 23:10:08.000000 PPS0     0 N 1 -3.101852e-07  3.062400e-07  1.000e-06
2023-11-14 23:10:09.000000 PPS0     1 N 1 -1.069463e-07  1.100490e-07  1.000e-06
2023-11-14 23:10:10.000000 PPS0     2 N 1 -1.273485e-07  1.307961e-07  1.000e-06
2023-11-14 23:10:11.000000 PPS0     3 N 1 -1.373635e-07  1.383541e-07  1.000e-06
2023-11-14 23:10:12.000000 PPS0     4 N 1 -4.990703e-08  4.878149e-08  1.000e-06
2023-11-14 23:10:13.000000 PPS0     5 N 1  1.282646e-08 -5.856689e-09  1.000e-06
2023-11-14 23:10:14.000000 PPS0     6 N 1 -3.402755e-08  3.218131e-08  1.000e-06
2023-11-14 23:10:15.000000 PPS0     7 N 1 -9.504816e-08  1.000868e-07  1.000e-06
2023-11-14 23:10:16.000000 PPS0     8 N 1 -9.476625e-08  9.347446e-08  1.000e-06
2023-11-14 23:10:17.000000 PPS0     9 N 1 -1.929949e-07  1.923591e-07  1.000e-06
2023-11-14 23:10:18.000000 PPS0    10 N 1 -1.203736e-07  1.123520e-07  1.000e-06
2023-11-14 23:10:19.000000 PPS0    11 N 1 -1.503273e-08  8.943543e-09  1.000e-06
2023-11-14 23:10:20.000000 PPS0    12 N 1  2.605250e-08 -4.204297e-08  1.000e-06
2023-11-14 23:10:21.000000 PPS0    13 N 1 -1.192996e-07  1.246718e-07  1.000e-06
2023-11-14 23:10:22.000000 PPS0    14 N 1  4.047589e-08 -4.836243e-08  1.000e-06
2023-11-14 23:10:23.000000 PPS0    15 N 1 -3.097757e-07  3.119595e-07  1.000e-06
2023-11-14 23:10:24.000000 PPS0     0 N 1 -2.952486e-07  2.998736e-07  1.000e-06
2023-11-14 23:10:25.000000 PPS0     1 N 1  1.135855e-07 -1.188231e-07  1.000e-06
2023-11-14 23:10:26.000000 PPS0     2 N 1 -2.874404e-07  2.855950e-07  1.000e-06
2023-11-14 23:10:27.000000 PPS0     3 N 1  8.120510e-09 -5.350602e-09  1.000e-06
2023-11-14 23:10:28.000000 PPS0     4 N 1 -5.916497e-08  5.207272e-08  1.000e-06
2023-11-14 23:10:29.000000 PPS0     5 N 1  8.472031e-08 -8.474366e-08  1.000e-06
2023-11-14 23:10:30.000000 PPS0     6 N 1 -1.684934e-08  1.764024e-08  1.000e-06
2023-11-14 23:10:31.000000 PPS0     7 N 1  1.151613e-08 -5.409293e-09  1.000e-06
2023-11-14 23:10:32.000000 PPS0     8 N 1  2.238055e-09 -1.639869e-08  1.000e-06
2023-11-14 23:10:33.000000 PPS0     9 N 1 -2.244000e-07  2.277940e-07  1.000e-06
2023-11-14 23:10:34.000000 PPS0    10 N 1 -2.781199e-07  2.886736e-07  1.000e-06
2023-11-14 23:10:35.000000 PPS0    11 N 1 -2.574345e-07  2.582920e-07  1.000e-06
2023-11-14 23:10:36.000000 PPS0    12 N 1 -2.420469e-08  2.850439e-08  1.000e-06
2023-11-14 23:10:37.000000 PPS0    13 N 1  2.065844e-07 -2.160322e-07  1.000e-06
2023-11-14 23:10:38.000000 PPS0    14 N 1  5.136546e-08 -4.795266e-08  1.000e-06
2023-11-14 23:10:39.000000 PPS0    15 N 1 -9.621140e-08  9.512131e-08  1.000e-06
2023-11-14 23:10:40.000000 PPS0     0 N 1 -2.113514e-07  2.157231e-07  1.000e-06
2023-11-14 23:10:41.000000 PPS0     1 N 1 -1.665421e-07  1.698569e-07  1.000e-06
2023-11-14 23:10:42.000000 PPS0     2 N 1  2.220298e-07 -2.155305e-07  1.000e-06
2023-11-14 23:10:43.000000 PPS0     3 N 1  1.739829e-08 -1.255897e-08  1.000e-06
2023-11-14 23:10:44.000000 PPS0     4 N 1 -5.770009e-07  5.811436e-07  1.000e-06
2023-11-14 23:10:45.000000 PPS0     5 N 1 -1.663262e-07  1.606585e-07  1.000e-06
2023-11-14 23:10:46.000000 PPS0     6 N 1  2.659661e-08 -1.530465e-08  1.000e-06
2023-11-14 23:10:47.000000 PPS0     7 N 1 -2.487738e-07  2.494806e-07  1.000e-06
2023-11-14 23:10:48.000000 PPS0     8 N 1 -2.204355e-07  2.181159e-07  1.000e-06
2023-11-14 23:10:49.000000 PPS0     9 N 1  7.521265e-08 -7.760545e-08  1.000e-06
2023-11-14 23:10:50.000000 PPS0    10 N 1 -1.348886e-07  1.346724e-07  1.000e-06
2023-11-14 23:10:51.000000 PPS0    11 N 1 -3.350238e-07  3.328486e-07  1.000e-06
2023-11-14 23:10:52.000000 PPS0    12 N 1  1.800247e-10  3.363558e-09  1.000e-06
2023-11-14 23:10:53.000000 PPS0    13 N 1 -1.165059e-07  1.218080e-07  1.000e-06
2023-11-14 23:10:54.000000 PPS0    14 N 1  1.001851e-07 -1.098580e-07  1.000e-06
2023-11-14 23:10:55.000000 PPS0    15 N 1 -1.450710e-07  1.468441e-07  1.000e-06
2023-11-14 23:10:56.000000 PPS0     0 N 1  1.450971e-08 -1.413673e-08  1.000e-06
2023-11-14 23:10:57.000000 PPS0     1 N 1  5.813138e-08 -6.048490e-08  1.000e-06
2023-11-14 23:10:58.000000 PPS0     2 N 1  4.736148e-08 -5.153975e-08  1.000e-06
2023-11-14 23:10:59.000000 PPS0     3 N 1 -2.857147e-07  2.931303e-07  1.000e-06
2023-11-14 23:11:00.000000 PPS0     4 N 1 -5.353678e-08  5.377336e-08  1.000e-06
2023-11-14 23:11:01.000000 PPS0     5 N 1 -3.071846e-07  3.124342e-07  1.000e-06
2023-11-14 23:11:02.000000 PPS0     6 N 1 -1.400733e-07  1.438614e-07  1.000e-06
2023-11-14 23:11:03.000000 PPS0     7 N 1 -1.468487e-07  1.449568e-07  1.000e-06
2023-11-14 23:11:04.000000 PPS0     8 N 1 -2.135609e-07  2.105163e-07  1.000e-06
2023-11-14 23:11:05.000000 PPS0     9 N 1 -1.034029e-07  1.034633e-07  1.000e-06
2023-11-14 23:11:06.000000 PPS0    10 N 1 -1.023781e-07  9.965447e-08  1.000e-06
2023-11-14 23:11:07.000000 PPS0    11 N 1 -7.047195e-08  7.317801e-08  1.000e-06
2023-11-14 23:11:08.000000 PPS0    12 N 1 -1.912536e-07  1.933170e-07  1.000e-06
2023-11-14 23:11:09.000000 PPS0    13 N 1  9.395283e-08 -1.068307e-07  1.000e-06
2023-11-14 23:11:10.000000 PPS0    14 N 1  2.775352e-08 -3.433137e-08  1.000e-06
2023-11-14 23:11:11.000000 PPS0    15 N 1  8.893107e-08 -8.815923e-08  1.000e-06
2023-11-14 23:11:12.000000 PPS0     0 N 1  4.959734e-08 -5.289451e-08  1.000e-06
2023-11-14 23:11:13.000000 PPS0     1 N 1 -1.196346e-07  1.113081e-07  1.000e-06
2023-11-14 23:11:14.000000 PPS0     2 N 1 -1.305162e-07  1.315836e-07  1.000e-06
2023-11-14 23:11:15.000000 PPS0     3 N 1  1.050076e-08 -1.420575e-08  1.000e-06
2023-11-14 23:11:16.000000 PPS0     4 N 1 -4.424466e-08  4.132671e-08  1.000e-06
2023-11-14 23:11:17.000000 PPS0     5 N 1  6.709115e-09 -1.961672e-09  1.000e-06
2023-11-14 23:11:18.000000 PPS0     6 N 1 -1.422731e-07  1.407474e-07  1.000e-06
2023-11-14 23:11:19.000000 PPS0     7 N 1 -7.049769e-08  6.075967e-08  1.000e-06
2023-11-14 23:11:20.000000 PPS0     8 N 1 -2.337243e-07  2.349334e-07  1.000e-06
2023-11-14 23:11:21.000000 PPS0     9 N 1 -1.587288e-07  1.646522e-07  1.000e-06
2023-11-14 23:11:22.000000 PPS0    10 N 1 -3.209379e-07  3.250046e-07  1.000e-06
2023-11-14 23:11:23.000000 PPS0    11 N 1 -1.981961e-07  1.916479e-07  1.000e-06
2023-11-14 23:11:24.000000 PPS0    12 N 1 -5.467971e-08  5.075967e-08  1.000e-06
2023-11-14 23:11:25.000000 PPS0    13 N 1 -2.958544e-07  2.979980e-07  1.000e-06
2023-11-14 23:11:26.000000 PPS0    14 N 1 -2.496717e-07  2.442100e-07  1.000e-06
2023-11-14 23:11:27.000000 PPS0    15 N 1 -4.598255e-08  4.214150e-08  1.000e-06
2023-11-14 23:11:28.000000 PPS0     0 N 1 -1.512640e-07  1.614331e-07  1.000e-06
2023-11-14 23:11:29.000000 PPS0     1 N 1 -2.382494e-09  1.787963e-09  1.000e-06
2023-11-14 23:11:30.000000 PPS0     2 N 1 -4.747587e-07  4.737844e-07  1.000e-06
2023-11-14 23:11:31.000000 PPS0     3 N 1 -1.278578e-07  1.295526e-07  1.000e-06
2023-11-14 23:11:32.000000 PPS0     4 N 1 -2.039521e-07  2.118010e-07  1.000e-06
2023-11-14 23:11:33.000000 PPS0     5 N 1 -9.922126e-08  9.757072e-08  1.000e-06
2023-11-14 23:11:34.000000 PPS0     6 N 1  1.489792e-07 -1.469928e-07  1.000e-06
2023-11-14 23:11:35.000000 PPS0     7 N 1 -7.435017e-08  7.147114e-08  1.000e-06
2023-11-14 23:11:36.000000 PPS0     8 N 1 -6.138318e-08  5.937236e-08  1.000e-06
2023-11-14 23:11:37.000000 PPS0     9 N 1 -2.473183e-07  2.505853e-07  1.000e-06
2023-11-14 23:11:38.000000 PPS0    10 N 1 -3.705348e-08  3.982145e-08  1.000e-06
2023-11-14 23:11:39.000000 PPS0    11 N 1 -3.740137e-08  3.696063e-08  1.000e-06
2023-11-14 23:11:40.000000 PPS0    12 N 1 -2.138069e-07  2.147148e-07  1.000e-06
2023-11-14 23:11:41.000000 PPS0    13 N 1 -1.534860e-07  1.597754e-07  1.000e-06
2023-11-14 23:11:42.000000 PPS0    14 N 1  1.828562e-07 -1.911132e-07  1.000e-06
2023-11-14 23:11:43.000000 PPS0    15 N 1 -8.753487e-08  8.526690e-08  1.000e-06
2023-11-14 23:11:44.000000 PPS0     0 N 1 -5.161546e-08  5.996288e-08  1.000e-06
2023-11-14 23:11:45.000000 PPS0     1 N 1  3.469952e-08 -4.464307e-08  1.000e-06
2023-11-14 23:11:46.000000 PPS0     2 N 1  7.450046e-08 -7.739738e-08  1.000e-06
2023-11-14 23:11:47.000000 PPS0     3 N 1 -4.193079e-08  3.850970e-08  1.000e-06
2023-11-14 23:11:48.000000 PPS0     4 N 1 -1.915935e-07  1.883092e-07  1.000e-06
2023-11-14 23:11:49.000000 PPS0     5 N 1 -6.392972e-08  7.168734e-08  1.000e-06
2023-11-14 23:11:50.000000 PPS0     6 N 1 -1.405515e-07  1.384318e-07  1.000e-06
2023-11-14 23:11:51.000000 PPS0     7 N 1 -2.488923e-07  2.473726e-07  1.000e-06
2023-11-14 23:11:52.000000 PPS0     8 N 1 -6.797347e-08  6.490769e-08  1.000e-06
2023-11-14 23:11:53.000000 PPS0     9 N 1  1.412536e-08 -1.717044e-08  1.000e-06
2023-11-14 23:11:54.000000 PPS0    10 N 1 -9.962199e-08  1.073153e-07  1.000e-06
2023-11-14 23:11:55.000000 PPS0    11 N 1  2.606180e-07 -2.490700e-07  1.000e-06
2023-11-14 23:11:56.000000 PPS0    12 N 1 -1.755903e-07  1.735940e-07  1.000e-06
2023-11-14 23:11:57.000000 PPS0    13 N 1 -2.401784e-07  2.357416e-07  1.000e-06
2023-11-14 23:11:58.000000 PPS0    14 N 1 -1.184004e-07  1.237700e-07  1.000e-06
2023-11-14 23:11:59.000000 PPS0    15 N 1  1.135008e-07 -1.167080e-07  1.000e-06
2023-11-14 23:12:00.000000 PPS0     0 N 1 -1.223023e-07  1.271480e-07  1.000e-06
2023-11-14 23:12:01.000000 PPS0     1 N 1  9.559271e-08 -9.401878e-08  1.000e-06
2023-11-14 23:12:02.000000 PPS0     2 N 1 -1.791098e-07  1.806336e-07  1.000e-06
2023-11-14 23:12:03.000000 PPS0     3 N 1  1.960272e-07 -1.868133e-07  1.000e-06
2023-11-14 23:12:04.000000 PPS0     4 N 1 -7.823867e-08  7.239850e-08  1.000e-06
2023-11-14 23:12:05.000000 PPS0     5 N 1 -1.429808e-07  1.350207e-07  1.000e-06
2023-11-14 23:12:06.000000 PPS0     6 N 1 -6.463343e-08  6.317831e-08  1.000e-06
2023-11-14 23:12:07.000000 PPS0     7 N 1 -1.326874e-07  1.354931e-07  1.000e-06
2023-11-14 23:12:08.000000 PPS0     8 N 1 -1.313468e-07  1.366177e-07  1.000e-06
2023-11-14 23:12:09.000000 PPS0     9 N 1 -9.601190e-08  9.705743e-08  1.000e-06
2023-11-14 23:12:10.000000 PPS0    10 N 1  8.293509e-08 -8.927386e-08  1.000e-06
2023-11-14 23:12:11.000000 PPS0    11 N 1  2.103321e-07 -2.110797e-07  1.000e-06
2023-11-14 23:12:12.000000 PPS0    12 N 1 -2.166735e-07  2.187824e-07  1.000e-06
2023-11-14 23:12:13.000000 PPS0    13 N 1  2.311837e-07 -2.332189e-07  1.000e-06
2023-11-14 23:12:14.000000 PPS0    14 N 1  3.707513e-08 -3.027028e-08  1.000e-06
2023-11-14 23:12:15.000000 PPS0    15 N 1  1.400766e-07 -1.379509e-07  1.000e-06
2023-11-14 23:12:16.000000 PPS0     0 N 1 -2.385203e-07  2.366735e-07  1.000e-06
2023-11-14 23:12:17.000000 PPS0     1 N 1  1.486321e-07 -1.547157e-07  1.000e-06
2023-11-14 23:12:18.000000 PPS0     2 N 1  1.111071e-07 -1.096414e-07  1.000e-06
2023-11-14 23:12:19.000000 PPS0     3 N 1 -1.002542e-09  2.124536e-09  1.000e-06
2023-11-14 23:12:20.000000 PPS0     4 N 1 -1.967767e-07  2.087151e-07  1.000e-06
2023-11-14 23:12:21.000000 PPS0     5 N 1 -2.680134e-07  2.672849e-07  1.000e-06
2023-11-14 23:12:22.000000 PPS0     6 N 1 -2.819101e-07  2.837034e-07  1.000e-06
2023-11-14 23:12:23.000000 PPS0     7 N 1  2.497244e-09 -1.536791e-08  1.000e-06
2023-11-14 23:12:24.000000 PPS0     8 N 1 -9.540976e-09  8.735119e-09  1.000e-06
2023-11-14 23:12:25.000000 PPS0     9 N 1  4.809315e-08 -4.810978e-08  1.000e-06
2023-11-14 23:12:26.000000 PPS0    10 N 1 -2.262949e-07  2.263118e-07  1.000e-06
2023-11-14 23:12:27.000000 PPS0    11 N 1 -1.751141e-07  1.788948e-07  1.000e-06
2023-11-14 23:12:28.000000 PPS0    12 N 1  1.432880e-07 -1.357427e-07  1.000e-06
2023-11-14 23:12:29.000000 PPS0    13 N 1 -9.629844e-08  9.158405e-08  1.000e-06
2023-11-14 23:12:30.000000 PPS0    14 N 1 -8.390605e-08  9.024294e-08  1.000e-06
2023-11-14 23:12:31.000000 PPS0    15 N 1 -2.143658e-08  2.735772e-08  1.000e-06
2023-11-14 23:12:32.000000 PPS0     0 N 1 -8.716361e-08  8.723178e-08  1.000e-06
2023-11-14 23:12:33.000000 PPS0     1 N 1 -1.991759e-08  2.433213e-08  1.000e-06
2023-11-14 23:12:34.000000 PPS0     2 N 1  5.551889e-07 -5.469260e-07  1.000e-06
2023-11-14 23:12:35.000000 PPS0     3 N 1 -9.571275e-08  9.772587e-08  1.000e-06
2023-11-14 23:12:36.000000 PPS0     4 N 1 -1.497638e-07  1.546036e-07  1.000e-06
2023-11-14 23:12:37.000000 PPS0     5 N 1  2.560230e-08 -2.673933e-08  1.000e-06
2023-11-14 23:12:38.000000 PPS0     6 N 1 -4.107799e-08  3.940950e-08  1.000e-06
2023-11-14 23:12:39.000000 PPS0     7 N 1 -1.262275e-07  1.324062e-07  1.000e-06
2023-11-14 23:12:40.000000 PPS0     8 N 1 -7.080986e-08  6.728294e-08  1.000e-06
2023-11-14 23:12:41.000000 PPS0     9 N 1 -2.319931e-07  2.279848e-07  1.000e-06
2023-11-14 23:12:42.000000 PPS0    10 N 1 -2.086197e-07  2.128178e-07  1.000e-06
2023-11-14 23:12:43.000000 PPS0    11 N 1 -1.759389e-07  1.770886e-07  1.000e-06
2023-11-14 23:12:44.000000 PPS0    12 N 1 -5.345393e-08  5.612540e-08  1.000e-06
2023-11-14 23:12:45.000000 PPS0    13 N 1 -2.334751e-07  2.302392e-07  1.000e-06
2023-11-14 23:12:46.000000 PPS0    14 N 1  5.550473e-08 -5.222571e-08  1.000e-06
2023-11-14 23:12:47.000000 PPS0    15 N 1 -1.750495e-07  1.825734e-07  1.000e-06
2023-11-14 23:12:48.000000 PPS0     0 N 1 -2.282213e-08  2.227570e-08  1.000e-06
2023-11-14 23:12:49.000000 PPS0     1 N 1 -3.165666e-08  2.668704e-08  1.000e-06
2023-11-14 23:12:50.000000 PPS0     2 N 1 -2.740427e-08  2.805842e-08  1.000e-06
2023-11-14 23:12:51.000000 PPS0     3 N 1  3.131392e-07 -3.149750e-07  1.000e-06
2023-11-14 23:12:52.000000 PPS0     4 N 1 -5.930491e-08  5.095112e-08  1.000e-06
2023-11-14 23:12:53.000000 PPS0     5 N 1 -2.842251e-07  2.832084e-07  1.000e-06
2023-11-14 23:12:54.000000 PPS0     6 N 1  2.226512e-07 -2.253372e-07  1.000e-06
2023-11-14 23:12:55.000000 PPS0     7 N 1  3.053178e-08 -3.041948e-08  1.000e-06
2023-11-14 23:12:56.000000 PPS0     8 N 1  1.091846e-08 -5.413563e-09  1.000e-06
2023-11-14 23:12:57.000000 PPS0     9 N 1 -9.497683e-08  9.640141e-08  1.000e-06
2023-11-14 23:12:58.000000 PPS0    10 N 1 -8.580781e-08  7.609057e-08  1.000e-06
2023-11-14 23:12:59.000000 PPS0    11 N 1  7.322076e-09 -6.830631e-09  1.000e-06
2023-11-14 23:13:00.000000 PPS0    12 N 1 -6.183562e-08  6.620252e-08  1.000e-06
2023-11-14 23:13:01.000000 PPS0    13 N 1 -1.224112e-07  1.296788e-07  1.000e-06
2023-11-14 23:13:02.000000 PPS0    14 N 1 -7.173398e-08  6.741329e-08  1.000e-06
2023-11-14 23:13:03.000000 PPS0    15 N 1 -4.312615e-09  1.420152e-08  1.000e-06
2023-11-14 23:13:04.000000 PPS0     0 N 1 -1.493683e-07  1.502712e-07  1.000e-06
2023-11-14 23:13:05.000000 PPS0     1 N 1 -3.050286e-07  3.114596e-07  1.000e-06
2023-11-14 23:13:06.000000 PPS0     2 N 1 -2.196589e-07  2.142736e-07  1.000e-06
2023-11-14 23:13:07.000000 PPS0     3 N 1 -8.404693e-08  8.001052e-08  1.000e-06
2023-11-14 23:13:08.000000 PPS0     4 N 1 -8.361923e-08  7.779773e-08  1.000e-06
2023-11-14 23:13:09.000000 PPS0     5 N 1 -1.409365e-07  1.418300e-07  1.000e-06
2023-11-14 23:13:10.000000 PPS0     6 N 1  9.385417e-08 -9.838960e-08  1.000e-06
2023-11-14 23:13:11.000000 PPS0     7 N 1 -2.834041e-07  2.808996e-07  1.000e-06
2023-11-14 23:13:12.000000 PPS0     8 N 1 -3.983870e-08  3.858198e-08  1.000e-06
2023-11-14 23:13:13.000000 PPS0     9 N 1 -1.760040e-08  1.483849e-08  1.000e-06
2023-11-14 23:13:14.000000 PPS0    10 N 1 -2.866888e-08  3.427916e-08  1.000e-06
2023-11-14 23:13:15.000000 PPS0    11 N 1 -2.102095e-07  2.092400e-07  1.000e-06
2023-11-14 23:13:16.000000 PPS0    12 N 1 -5.780320e-08  5.555438e-08  1.000e-06
2023-11-14 23:13:17.000000 PPS0    13 N 1 -1.492125e-07  1.368073e-07  1.000e-06
2023-11-14 23:13:18.000000 PPS0    14 N 1 -1.600720e-07  1.600608e-07  1.000e-06
2023-11-14 23:13:19.000000 PPS0    15 N 1 -3.989658e-08  4.797311e-08  1.000e-06
