ptp4l[5374017.500]: port 1 (eth0): INITIALIZING to LISTENING on INIT_COMPLETE
ptp4l[5374018.000]: master offset        -26 s0 freq  -38601 path delay       624
phc2sys[5374018.400]: CLOCK_REALTIME phc offset         2 s2 freq  -37046 delay    540
ptp4l[5374019.000]: master offset         22 s0 freq  -38600 path delay       621
phc2sys[5374019.400]: CLOCK_REALTIME phc offset         4 s2 freq  -37045 delay    541
ptp4l[5374020.000]: master offset          4 s1 freq  -38600 path delay       601
phc2sys[5374020.400]: CLOCK_REALTIME phc offset         2 s2 freq  -37044 delay    542
ptp4l[5374021.000]: master offset         -6 s2 freq  -38600 path delay       600
phc2sys[5374021.400]: CLOCK_REALTIME phc offset        24 s2 freq  -37043 delay    543
ptp4l[5374022.000]: master offset          0 s2 freq  -38600 path delay       600
phc2sys[5374022.400]: CLOCK_REALTIME phc offset        -8 s2 freq  -37042 delay    544
ptp4l[5374023.000]: master offset         -6 s2 freq  -38600 path delay       628
phc2sys[5374023.400]: CLOCK_REALTIME phc offset       -10 s2 freq  -37046 delay    545
ptp4l[5374024.000]: master offset          2 s2 freq  -38600 path delay       600
phc2sys[5374024.400]: CLOCK_REALTIME phc offset        13 s2 freq  -37045 delay    546
ptp4l[5374025.000]: master offset          2 s2 freq  -38600 path delay       600
phc2sys[5374025.400]: CLOCK_REALTIME phc offset         0 s2 freq  -37044 delay    540
ptp4l[5374026.000]: master offset          1 s2 freq  -38600 path delay       600
phc2sys[5374026.400]: CLOCK_REALTIME phc offset       -21 s2 freq  -37043 delay    541
ptp4l[5374027.000]: master offset         -3 s2 freq  -38600 path delay       608
phc2sys[5374027.400]: CLOCK_REALTIME phc offset       -10 s2 freq  -37042 delay    542
ptp4l[5374028.000]: master offset        -20 s2 freq  -38600 path delay       615
phc2sys[5374028.400]: CLOCK_REALTIME phc offset       -13 s2 freq  -37046 delay    543
ptp4l[5374029.000]: master offset          6 s2 freq  -38600 path delay       611
phc2sys[5374029.400]: CLOCK_REALTIME phc offset         0 s2 freq  -37045 delay    544
ptp4l[5374030.000]: master offset        -35 s2 freq  -38600 path delay       630
phc2sys[5374030.400]: CLOCK_REALTIME phc offset         0 s2 freq  -37044 delay    545
ptp4l[5374031.000]: master offset         -1 s2 freq  -38600 path delay       630
phc2sys[5374031.400]: CLOCK_REALTIME phc offset        22 s2 freq  -37043 delay    546
ptp4l[5374032.000]: master offset          0 s2 freq  -38600 path delay       600
phc2sys[5374032.400]: CLOCK_REALTIME phc offset         8 s2 freq  -37042 delay    540
ptp4l[5374033.000]: master offset          1 s2 freq  -38600 path delay       600
phc2sys[5374033.400]: CLOCK_REALTIME phc offset       -17 s2 freq  -37046 delay    541
ptp4l[5374034.000]: master offset          2 s2 freq  -38600 path delay       600
phc2sys[5374034.400]: CLOCK_REALTIME phc offset        -7 s2 freq  -37045 delay    542
ptp4l[5374035.000]: master offset        -51 s2 freq  -38600 path delay       645
phc2sys[5374035.400]: CLOCK_REALTIME phc offset        13 s2 freq  -37044 delay    543
ptp4l[5374036.000]: master offset         -3 s2 freq  -38600 path delay       600
phc2sys[5374036.400]: CLOCK_REALTIME phc offset        -5 s2 freq  -37043 delay    544
ptp4l[5374037.000]: master offset        -17 s2 freq  -38600 path delay       614
phc2sys[5374037.400]: CLOCK_REALTIME phc offset        -4 s2 freq  -37042 delay    545
ptp4l[5374038.000]: master offset          8 s2 freq  -38600 path delay       600
phc2sys[5374038.400]: CLOCK_REALTIME phc offset        -4 s2 freq  -37046 delay    546
ptp4l[5374039.000]: master offset        -65 s2 freq  -38599 path delay       666
phc2sys[5374039.400]: CLOCK_REALTIME phc offset         4 s2 freq  -37045 delay    540
ptp4l[5374040.000]: master offset         -4 s2 freq  -38599 path delay       600
phc2sys[5374040.400]: CLOCK_REALTIME phc offset       -17 s2 freq  -37044 delay    541
ptp4l[5374041.000]: master offset          2 s2 freq  -38599 path delay       600
phc2sys[5374041.400]: CLOCK_REALTIME phc offset         7 s2 freq  -37043 delay    542
ptp4l[5374042.000]: master offset          6 s2 freq  -38599 path delay       600
phc2sys[5374042.400]: CLOCK_REALTIME phc offset        16 s2 freq  -37042 delay    543
ptp4l[5374043.000]: master offset          2 s2 freq  -38599 path delay       600
phc2sys[5374043.400]: CLOCK_REALTIME phc offset         4 s2 freq  -37046 delay    544
ptp4l[5374044.000]: master offset         21 s2 freq  -38599 path delay       617
phc2sys[5374044.400]: CLOCK_REALTIME phc offset       -23 s2 freq  -37045 delay    545
ptp4l[5374045.000]: master offset         -4 s2 freq  -38599 path delay       600
phc2sys[5374045.400]: CLOCK_REALTIME phc offset        15 s2 freq  -37044 delay    546
ptp4l[5374046.000]: master offset          3 s2 freq  -38599 path delay       600
phc2sys[5374046.400]: CLOCK_REALTIME phc offset       -14 s2 freq  -37043 delay    540
ptp4l[5374047.000]: master offset          4 s2 freq  -38599 path delay       600
phc2sys[5374047.400]: CLOCK_REALTIME phc offset        -5 s2 freq  -37042 delay    541
ptp4l[5374048.000]: master offset         -8 s2 freq  -38599 path delay       607
phc2sys[5374048.400]: CLOCK_REALTIME phc offset        19 s2 freq  -37046 delay    542
ptp4l[5374049.000]: master offset         -3 s2 freq  -38599 path delay       600
phc2sys[5374049.400]: CLOCK_REALTIME phc offset        -5 s2 freq  -37045 delay    543
ptp4l[5374050.000]: master offset        -43 s2 freq  -38599 path delay       645
phc2sys[5374050.400]: CLOCK_REALTIME phc offset        11 s2 freq  -37044 delay    544
ptp4l[5374051.000]: master offset          6 s2 freq  -38599 path delay       600
phc2sys[5374051.400]: CLOCK_REALTIME phc offset         5 s2 freq  -37043 delay    545
ptp4l[5374052.000]: master offset         -6 s2 freq  -38599 path delay       600
phc2sys[5374052.400]: CLOCK_REALTIME phc offset         0 s2 freq  -37042 delay    546
ptp4l[5374053.000]: master offset         -2 s2 freq  -38599 path delay       600
phc2sys[5374053.400]: CLOCK_REALTIME phc offset       -14 s2 freq  -37046 delay    540
ptp4l[5374054.000]: master offset         -1 s2 freq  -38599 path delay       600
phc2sys[5374054.400]: CLOCK_REALTIME phc offset       -13 s2 freq  -37045 delay    541
ptp4l[5374055.000]: master offset         17 s2 freq  -38599 path delay       618
phc2sys[5374055.400]: CLOCK_REALTIME phc offset        11 s2 freq  -37044 delay    542
ptp4l[5374056.000]: master offset         -2 s2 freq  -38599 path delay       600
phc2sys[5374056.400]: CLOCK_REALTIME phc offset        17 s2 freq  -37043 delay    543
ptp4l[5374057.000]: master offset        -12 s2 freq  -38599 path delay       613
phc2sys[5374057.400]: CLOCK_REALTIME phc offset         0 s2 freq  -37042 delay    544
ptp4l[5374058.000]: master offset          7 s2 freq  -38599 path delay       600
phc2sys[5374058.400]: CLOCK_REALTIME phc offset       -14 s2 freq  -37046 delay    545
ptp4l[5374059.000]: master offset         -1 s2 freq  -38599 path delay       600
phc2sys[5374059.400]: CLOCK_REALTIME phc offset       -15 s2 freq  -37045 delay    546
ptp4l[5374060.000]: master offset         -1 s2 freq  -38599 path delay       600
phc2sys[5374060.400]: CLOCK_REALTIME phc offset         4 s2 freq  -37044 delay    540
ptp4l[5374061.000]: master offset          0 s2 freq  -38599 path delay       605
phc2sys[5374061.400]: CLOCK_REALTIME phc offset         3 s2 freq  -37043 delay    541
ptp4l[5374062.000]: master offset         -4 s2 freq  -38598 path delay       600
phc2sys[5374062.400]: CLOCK_REALTIME phc offset        17 s2 freq  -37042 delay    542
ptp4l[5374063.000]: master offset         -3 s2 freq  -38598 path delay       600
phc2sys[5374063.400]: CLOCK_REALTIME phc offset        -5 s2 freq  -37046 delay    543
ptp4l[5374064.000]: master offset          1 s2 freq  -38598 path delay       600
phc2sys[5374064.400]: CLOCK_REALTIME phc offset        -6 s2 freq  -37045 delay    544
ptp4l[5374065.000]: master offset         -7 s2 freq  -38598 path delay       626
phc2sys[5374065.400]: CLOCK_REALTIME phc offset        -8 s2 freq  -37044 delay    545
ptp4l[5374066.000]: master offset         -6 s2 freq  -38598 path delay       600
phc2sys[5374066.400]: CLOCK_REALTIME phc offset        -4 s2 freq  -37043 delay    546
ptp4l[5374067.000]: master offset          7 s2 freq  -38598 path delay       600
phc2sys[5374067.400]: CLOCK_REALTIME phc offset         7 s2 freq  -37042 delay    540
ptp4l[5374068.000]: master offset         -5 s2 freq  -38598 path delay       604
phc2sys[5374068.400]: CLOCK_REALTIME phc offset         6 s2 freq  -37046 delay    541
ptp4l[5374069.000]: master offset          2 s2 freq  -38598 path delay       600
phc2sys[5374069.400]: CLOCK_REALTIME phc offset        -7 s2 freq  -37045 delay    542
ptp4l[5374070.000]: master offset        -14 s2 freq  -38598 path delay       616
phc2sys[5374070.400]: CLOCK_REALTIME phc offset       -10 s2 freq  -37044 delay    543
ptp4l[5374071.000]: master offset         62 s2 freq  -38598 path delay       660
phc2sys[5374071.400]: CLOCK_REALTIME phc offset         1 s2 freq  -37043 delay    544
ptp4l[5374072.000]: master offset         -1 s2 freq  -38598 path delay       600
phc2sys[5374072.400]: CLOCK_REALTIME phc offset       -12 s2 freq  -37042 delay    545
ptp4l[5374073.000]: master offset          6 s2 freq  -38598 path delay       600
phc2sys[5374073.400]: CLOCK_REALTIME phc offset        10 s2 freq  -37046 delay    546
ptp4l[5374074.000]: master offset         -6 s2 freq  -38598 path delay       600
phc2sys[5374074.400]: CLOCK_REALTIME phc offset       -10 s2 freq  -37045 delay    540
ptp4l[5374075.000]: master offset        -10 s2 freq  -38598 path delay       607
phc2sys[5374075.400]: CLOCK_REALTIME phc offset         4 s2 freq  -37044 delay    541
ptp4l[5374076.000]: master offset       -108 s2 freq  -38598 path delay       717
phc2sys[5374076.400]: CLOCK_REALTIME phc offset        -7 s2 freq  -37043 delay    542
ptp4l[5374077.000]: master offset         -4 s2 freq  -38598 path delay       608
phc2sys[5374077.400]: CLOCK_REALTIME phc offset       -12 s2 freq  -37042 delay    543
ptp4l[5374078.000]: master offset         -6 s2 freq  -38598 path delay       600
phc2sys[5374078.400]: CLOCK_REALTIME phc offset       -13 s2 freq  -37046 delay    544
ptp4l[5374079.000]: master offset         -1 s2 freq  -38598 path delay       608
phc2sys[5374079.400]: CLOCK_REALTIME phc offset        -7 s2 freq  -37045 delay    545
ptp4l[5374080.000]: master offset        -16 s2 freq  -38598 path delay       615
phc2sys[5374080.400]: CLOCK_REALTIME phc offset       -12 s2 freq  -37044 delay    546
ptp4l[5374081.000]: master offset         13 s2 freq  -38598 path delay       600
phc2sys[5374081.400]: CLOCK_REALTIME phc offset         9 s2 freq  -37043 delay    540
ptp4l[5374082.000]: master offset         -8 s2 freq  -38598 path delay       600
phc2sys[5374082.400]: CLOCK_REALTIME phc offset        -6 s2 freq  -37042 delay    541
ptp4l[5374083.000]: master offset        -11 s2 freq  -38598 path delay       626
phc2sys[5374083.400]: CLOCK_REALTIME phc offset       -13 s2 freq  -37046 delay    542
ptp4l[5374084.000]: master offset          2 s2 freq  -38598 path delay       600
phc2sys[5374084.400]: CLOCK_REALTIME phc offset         6 s2 freq  -37045 delay    543
ptp4l[5374085.000]: master offset          7 s2 freq  -38598 path delay       600
phc2sys[5374085.400]: CLOCK_REALTIME phc offset        -7 s2 freq  -37044 delay    544
ptp4l[5374086.000]: master offset         -5 s2 freq  -38598 path delay       600
phc2sys[5374086.400]: CLOCK_REALTIME phc offset        22 s2 freq  -37043 delay    545
ptp4l[5374087.000]: master offset          2 s2 freq  -38598 path delay       600
phc2sys[5374087.400]: CLOCK_REALTIME phc offset         9 s2 freq  -37042 delay    546
ptp4l[5374088.000]: master offset        -28 s2 freq  -38598 path delay       629
phc2sys[5374088.400]: CLOCK_REALTIME phc offset        -1 s2 freq  -37046 delay    540
ptp4l[5374089.000]: master offset          2 s2 freq  -38598 path delay       600
phc2sys[5374089.400]: CLOCK_REALTIME phc offset         1 s2 freq  -37045 delay    541
ptp4l[5374090.000]: master offset          2 s2 freq  -38598 path delay       600
phc2sys[5374090.400]: CLOCK_REALTIME phc offset       -12 s2 freq  -37044 delay    542
ptp4l[5374091.000]: master offset          7 s2 freq  -38598 path delay       600
phc2sys[5374091.400]: CLOCK_REALTIME phc offset       -13 s2 freq  -37043 delay    543
ptp4l[5374092.000]: master offset        -19 s2 freq  -38598 path delay       621
phc2sys[5374092.400]: CLOCK_REALTIME phc offset         3 s2 freq  -37042 delay    544
ptp4l[5374093.000]: master offset          6 s2 freq  -38598 path delay       600
phc2sys[5374093.400]: CLOCK_REALTIME phc offset       -13 s2 freq  -37046 delay    545
ptp4l[5374094.000]: master offset          1 s2 freq  -38598 path delay       600
phc2sys[5374094.400]: CLOCK_REALTIME phc offset        -7 s2 freq  -37045 delay    546
ptp4l[5374095.000]: master offset          3 s2 freq  -38598 path delay       600
phc2sys[5374095.400]: CLOCK_REALTIME phc offset         5 s2 freq  -37044 delay    540
ptp4l[5374096.000]: master offset         -1 s2 freq  -38598 path delay       600
phc2sys[5374096.400]: CLOCK_REALTIME phc offset        -8 s2 freq  -37043 delay    541
ptp4l[5374097.000]: master offset          1 s2 freq  -38598 path delay       600
phc2sys[5374097.400]: CLOCK_REALTIME phc offset         7 s2 freq  -37042 delay    542
ptp4l[5374098.000]: master offset          4 s2 freq  -38598 path delay       600
phc2sys[5374098.400]: CLOCK_REALTIME phc offset        12 s2 freq  -37046 delay    543
ptp4l[5374099.000]: master offset         -1 s2 freq  -38598 path delay       605
phc2sys[5374099.400]: CLOCK_REALTIME phc offset         7 s2 freq  -37045 delay    544
ptp4l[5374100.000]: master offset         -5 s2 freq  -38598 path delay       600
phc2sys[5374100.400]: CLOCK_REALTIME phc offset        21 s2 freq  -37044 delay    545
ptp4l[5374101.000]: master offset        -15 s2 freq  -38598 path delay       617
phc2sys[5374101.400]: CLOCK_REALTIME phc offset       -18 s2 freq  -37043 delay    546
ptp4l[5374102.000]: master offset          1 s2 freq  -38598 path delay       600
phc2sys[5374102.400]: CLOCK_REALTIME phc offset       -19 s2 freq  -37042 delay    540
ptp4l[5374103.000]: master offset          4 s2 freq  -38598 path delay       600
phc2sys[5374103.400]: CLOCK_REALTIME phc offset        16 s2 freq  -37046 delay    541
ptp4l[5374104.000]: master offset          0 s2 freq  -38598 path delay       600
phc2sys[5374104.400]: CLOCK_REALTIME phc offset       -20 s2 freq  -37045 delay    542
ptp4l[5374105.000]: master offset          4 s2 freq  -38598 path delay       600
phc2sys[5374105.400]: CLOCK_REALTIME phc offset         6 s2 freq  -37044 delay    543
ptp4l[5374106.000]: master offset        -19 s2 freq  -38598 path delay       622
phc2sys[5374106.400]: CLOCK_REALTIME phc offset        -9 s2 freq  -37043 delay    544
ptp4l[5374107.000]: master offset         -3 s2 freq  -38598 path delay       600
phc2sys[5374107.400]: CLOCK_REALTIME phc offset        -6 s2 freq  -37042 delay    545
ptp4l[5374108.000]: master offset          4 s2 freq  -38598 path delay       600
phc2sys[5374108.400]: CLOCK_REALTIME phc offset        22 s2 freq  -37046 delay    546
ptp4l[5374109.000]: master offset         -9 s2 freq  -38598 path delay       600
phc2sys[5374109.400]: CLOCK_REALTIME phc offset         1 s2 freq  -37045 delay    540
ptp4l[5374110.000]: master offset         -4 s2 freq  -38598 path delay       600
phc2sys[5374110.400]: CLOCK_REALTIME phc offset       -29 s2 freq  -37044 delay    541
ptp4l[5374111.000]: master offset         12 s2 freq  -38598 path delay       600
phc2sys[5374111.400]: CLOCK_REALTIME phc offset        13 s2 freq  -37043 delay    542
ptp4l[5374112.000]: master offset          2 s2 freq  -38598 path delay       600
phc2sys[5374112.400]: CLOCK_REALTIME phc offset        12 s2 freq  -37042 delay    543
ptp4l[5374113.000]: master offset         19 s2 freq  -38598 path delay       636
phc2sys[5374113.400]: CLOCK_REALTIME phc offset        -2 s2 freq  -37046 delay    544
ptp4l[5374114.000]: master offset         26 s2 freq  -38598 path delay       616
phc2sys[5374114.400]: CLOCK_REALTIME phc offset       -11 s2 freq  -37045 delay    545
ptp4l[5374115.000]: master offset          5 s2 freq  -38598 path delay       600
phc2sys[5374115.400]: CLOCK_REALTIME phc offset        -3 s2 freq  -37044 delay    546
ptp4l[5374116.000]: master offset         -4 s2 freq  -38598 path delay       600
phc2sys[5374116.400]: CLOCK_REALTIME phc offset       -13 s2 freq  -37043 delay    540
ptp4l[5374117.000]: master offset        -11 s2 freq  -38598 path delay       610
phc2sys[5374117.400]: CLOCK_REALTIME phc offset         1 s2 freq  -37042 delay    541
ptp4l[5374118.000]: master offset        -35 s2 freq  -38598 path delay       632
phc2sys[5374118.400]: CLOCK_REALTIME phc offset       -14 s2 freq  -37046 delay    542
ptp4l[5374119.000]: master offset          5 s2 freq  -38598 path delay       600
phc2sys[5374119.400]: CLOCK_REALTIME phc offset        -9 s2 freq  -37045 delay    543
ptp4l[5374120.000]: master offset          3 s2 freq  -38598 path delay       600
phc2sys[5374120.400]: CLOCK_REALTIME phc offset         8 s2 freq  -37044 delay    544
ptp4l[5374121.000]: master offset          7 s2 freq  -38598 path delay       600
phc2sys[5374121.400]: CLOCK_REALTIME phc offset        13 s2 freq  -37043 delay    545
ptp4l[5374122.000]: master offset         -1 s2 freq  -38598 path delay       600
phc2sys[5374122.400]: CLOCK_REALTIME phc offset         7 s2 freq  -37042 delay    546
ptp4l[5374123.000]: master offset          0 s2 freq  -38598 path delay       600
phc2sys[5374123.400]: CLOCK_REALTIME phc offset        -1 s2 freq  -37046 delay    540
ptp4l[5374124.000]: master offset          9 s2 freq  -38598 path delay       600
phc2sys[5374124.400]: CLOCK_REALTIME phc offset        11 s2 freq  -37045 delay    541
ptp4l[5374125.000]: master offset         -4 s2 freq  -38598 path delay       600
phc2sys[5374125.400]: CLOCK_REALTIME phc offset         5 s2 freq  -37044 delay    542
ptp4l[5374126.000]: master offset         12 s2 freq  -38598 path delay       600
phc2sys[5374126.400]: CLOCK_REALTIME phc offset        35 s2 freq  -37043 delay    543
ptp4l[5374127.000]: master offset          4 s2 freq  -38598 path delay       600
phc2sys[5374127.400]: CLOCK_REALTIME phc offset        10 s2 freq  -37042 delay    544
ptp4l[5374128.000]: master offset         -1 s2 freq  -38598 path delay       601
phc2sys[5374128.400]: CLOCK_REALTIME phc offset         3 s2 freq  -37046 delay    545
ptp4l[5374129.000]: master offset          1 s2 freq  -38598 path delay       600
phc2sys[5374129.400]: CLOCK_REALTIME phc offset        -4 s2 freq  -37045 delay    546
ptp4l[5374130.000]: master offset         -4 s2 freq  -38598 path delay       603
phc2sys[5374130.400]: CLOCK_REALTIME phc offset       -16 s2 freq  -37044 delay    540
ptp4l[5374131.000]: master offset          1 s2 freq  -38598 path delay       600
phc2sys[5374131.400]: CLOCK_REALTIME phc offset        19 s2 freq  -37043 delay    541
ptp4l[5374132.000]: master offset          7 s2 freq  -38598 path delay       600
phc2sys[5374132.400]: CLOCK_REALTIME phc offset       -10 s2 freq  -37042 delay    542
ptp4l[5374133.000]: master offset          8 s2 freq  -38598 path delay       600
phc2sys[5374133.400]: CLOCK_REALTIME phc offset        12 s2 freq  -37046 delay    543
ptp4l[5374134.000]: master offset         -1 s2 freq  -38598 path delay       600
phc2sys[5374134.400]: CLOCK_REALTIME phc offset        -8 s2 freq  -37045 delay    544
ptp4l[5374135.000]: master offset          2 s2 freq  -38598 path delay       600
phc2sys[5374135.400]: CLOCK_REALTIME phc offset         0 s2 freq  -37044 delay    545
ptp4l[5374136.000]: master offset         -4 s2 freq  -38598 path delay       600
phc2sys[5374136.400]: CLOCK_REALTIME phc offset        -6 s2 freq  -37043 delay    546
ptp4l[5374137.000]: master offset          1 s2 freq  -38598 path delay       600
phc2sys[5374137.400]: CLOCK_REALTIME phc offset       -10 s2 freq  -37042 delay    540
ptp4l[5374138.000]: master offset         11 s2 freq  -38598 path delay       600
phc2sys[5374138.400]: CLOCK_REALTIME phc offset        -8 s2 freq  -37046 delay    541
ptp4l[5374139.000]: master offset          6 s2 freq  -38598 path delay       600
phc2sys[5374139.400]: CLOCK_REALTIME phc offset        -3 s2 freq  -37045 delay    542
ptp4l[5374140.000]: master offset         -9 s2 freq  -38598 path delay       611
phc2sys[5374140.400]: CLOCK_REALTIME phc offset       -22 s2 freq  -37044 delay    543
ptp4l[5374141.000]: master offset          3 s2 freq  -38598 path delay       600
phc2sys[5374141.400]: CLOCK_REALTIME phc offset       -12 s2 freq  -37043 delay    544
ptp4l[5374142.000]: master offset          2 s2 freq  -38598 path delay       600
phc2sys[5374142.400]: CLOCK_REALTIME phc offset        -4 s2 freq  -37042 delay    545
ptp4l[5374143.000]: master offset         -2 s2 freq  -38598 path delay       600
phc2sys[5374143.400]: CLOCK_REALTIME phc offset       -30 s2 freq  -37046 delay    546
ptp4l[5374144.000]: master offset         -2 s2 freq  -38598 path delay       600
phc2sys[5374144.400]: CLOCK_REALTIME phc offset         1 s2 freq  -37045 delay    540
ptp4l[5374145.000]: master offset         45 s2 freq  -38598 path delay       643
phc2sys[5374145.400]: CLOCK_REALTIME phc offset       -19 s2 freq  -37044 delay    541
ptp4l[5374146.000]: master offset         -3 s2 freq  -38598 path delay       600
phc2sys[5374146.400]: CLOCK_REALTIME phc offset         4 s2 freq  -37043 delay    542
ptp4l[5374147.000]: master offset         11 s2 freq  -38598 path delay       600
phc2sys[5374147.400]: CLOCK_REALTIME phc offset         0 s2 freq  -37042 delay    543
ptp4l[5374148.000]: master offset        -77 s2 freq  -38598 path delay       669
phc2sys[5374148.400]: CLOCK_REALTIME phc offset         3 s2 freq  -37046 delay    544
ptp4l[5374149.000]: master offset         -8 s2 freq  -38598 path delay       600
phc2sys[5374149.400]: CLOCK_REALTIME phc offset        -1 s2 freq  -37045 delay    545
ptp4l[5374150.000]: master offset          3 s2 freq  -38598 path delay       604
phc2sys[5374150.400]: CLOCK_REALTIME phc offset         3 s2 freq  -37044 delay    546
ptp4l[5374151.000]: master offset         -3 s2 freq  -38598 path delay       600
phc2sys[5374151.400]: CLOCK_REALTIME phc offset       -17 s2 freq  -37043 delay    540
ptp4l[5374152.000]: master offset         -3 s2 freq  -38598 path delay       600
phc2sys[5374152.400]: CLOCK_REALTIME phc offset        13 s2 freq  -37042 delay    541
ptp4l[5374153.000]: master offset          5 s2 freq  -38598 path delay       600
phc2sys[5374153.400]: CLOCK_REALTIME phc offset         4 s2 freq  -37046 delay    542
ptp4l[5374154.000]: master offset         -6 s2 freq  -38598 path delay       600
phc2sys[5374154.400]: CLOCK_REALTIME phc offset         0 s2 freq  -37045 delay    543
ptp4l[5374155.000]: master offset          3 s2 freq  -38598 path delay       600
phc2sys[5374155.400]: CLOCK_REALTIME phc offset       -10 s2 freq  -37044 delay    544
ptp4l[5374156.000]: master offset         -1 s2 freq  -38598 path delay       600
phc2sys[5374156.400]: CLOCK_REALTIME phc offset       -20 s2 freq  -37043 delay    545
ptp4l[5374157.000]: master offset          8 s2 freq  -38598 path delay       607
phc2sys[5374157.400]: CLOCK_REALTIME phc offset       -10 s2 freq  -37042 delay    546
ptp4l[5374158.000]: master offset         71 s2 freq  -38598 path delay       671
phc2sys[5374158.400]: CLOCK_REALTIME phc offset       -14 s2 freq  -37046 delay    540
ptp4l[5374159.000]: master offset          2 s2 freq  -38598 path delay       600
phc2sys[5374159.400]: CLOCK_REALTIME phc offset       -14 s2 freq  -37045 delay    541
ptp4l[5374160.000]: master offset          7 s2 freq  -38598 path delay       600
phc2sys[5374160.400]: CLOCK_REALTIME phc offset        -4 s2 freq  -37044 delay    542
ptp4l[5374161.000]: master offset          5 s2 freq  -38598 path delay       600
phc2sys[5374161.400]: CLOCK_REALTIME phc offset       -13 s2 freq  -37043 delay    543
ptp4l[5374162.000]: master offset          0 s2 freq  -38598 path delay       601
phc2sys[5374162.400]: CLOCK_REALTIME phc offset        -7 s2 freq  -37042 delay    544
ptp4l[5374163.000]: master offset         21 s2 freq  -38599 path delay       620
phc2sys[5374163.400]: CLOCK_REALTIME phc offset       -17 s2 freq  -37046 delay    545
ptp4l[5374164.000]: master offset          5 s2 freq  -38599 path delay       600
phc2sys[5374164.400]: CLOCK_REALTIME phc offset        -6 s2 freq  -37045 delay    546
ptp4l[5374165.000]: master offset          5 s2 freq  -38599 path delay       600
phc2sys[5374165.400]: CLOCK_REALTIME phc offset       -19 s2 freq  -37044 delay    540
ptp4l[5374166.000]: master offset        -13 s2 freq  -38599 path delay       613
phc2sys[5374166.400]: CLOCK_REALTIME phc offset         2 s2 freq  -37043 delay    541
ptp4l[5374167.000]: master offset         31 s2 freq  -38599 path delay       636
phc2sys[5374167.400]: CLOCK_REALTIME phc offset        20 s2 freq  -37042 delay    542
ptp4l[5374168.000]: master offset         16 s2 freq  -38599 path delay       610
phc2sys[5374168.400]: CLOCK_REALTIME phc offset         1 s2 freq  -37046 delay    543
ptp4l[5374169.000]: master offset          0 s2 freq  -38599 path delay       600
phc2sys[5374169.400]: CLOCK_REALTIME phc offset       -24 s2 freq  -37045 delay    544
ptp4l[5374170.000]: master offset         -4 s2 freq  -38599 path delay       600
phc2sys[5374170.400]: CLOCK_REALTIME phc offset       -12 s2 freq  -37044 delay    545
ptp4l[5374171.000]: master offset         -3 s2 freq  -38599 path delay       600
phc2sys[5374171.400]: CLOCK_REALTIME phc offset        17 s2 freq  -37043 delay    546
ptp4l[5374172.000]: master offset        -13 s2 freq  -38599 path delay       630
phc2sys[5374172.400]: CLOCK_REALTIME phc offset        11 s2 freq  -37042 delay    540
ptp4l[5374173.000]: master offset         -3 s2 freq  -38599 path delay       600
phc2sys[5374173.400]: CLOCK_REALTIME phc offset         5 s2 freq  -37046 delay    541
ptp4l[5374174.000]: master offset          8 s2 freq  -38599 path delay       600
phc2sys[5374174.400]: CLOCK_REALTIME phc offset        -2 s2 freq  -37045 delay    542
ptp4l[5374175.000]: master offset          2 s2 freq  -38599 path delay       600
phc2sys[5374175.400]: CLOCK_REALTIME phc offset         2 s2 freq  -37044 delay    543
ptp4l[5374176.000]: master offset          3 s2 freq  -38599 path delay       600
phc2sys[5374176.400]: CLOCK_REALTIME phc offset        27 s2 freq  -37043 delay    544
ptp4l[5374177.000]: master offset          6 s2 freq  -38599 path delay       600
phc2sys[5374177.400]: CLOCK_REALTIME phc offset        -8 s2 freq  -37042 delay    545
ptp4l[5374178.000]: master offset         -1 s2 freq  -38599 path delay       600
phc2sys[5374178.400]: CLOCK_REALTIME phc offset       -16 s2 freq  -37046 delay    546
ptp4l[5374179.000]: master offset         -9 s2 freq  -38599 path delay       600
phc2sys[5374179.400]: CLOCK_REALTIME phc offset        23 s2 freq  -37045 delay    540
ptp4l[5374180.000]: master offset        -12 s2 freq  -38599 path delay       606
phc2sys[5374180.400]: CLOCK_REALTIME phc offset         6 s2 freq  -37044 delay    541
ptp4l[5374181.000]: master offset         -1 s2 freq  -38599 path delay       600
phc2sys[5374181.400]: CLOCK_REALTIME phc offset         1 s2 freq  -37043 delay    542
ptp4l[5374182.000]: master offset         -1 s2 freq  -38599 path delay       600
phc2sys[5374182.400]: CLOCK_REALTIME phc offset        16 s2 freq  -37042 delay    543
ptp4l[5374183.000]: master offset          0 s2 freq  -38599 path delay       600
phc2sys[5374183.400]: CLOCK_REALTIME phc offset        21 s2 freq  -37046 delay    544
ptp4l[5374184.000]: master offset        -42 s2 freq  -38599 path delay       646
phc2sys[5374184.400]: CLOCK_REALTIME phc offset        -7 s2 freq  -37045 delay    545
ptp4l[5374185.000]: master offset        -70 s2 freq  -38599 path delay       672
phc2sys[5374185.400]: CLOCK_REALTIME phc offset        14 s2 freq  -37044 delay    546
ptp4l[5374186.000]: master offset        -48 s2 freq  -38599 path delay       650
phc2sys[5374186.400]: CLOCK_REALTIME phc offset        -7 s2 freq  -37043 delay    540
ptp4l[5374187.000]: master offset         -2 s2 freq  -38600 path delay       600
phc2sys[5374187.400]: CLOCK_REALTIME phc offset        11 s2 freq  -37042 delay    541
ptp4l[5374188.000]: master offset         -4 s2 freq  -38600 path delay       600
phc2sys[5374188.400]: CLOCK_REALTIME phc offset        -4 s2 freq  -37046 delay    542
ptp4l[5374189.000]: master offset         -9 s2 freq  -38600 path delay       600
phc2sys[5374189.400]: CLOCK_REALTIME phc offset         8 s2 freq  -37045 delay    543
ptp4l[5374190.000]: master offset          7 s2 freq  -38600 path delay       604
phc2sys[5374190.400]: CLOCK_REALTIME phc offset        -6 s2 freq  -37044 delay    544
ptp4l[5374191.000]: master offset          4 s2 freq  -38600 path delay       601
phc2sys[5374191.400]: CLOCK_REALTIME phc offset        12 s2 freq  -37043 delay    545
ptp4l[5374192.000]: master offset         -5 s2 freq  -38600 path delay       600
phc2sys[5374192.400]: CLOCK_REALTIME phc offset         5 s2 freq  -37042 delay    546
ptp4l[5374193.000]: master offset        -10 s2 freq  -38600 path delay       600
phc2sys[5374193.400]: CLOCK_REALTIME phc offset         8 s2 freq  -37046 delay    540
ptp4l[5374194.000]: master offset         29 s2 freq  -38600 path delay       636
phc2sys[5374194.400]: CLOCK_REALTIME phc offset        -2 s2 freq  -37045 delay    541
ptp4l[5374195.000]: master offset         -1 s2 freq  -38600 path delay       600
phc2sys[5374195.400]: CLOCK_REALTIME phc offset        16 s2 freq  -37044 delay    542
ptp4l[5374196.000]: master offset         -4 s2 freq  -38600 path delay       600
phc2sys[5374196.400]: CLOCK_REALTIME phc offset        -1 s2 freq  -37043 delay    543
ptp4l[5374197.000]: master offset        -25 s2 freq  -38600 path delay       646
phc2sys[5374197.400]: CLOCK_REALTIME phc offset         5 s2 freq  -37042 delay    544
ptp4l[5374198.000]: master offset         96 s2 freq  -38600 path delay       699
phc2sys[5374198.400]: CLOCK_REALTIME phc offset         5 s2 freq  -37046 delay    545
ptp4l[5374199.000]: master offset         -2 s2 freq  -38600 path delay       600
phc2sys[5374199.400]: CLOCK_REALTIME phc offset        -7 s2 freq  -37045 delay    546
ptp4l[5374200.000]: master offset          4 s2 freq  -38600 path delay       603
phc2sys[5374200.400]: CLOCK_REALTIME phc offset        -7 s2 freq  -37044 delay    540
ptp4l[5374201.000]: master offset         -1 s2 freq  -38600 path delay       600
phc2sys[5374201.400]: CLOCK_REALTIME phc offset        15 s2 freq  -37043 delay    541
ptp4l[5374202.000]: master offset          3 s2 freq  -38600 path delay       600
phc2sys[5374202.400]: CLOCK_REALTIME phc offset        -6 s2 freq  -37042 delay    542
ptp4l[5374203.000]: master offset          3 s2 freq  -38600 path delay       600
phc2sys[5374203.400]: CLOCK_REALTIME phc offset        17 s2 freq  -37046 delay    543
ptp4l[5374204.000]: master offset        -10 s2 freq  -38600 path delay       603
phc2sys[5374204.400]: CLOCK_REALTIME phc offset        -3 s2 freq  -37045 delay    544
ptp4l[5374205.000]: master offset         -5 s2 freq  -38600 path delay       600
phc2sys[5374205.400]: CLOCK_REALTIME phc offset         1 s2 freq  -37044 delay    545
ptp4l[5374206.000]: master offset         -9 s2 freq  -38600 path delay       606
phc2sys[5374206.400]: CLOCK_REALTIME phc offset        15 s2 freq  -37043 delay    546
ptp4l[5374207.000]: master offset        -13 s2 freq  -38601 path delay       615
phc2sys[5374207.400]: CLOCK_REALTIME phc offset         8 s2 freq  -37042 delay    540
ptp4l[5374208.000]: master offset         -3 s2 freq  -38601 path delay       600
phc2sys[5374208.400]: CLOCK_REALTIME phc offset        -5 s2 freq  -37046 delay    541
ptp4l[5374209.000]: master offset          0 s2 freq  -38601 path delay       600
phc2sys[5374209.400]: CLOCK_REALTIME phc offset         9 s2 freq  -37045 delay    542
ptp4l[5374210.000]: master offset          2 s2 freq  -38601 path delay       600
phc2sys[5374210.400]: CLOCK_REALTIME phc offset        -6 s2 freq  -37044 delay    543
ptp4l[5374211.000]: master offset        -40 s2 freq  -38601 path delay       635
phc2sys[5374211.400]: CLOCK_REALTIME phc offset        -1 s2 freq  -37043 delay    544
ptp4l[5374212.000]: master offset         23 s2 freq  -38601 path delay       623
phc2sys[5374212.400]: CLOCK_REALTIME phc offset       -10 s2 freq  -37042 delay    545
ptp4l[5374213.000]: master offset         -3 s2 freq  -38601 path delay       600
phc2sys[5374213.400]: CLOCK_REALTIME phc offset         6 s2 freq  -37046 delay    546
ptp4l[5374214.000]: master offset          1 s2 freq  -38601 path delay       600
phc2sys[5374214.400]: CLOCK_REALTIME phc offset        -1 s2 freq  -37045 delay    540
ptp4l[5374215.000]: master offset          9 s2 freq  -38601 path delay       600
phc2sys[5374215.400]: CLOCK_REALTIME phc offset         4 s2 freq  -37044 delay    541
ptp4l[5374216.000]: master offset          7 s2 freq  -38601 path delay       600
phc2sys[5374216.400]: CLOCK_REALTIME phc offset        -7 s2 freq  -37043 delay    542
ptp4l[5374217.000]: master offset         -9 s2 freq  -38601 path delay       600
phc2sys[5374217.400]: CLOCK_REALTIME phc offset         9 s2 freq  -37042 delay    543
ptp4l[5374218.000]: master offset        -81 s2 freq  -38601 path delay       672
phc2sys[5374218.400]: CLOCK_REALTIME phc offset         4 s2 freq  -37046 delay    544
ptp4l[5374219.000]: master offset         37 s2 freq  -38601 path delay       629
phc2sys[5374219.400]: CLOCK_REALTIME phc offset        23 s2 freq  -37045 delay    545
ptp4l[5374220.000]: master offset        -14 s2 freq  -38601 path delay       600
phc2sys[5374220.400]: CLOCK_REALTIME phc offset        22 s2 freq  -37044 delay    546
ptp4l[5374221.000]: master offset         -3 s2 freq  -38601 path delay       600
phc2sys[5374221.400]: CLOCK_REALTIME phc offset        -6 s2 freq  -37043 delay    540
ptp4l[5374222.000]: master offset         -6 s2 freq  -38601 path delay       600
phc2sys[5374222.400]: CLOCK_REALTIME phc offset        11 s2 freq  -37042 delay    541
ptp4l[5374223.000]: master offset          1 s2 freq  -38601 path delay       600
phc2sys[5374223.400]: CLOCK_REALTIME phc offset        -4 s2 freq  -37046 delay    542
ptp4l[5374224.000]: master offset          1 s2 freq  -38601 path delay       600
phc2sys[5374224.400]: CLOCK_REALTIME phc offset         8 s2 freq  -37045 delay    543
ptp4l[5374225.000]: master offset         25 s2 freq  -38601 path delay       627
phc2sys[5374225.400]: CLOCK_REALTIME phc offset         6 s2 freq  -37044 delay    544
ptp4l[5374226.000]: master offset         -4 s2 freq  -38601 path delay       600
phc2sys[5374226.400]: CLOCK_REALTIME phc offset        -3 s2 freq  -37043 delay    545
ptp4l[5374227.000]: master offset        -25 s2 freq  -38602 path delay       689
phc2sys[5374227.400]: CLOCK_REALTIME phc offset        -4 s2 freq  -37042 delay    546
ptp4l[5374228.000]: master offset          4 s2 freq  -38602 path delay       600
phc2sys[5374228.400]: CLOCK_REALTIME phc offset       -12 s2 freq  -37046 delay    540
ptp4l[5374229.000]: master offset          1 s2 freq  -38602 path delay       600
phc2sys[5374229.400]: CLOCK_REALTIME phc offset       -15 s2 freq  -37045 delay    541
ptp4l[5374230.000]: master offset          7 s2 freq  -38602 path delay       600
phc2sys[5374230.400]: CLOCK_REALTIME phc offset        -5 s2 freq  -37044 delay    542
ptp4l[5374231.000]: master offset         -8 s2 freq  -38602 path delay       600
phc2sys[5374231.400]: CLOCK_REALTIME phc offset         3 s2 freq  -37043 delay    543
ptp4l[5374232.000]: master offset          1 s2 freq  -38602 path delay       600
phc2sys[5374232.400]: CLOCK_REALTIME phc offset        22 s2 freq  -37042 delay    544
ptp4l[5374233.000]: master offset          3 s2 freq  -38602 path delay       604
phc2sys[5374233.400]: CLOCK_REALTIME phc offset         4 s2 freq  -37046 delay    545
ptp4l[5374234.000]: master offset         27 s2 freq  -38602 path delay       622
phc2sys[5374234.400]: CLOCK_REALTIME phc offset         3 s2 freq  -37045 delay    546
ptp4l[5374235.000]: master offset          4 s2 freq  -38602 path delay       600
phc2sys[5374235.400]: CLOCK_REALTIME phc offset       -13 s2 freq  -37044 delay    540
ptp4l[5374236.000]: master offset         -9 s2 freq  -38602 path delay       600
phc2sys[5374236.400]: CLOCK_REALTIME phc offset        14 s2 freq  -37043 delay    541
ptp4l[5374237.000]: master offset         -1 s2 freq  -38602 path delay       600
phc2sys[5374237.400]: CLOCK_REALTIME phc offset       -16 s2 freq  -37042 delay    542
ptp4l[5374238.000]: master offset        -27 s2 freq  -38602 path delay       623
phc2sys[5374238.400]: CLOCK_REALTIME phc offset        -4 s2 freq  -37046 delay    543
ptp4l[5374239.000]: master offset          0 s2 freq  -38602 path delay       600
phc2sys[5374239.400]: CLOCK_REALTIME phc offset         8 s2 freq  -37045 delay    544
ptp4l[5374240.000]: master offset          6 s2 freq  -38602 path delay       605
phc2sys[5374240.400]: CLOCK_REALTIME phc offset         0 s2 freq  -37044 delay    545
ptp4l[5374241.000]: master offset         45 s2 freq  -38602 path delay       648
phc2sys[5374241.400]: CLOCK_REALTIME phc offset        -1 s2 freq  -37043 delay    546
ptp4l[5374242.000]: master offset          7 s2 freq  -38602 path delay       600
phc2sys[5374242.400]: CLOCK_REALTIME phc offset        -4 s2 freq  -37042 delay    540
ptp4l[5374243.000]: master offset         14 s2 freq  -38602 path delay       608
phc2sys[5374243.400]: CLOCK_REALTIME phc offset        18 s2 freq  -37046 delay    541
ptp4l[5374244.000]: master offset          0 s2 freq  -38602 path delay       600
phc2sys[5374244.400]: CLOCK_REALTIME phc offset        11 s2 freq  -37045 delay    542
ptp4l[5374245.000]: master offset         -4 s2 freq  -38602 path delay       600
phc2sys[5374245.400]: CLOCK_REALTIME phc offset        26 s2 freq  -37044 delay    543
ptp4l[5374246.000]: master offset         -4 s2 freq  -38602 path delay       600
phc2sys[5374246.400]: CLOCK_REALTIME phc offset         7 s2 freq  -37043 delay    544
ptp4l[5374247.000]: master offset          1 s2 freq  -38602 path delay       600
phc2sys[5374247.400]: CLOCK_REALTIME phc offset         1 s2 freq  -37042 delay    545
ptp4l[5374248.000]: master offset         36 s2 freq  -38602 path delay       630
phc2sys[5374248.400]: CLOCK_REALTIME phc offset         1 s2 freq  -37046 delay    546
ptp4l[5374249.000]: master offset         12 s2 freq  -38602 path delay       600
phc2sys[5374249.400]: CLOCK_REALTIME phc offset        -4 s2 freq  -37045 delay    540
ptp4l[5374250.000]: master offset          0 s2 freq  -38602 path delay       603
phc2sys[5374250.400]: CLOCK_REALTIME phc offset        13 s2 freq  -37044 delay    541
ptp4l[5374251.000]: master offset          6 s2 freq  -38603 path delay       610
phc2sys[5374251.400]: CLOCK_REALTIME phc offset        17 s2 freq  -37043 delay    542
ptp4l[5374252.000]: master offset         -3 s2 freq  -38603 path delay       600
phc2sys[5374252.400]: CLOCK_REALTIME phc offset         6 s2 freq  -37042 delay    543
ptp4l[5374253.000]: master offset          6 s2 freq  -38603 path delay       600
phc2sys[5374253.400]: CLOCK_REALTIME phc offset        34 s2 freq  -37046 delay    544
ptp4l[5374254.000]: master offset          6 s2 freq  -38603 path delay       607
phc2sys[5374254.400]: CLOCK_REALTIME phc offset         8 s2 freq  -37045 delay    545
ptp4l[5374255.000]: master offset         13 s2 freq  -38603 path delay       614
phc2sys[5374255.400]: CLOCK_REALTIME phc offset       -14 s2 freq  -37044 delay    546
ptp4l[5374256.000]: master offset         -2 s2 freq  -38603 path delay       600
phc2sys[5374256.400]: CLOCK_REALTIME phc offset         9 s2 freq  -37043 delay    540
ptp4l[5374257.000]: master offset         -4 s2 freq  -38603 path delay       600
phc2sys[5374257.400]: CLOCK_REALTIME phc offset        -3 s2 freq  -37042 delay    541
ptp4l[5374258.000]: master offset        -18 s2 freq  -38603 path delay       621
phc2sys[5374258.400]: CLOCK_REALTIME phc offset         5 s2 freq  -37046 delay    542
ptp4l[5374259.000]: master offset         -2 s2 freq  -38603 path delay       600
phc2sys[5374259.400]: CLOCK_REALTIME phc offset       -18 s2 freq  -37045 delay    543
ptp4l[5374260.000]: master offset         12 s2 freq  -38603 path delay       600
phc2sys[5374260.400]: CLOCK_REALTIME phc offset       -15 s2 freq  -37044 delay    544
ptp4l[5374261.000]: master offset         76 s2 freq  -38603 path delay       683
phc2sys[5374261.400]: CLOCK_REALTIME phc offset        -8 s2 freq  -37043 delay    545
ptp4l[5374262.000]: master offset         -2 s2 freq  -38603 path delay       600
phc2sys[5374262.400]: CLOCK_REALTIME phc offset        -5 s2 freq  -37042 delay    546
ptp4l[5374263.000]: master offset         29 s2 freq  -38603 path delay       626
phc2sys[5374263.400]: CLOCK_REALTIME phc offset         4 s2 freq  -37046 delay    540
ptp4l[5374264.000]: master offset         -1 s2 freq  -38603 path delay       600
phc2sys[5374264.400]: CLOCK_REALTIME phc offset         0 s2 freq  -37045 delay    541
ptp4l[5374265.000]: master offset         -1 s2 freq  -38603 path delay       600
phc2sys[5374265.400]: CLOCK_REALTIME phc offset        -1 s2 freq  -37044 delay    542
ptp4l[5374266.000]: master offset        -20 s2 freq  -38603 path delay       628
phc2sys[5374266.400]: CLOCK_REALTIME phc offset         5 s2 freq  -37043 delay    543
ptp4l[5374267.000]: master offset         -1 s2 freq  -38603 path delay       600
phc2sys[5374267.400]: CLOCK_REALTIME phc offset       -15 s2 freq  -37042 delay    544
ptp4l[5374268.000]: master offset          2 s2 freq  -38603 path delay       600
phc2sys[5374268.400]: CLOCK_REALTIME phc offset       -11 s2 freq  -37046 delay    545
ptp4l[5374269.000]: master offset         -5 s2 freq  -38603 path delay       600
phc2sys[5374269.400]: CLOCK_REALTIME phc offset        -5 s2 freq  -37045 delay    546
ptp4l[5374270.000]: master offset         -4 s2 freq  -38603 path delay       600
phc2sys[5374270.400]: CLOCK_REALTIME phc offset        -7 s2 freq  -37044 delay    540
ptp4l[5374271.000]: master offset          7 s2 freq  -38603 path delay       600
phc2sys[5374271.400]: CLOCK_REALTIME phc offset         1 s2 freq  -37043 delay    541
ptp4l[5374272.000]: master offset          1 s2 freq  -38603 path delay       600
phc2sys[5374272.400]: CLOCK_REALTIME phc offset         9 s2 freq  -37042 delay    542
ptp4l[5374273.000]: master offset        -41 s2 freq  -38603 path delay       635
phc2sys[5374273.400]: CLOCK_REALTIME phc offset         9 s2 freq  -37046 delay    543
ptp4l[5374274.000]: master offset         -2 s2 freq  -38603 path delay       600
phc2sys[5374274.400]: CLOCK_REALTIME phc offset         7 s2 freq  -37045 delay    544
ptp4l[5374275.000]: master offset         -4 s2 freq  -38603 path delay       600
phc2sys[5374275.400]: CLOCK_REALTIME phc offset         5 s2 freq  -37044 delay    545
ptp4l[5374276.000]: master offset         -1 s2 freq  -38603 path delay       600
phc2sys[5374276.400]: CLOCK_REALTIME phc offset         8 s2 freq  -37043 delay    546
ptp4l[5374277.000]: master offset          6 s2 freq  -38603 path delay       600
phc2sys[5374277.400]: CLOCK_REALTIME phc offset        22 s2 freq  -37042 delay    540
ptp4l[5374278.000]: master offset          3 s2 freq  -38603 path delay       604
phc2sys[5374278.400]: CLOCK_REALTIME phc offset        -8 s2 freq  -37046 delay    541
ptp4l[5374279.000]: master offset          3 s2 freq  -38603 path delay       600
phc2sys[5374279.400]: CLOCK_REALTIME phc offset       -14 s2 freq  -37045 delay    542
ptp4l[5374280.000]: master offset         12 s2 freq  -38603 path delay       611
phc2sys[5374280.400]: CLOCK_REALTIME phc offset        11 s2 freq  -37044 delay    543
ptp4l[5374281.000]: master offset          6 s2 freq  -38603 path delay       600
phc2sys[5374281.400]: CLOCK_REALTIME phc offset       -15 s2 freq  -37043 delay    544
ptp4l[5374282.000]: master offset          3 s2 freq  -38603 path delay       603
phc2sys[5374282.400]: CLOCK_REALTIME phc offset         1 s2 freq  -37042 delay    545
ptp4l[5374283.000]: master offset         -5 s2 freq  -38603 path delay       600
phc2sys[5374283.400]: CLOCK_REALTIME phc offset        -6 s2 freq  -37046 delay    546
ptp4l[5374284.000]: master offset        -74 s2 freq  -38603 path delay       671
phc2sys[5374284.400]: CLOCK_REALTIME phc offset        18 s2 freq  -37045 delay    540
ptp4l[5374285.000]: master offset          6 s2 freq  -38603 path delay       600
phc2sys[5374285.400]: CLOCK_REALTIME phc offset         4 s2 freq  -37044 delay    541
ptp4l[5374286.000]: master offset         10 s2 freq  -38603 path delay       600
phc2sys[5374286.400]: CLOCK_REALTIME phc offset        17 s2 freq  -37043 delay    542
ptp4l[5374287.000]: master offset         -3 s2 freq  -38603 path delay       600
phc2sys[5374287.400]: CLOCK_REALTIME phc offset        10 s2 freq  -37042 delay    543
ptp4l[5374288.000]: master offset        -28 s2 freq  -38603 path delay       625
phc2sys[5374288.400]: CLOCK_REALTIME phc offset        -2 s2 freq  -37046 delay    544
ptp4l[5374289.000]: master offset          4 s2 freq  -38603 path delay       600
phc2sys[5374289.400]: CLOCK_REALTIME phc offset        -5 s2 freq  -37045 delay    545
ptp4l[5374290.000]: master offset         -6 s2 freq  -38603 path delay       600
phc2sys[5374290.400]: CLOCK_REALTIME phc offset        -9 s2 freq  -37044 delay    546
ptp4l[5374291.000]: master offset          8 s2 freq  -38603 path delay       600
phc2sys[5374291.400]: CLOCK_REALTIME phc offset        12 s2 freq  -37043 delay    540
ptp4l[5374292.000]: master offset          0 s2 freq  -38603 path delay       600
phc2sys[5374292.400]: CLOCK_REALTIME phc offset        -8 s2 freq  -37042 delay    541
ptp4l[5374293.000]: master offset         11 s2 freq  -38603 path delay       600
phc2sys[5374293.400]: CLOCK_REALTIME phc offset        -9 s2 freq  -37046 delay    542
ptp4l[5374294.000]: master offset          2 s2 freq  -38603 path delay       600
phc2sys[5374294.400]: CLOCK_REALTIME phc offset        -6 s2 freq  -37045 delay    543
ptp4l[5374295.000]: master offset         -4 s2 freq  -38603 path delay       600
phc2sys[5374295.400]: CLOCK_REALTIME phc offset        -3 s2 freq  -37044 delay    544
ptp4l[5374296.000]: master offset          3 s2 freq  -38603 path delay       600
phc2sys[5374296.400]: CLOCK_REALTIME phc offset        10 s2 freq  -37043 delay    545
ptp4l[5374297.000]: master offset         29 s2 freq  -38603 path delay       623
phc2sys[5374297.400]: CLOCK_REALTIME phc offset         8 s2 freq  -37042 delay    546
ptp4l[5374298.000]: master offset         15 s2 freq  -38603 path delay       600
phc2sys[5374298.400]: CLOCK_REALTIME phc offset        13 s2 freq  -37046 delay    540
ptp4l[5374299.000]: master offset         15 s2 freq  -38603 path delay       613
phc2sys[5374299.400]: CLOCK_REALTIME phc offset         3 s2 freq  -37045 delay    541
ptp4l[5374300.000]: master offset         16 s2 freq  -38603 path delay       611
phc2sys[5374300.400]: CLOCK_REALTIME phc offset        20 s2 freq  -37044 delay    542
ptp4l[5374301.000]: master offset          8 s2 freq  -38603 path delay       600
phc2sys[5374301.400]: CLOCK_REALTIME phc offset        10 s2 freq  -37043 delay    543
ptp4l[5374302.000]: master offset          4 s2 freq  -38603 path delay       600
phc2sys[5374302.400]: CLOCK_REALTIME phc offset         1 s2 freq  -37042 delay    544
ptp4l[5374303.000]: master offset         14 s2 freq  -38603 path delay       617
phc2sys[5374303.400]: CLOCK_REALTIME phc offset        -6 s2 freq  -37046 delay    545
ptp4l[5374304.000]: master offset          8 s2 freq  -38603 path delay       601
phc2sys[5374304.400]: CLOCK_REALTIME phc offset        11 s2 freq  -37045 delay    546
ptp4l[5374305.000]: master offset          7 s2 freq  -38603 path delay       608
phc2sys[5374305.400]: CLOCK_REALTIME phc offset       -17 s2 freq  -37044 delay    540
ptp4l[5374306.000]: master offset         -3 s2 freq  -38603 path delay       600
phc2sys[5374306.400]: CLOCK_REALTIME phc offset        11 s2 freq  -37043 delay    541
ptp4l[5374307.000]: master offset          0 s2 freq  -38603 path delay       600
phc2sys[5374307.400]: CLOCK_REALTIME phc offset        11 s2 freq  -37042 delay    542
ptp4l[5374308.000]: master offset        -11 s2 freq  -38603 path delay       607
phc2sys[5374308.400]: CLOCK_REALTIME phc offset         2 s2 freq  -37046 delay    543
ptp4l[5374309.000]: master offset         -1 s2 freq  -38603 path delay       600
phc2sys[5374309.400]: CLOCK_REALTIME phc offset        -7 s2 freq  -37045 delay    544
ptp4l[5374310.000]: master offset          0 s2 freq  -38603 path delay       600
phc2sys[5374310.400]: CLOCK_REALTIME phc offset        -6 s2 freq  -37044 delay    545
ptp4l[5374311.000]: master offset          3 s2 freq  -38603 path delay       600
phc2sys[5374311.400]: CLOCK_REALTIME phc offset        -7 s2 freq  -37043 delay    546
ptp4l[5374312.000]: master offset        -33 s2 freq  -38603 path delay       629
phc2sys[5374312.400]: CLOCK_REALTIME phc offset         5 s2 freq  -37042 delay    540
ptp4l[5374313.000]: master offset         -3 s2 freq  -38603 path delay       600
phc2sys[5374313.400]: CLOCK_REALTIME phc offset        -3 s2 freq  -37046 delay    541
ptp4l[5374314.000]: master offset         -1 s2 freq  -38603 path delay       600
phc2sys[5374314.400]: CLOCK_REALTIME phc offset       -11 s2 freq  -37045 delay    542
ptp4l[5374315.000]: master offset         10 s2 freq  -38603 path delay       600
phc2sys[5374315.400]: CLOCK_REALTIME phc offset        13 s2 freq  -37044 delay    543
ptp4l[5374316.000]: master offset         -4 s2 freq  -38603 path delay       600
phc2sys[5374316.400]: CLOCK_REALTIME phc offset         2 s2 freq  -37043 delay    544
ptp4l[5374317.000]: master offset          9 s2 freq  -38603 path delay       600
phc2sys[5374317.400]: CLOCK_REALTIME phc offset         8 s2 freq  -37042 delay    545
ptp4l[5374318.000]: master offset        -37 s2 freq  -38603 path delay       638
phc2sys[5374318.400]: CLOCK_REALTIME phc offset        -3 s2 freq  -37046 delay    546
ptp4l[5374319.000]: master offset         -1 s2 freq  -38603 path delay       600
phc2sys[5374319.400]: CLOCK_REALTIME phc offset         5 s2 freq  -37045 delay    540
ptp4l[5374320.000]: master offset          4 s2 freq  -38603 path delay       600
phc2sys[5374320.400]: CLOCK_REALTIME phc offset         0 s2 freq  -37044 delay    541
ptp4l[5374321.000]: master offset          2 s2 freq  -38603 path delay       600
phc2sys[5374321.400]: CLOCK_REALTIME phc offset        -9 s2 freq  -37043 delay    542
ptp4l[5374322.000]: master offset          2 s2 freq  -38603 path delay       600
phc2sys[5374322.400]: CLOCK_REALTIME phc offset       -13 s2 freq  -37042 delay    543
ptp4l[5374323.000]: master offset          1 s2 freq  -38603 path delay       600
phc2sys[5374323.400]: CLOCK_REALTIME phc offset        20 s2 freq  -37046 delay    544
ptp4l[5374324.000]: master offset          4 s2 freq  -38603 path delay       600
phc2sys[5374324.400]: CLOCK_REALTIME phc offset       -11 s2 freq  -37045 delay    545
ptp4l[5374325.000]: master offset         11 s2 freq  -38603 path delay       600
phc2sys[5374325.400]: CLOCK_REALTIME phc offset        -2 s2 freq  -37044 delay    546
ptp4l[5374326.000]: master offset        -73 s2 freq  -38603 path delay       675
phc2sys[5374326.400]: CLOCK_REALTIME phc offset        14 s2 freq  -37043 delay    540
ptp4l[5374327.000]: master offset         20 s2 freq  -38603 path delay       614
phc2sys[5374327.400]: CLOCK_REALTIME phc offset       -18 s2 freq  -37042 delay    541
ptp4l[5374328.000]: master offset          2 s2 freq  -38603 path delay       600
phc2sys[5374328.400]: CLOCK_REALTIME phc offset         4 s2 freq  -37046 delay    542
ptp4l[5374329.000]: master offset          1 s2 freq  -38603 path delay       600
phc2sys[5374329.400]: CLOCK_REALTIME phc offset         5 s2 freq  -37045 delay    543
ptp4l[5374330.000]: master offset         10 s2 freq  -38603 path delay       600
phc2sys[5374330.400]: CLOCK_REALTIME phc offset         8 s2 freq  -37044 delay    544
ptp4l[5374331.000]: master offset          6 s2 freq  -38603 path delay       600
phc2sys[5374331.400]: CLOCK_REALTIME phc offset        -1 s2 freq  -37043 delay    545
ptp4l[5374332.000]: master offset         -1 s2 freq  -38603 path delay       606
phc2sys[5374332.400]: CLOCK_REALTIME phc offset        -7 s2 freq  -37042 delay    546
ptp4l[5374333.000]: master offset          1 s2 freq  -38603 path delay       600
phc2sys[5374333.400]: CLOCK_REALTIME phc offset         7 s2 freq  -37046 delay    540
ptp4l[5374334.000]: master offset          9 s2 freq  -38603 path delay       600
phc2sys[5374334.400]: CLOCK_REALTIME phc offset       -31 s2 freq  -37045 delay    541
ptp4l[5374335.000]: master offset         10 s2 freq  -38603 path delay       610
phc2sys[5374335.400]: CLOCK_REALTIME phc offset       -10 s2 freq  -37044 delay    542
ptp4l[5374336.000]: master offset          0 s2 freq  -38603 path delay       600
phc2sys[5374336.400]: CLOCK_REALTIME phc offset         6 s2 freq  -37043 delay    543
ptp4l[5374337.000]: master offset          1 s2 freq  -38603 path delay       600
phc2sys[5374337.400]: CLOCK_REALTIME phc offset        17 s2 freq  -37042 delay    544
ptp4l[5374338.000]: master offset          3 s2 freq  -38603 path delay       600
phc2sys[5374338.400]: CLOCK_REALTIME phc offset        16 s2 freq  -37046 delay    545
ptp4l[5374339.000]: master offset        -14 s2 freq  -38603 path delay       616
phc2sys[5374339.400]: CLOCK_REALTIME phc offset        -8 s2 freq  -37045 delay    546
ptp4l[5374340.000]: master offset         -2 s2 freq  -38603 path delay       600
phc2sys[5374340.400]: CLOCK_REALTIME phc offset         7 s2 freq  -37044 delay    540
ptp4l[5374341.000]: master offset         -4 s2 freq  -38603 path delay       600
phc2sys[5374341.400]: CLOCK_REALTIME phc offset         8 s2 freq  -37043 delay    541
ptp4l[5374342.000]: master offset          9 s2 freq  -38603 path delay       600
phc2sys[5374342.400]: CLOCK_REALTIME phc offset       -18 s2 freq  -37042 delay    542
ptp4l[5374343.000]: master offset         10 s2 freq  -38603 path delay       600
phc2sys[5374343.400]: CLOCK_REALTIME phc offset        -9 s2 freq  -37046 delay    543
ptp4l[5374344.000]: master offset         -7 s2 freq  -38603 path delay       600
phc2sys[5374344.400]: CLOCK_REALTIME phc offset        15 s2 freq  -37045 delay    544
ptp4l[5374345.000]: master offset        -12 s2 freq  -38603 path delay       618
phc2sys[5374345.400]: CLOCK_REALTIME phc offset         2 s2 freq  -37044 delay    545
ptp4l[5374346.000]: master offset         20 s2 freq  -38603 path delay       622
phc2sys[5374346.400]: CLOCK_REALTIME phc offset         7 s2 freq  -37043 delay    546
ptp4l[5374347.000]: master offset         -5 s2 freq  -38603 path delay       601
phc2sys[5374347.400]: CLOCK_REALTIME phc offset        11 s2 freq  -37042 delay    540
ptp4l[5374348.000]: master offset          6 s2 freq  -38603 path delay       600
phc2sys[5374348.400]: CLOCK_REALTIME phc offset        17 s2 freq  -37046 delay    541
ptp4l[5374349.000]: master offset        -18 s2 freq  -38603 path delay       632
phc2sys[5374349.400]: CLOCK_REALTIME phc offset         7 s2 freq  -37045 delay    542
ptp4l[5374350.000]: master offset          5 s2 freq  -38603 path delay       600
phc2sys[5374350.400]: CLOCK_REALTIME phc offset        -1 s2 freq  -37044 delay    543
ptp4l[5374351.000]: master offset          6 s2 freq  -38603 path delay       600
phc2sys[5374351.400]: CLOCK_REALTIME phc offset       -11 s2 freq  -37043 delay    544
ptp4l[5374352.000]: master offset         -2 s2 freq  -38602 path delay       600
phc2sys[5374352.400]: CLOCK_REALTIME phc offset         7 s2 freq  -37042 delay    545
ptp4l[5374353.000]: master offset          6 s2 freq  -38602 path delay       600
phc2sys[5374353.400]: CLOCK_REALTIME phc offset       -10 s2 freq  -37046 delay    546
ptp4l[5374354.000]: master offset          4 s2 freq  -38602 path delay       600
phc2sys[5374354.400]: CLOCK_REALTIME phc offset        -2 s2 freq  -37045 delay    540
ptp4l[5374355.000]: master offset         48 s2 freq  -38602 path delay       638
phc2sys[5374355.400]: CLOCK_REALTIME phc offset         3 s2 freq  -37044 delay    541
ptp4l[5374356.000]: master offset         -4 s2 freq  -38602 path delay       607
phc2sys[5374356.400]: CLOCK_REALTIME phc offset         0 s2 freq  -37043 delay    542
ptp4l[5374357.000]: master offset         19 s2 freq  -38602 path delay       610
phc2sys[5374357.400]: CLOCK_REALTIME phc offset        -8 s2 freq  -37042 delay    543
ptp4l[5374358.000]: master offset          8 s2 freq  -38602 path delay       600
phc2sys[5374358.400]: CLOCK_REALTIME phc offset        11 s2 freq  -37046 delay    544
ptp4l[5374359.000]: master offset          2 s2 freq  -38602 path delay       600
phc2sys[5374359.400]: CLOCK_REALTIME phc offset        19 s2 freq  -37045 delay    545
ptp4l[5374360.000]: master offset         11 s2 freq  -38602 path delay       600
phc2sys[5374360.400]: CLOCK_REALTIME phc offset         3 s2 freq  -37044 delay    546
ptp4l[5374361.000]: master offset          9 s2 freq  -38602 path delay       609
phc2sys[5374361.400]: CLOCK_REALTIME phc offset         5 s2 freq  -37043 delay    540
ptp4l[5374362.000]: master offset         -8 s2 freq  -38602 path delay       600
phc2sys[5374362.400]: CLOCK_REALTIME phc offset       -12 s2 freq  -37042 delay    541
ptp4l[5374363.000]: master offset         12 s2 freq  -38602 path delay       600
phc2sys[5374363.400]: CLOCK_REALTIME phc offset         2 s2 freq  -37046 delay    542
ptp4l[5374364.000]: master offset          3 s2 freq  -38602 path delay       600
phc2sys[5374364.400]: CLOCK_REALTIME phc offset        15 s2 freq  -37045 delay    543
ptp4l[5374365.000]: master offset         -9 s2 freq  -38602 path delay       609
phc2sys[5374365.400]: CLOCK_REALTIME phc offset        -7 s2 freq  -37044 delay    544
ptp4l[5374366.000]: master offset          7 s2 freq  -38602 path delay       600
phc2sys[5374366.400]: CLOCK_REALTIME phc offset        11 s2 freq  -37043 delay    545
ptp4l[5374367.000]: master offset          9 s2 freq  -38602 path delay       600
phc2sys[5374367.400]: CLOCK_REALTIME phc offset       -13 s2 freq  -37042 delay    546
ptp4l[5374368.000]: master offset          2 s2 freq  -38602 path delay       600
phc2sys[5374368.400]: CLOCK_REALTIME phc offset        -2 s2 freq  -37046 delay    540
ptp4l[5374369.000]: master offset          3 s2 freq  -38602 path delay       600
phc2sys[5374369.400]: CLOCK_REALTIME phc offset         3 s2 freq  -37045 delay    541
ptp4l[5374370.000]: master offset         -5 s2 freq  -38602 path delay       600
phc2sys[5374370.400]: CLOCK_REALTIME phc offset        -6 s2 freq  -37044 delay    542
ptp4l[5374371.000]: master offset          7 s2 freq  -38602 path delay       600
phc2sys[5374371.400]: CLOCK_REALTIME phc offset         8 s2 freq  -37043 delay    543
ptp4l[5374372.000]: master offset         12 s2 freq  -38602 path delay       609
phc2sys[5374372.400]: CLOCK_REALTIME phc offset       -21 s2 freq  -37042 delay    544
ptp4l[5374373.000]: master offset          6 s2 freq  -38602 path delay       600
phc2sys[5374373.400]: CLOCK_REALTIME phc offset       -10 s2 freq  -37046 delay    545
ptp4l[5374374.000]: master offset         -6 s2 freq  -38602 path delay       600
phc2sys[5374374.400]: CLOCK_REALTIME phc offset        -3 s2 freq  -37045 delay    546
ptp4l[5374375.000]: master offset        -27 s2 freq  -38601 path delay       622
phc2sys[5374375.400]: CLOCK_REALTIME phc offset        -5 s2 freq  -37044 delay    540
ptp4l[5374376.000]: master offset          9 s2 freq  -38601 path delay       619
phc2sys[5374376.400]: CLOCK_REALTIME phc offset        20 s2 freq  -37043 delay    541
ptp4l[5374377.000]: master offset         -1 s2 freq  -38601 path delay       600
phc2sys[5374377.400]: CLOCK_REALTIME phc offset         7 s2 freq  -37042 delay    542
ptp4l[5374378.000]: master offset         -1 s2 freq  -38601 path delay       601
phc2sys[5374378.400]: CLOCK_REALTIME phc offset        11 s2 freq  -37046 delay    543
ptp4l[5374379.000]: master offset         -3 s2 freq  -38601 path delay       600
phc2sys[5374379.400]: CLOCK_REALTIME phc offset         0 s2 freq  -37045 delay    544
ptp4l[5374380.000]: master offset         -4 s2 freq  -38601 path delay       600
phc2sys[5374380.400]: CLOCK_REALTIME phc offset        -1 s2 freq  -37044 delay    545
ptp4l[5374381.000]: master offset          2 s2 freq  -38601 path delay       600
phc2sys[5374381.400]: CLOCK_REALTIME phc offset        -5 s2 freq  -37043 delay    546
ptp4l[5374382.000]: master offset          4 s2 freq  -38601 path delay       600
phc2sys[5374382.400]: CLOCK_REALTIME phc offset        -4 s2 freq  -37042 delay    540
ptp4l[5374383.000]: master offset          7 s2 freq  -38601 path delay       600
phc2sys[5374383.400]: CLOCK_REALTIME phc offset        -2 s2 freq  -37046 delay    541
ptp4l[5374384.000]: master offset          0 s2 freq  -38601 path delay       600
phc2sys[5374384.400]: CLOCK_REALTIME phc offset         3 s2 freq  -37045 delay    542
ptp4l[5374385.000]: master offset          3 s2 freq  -38601 path delay       600
phc2sys[5374385.400]: CLOCK_REALTIME phc offset         7 s2 freq  -37044 delay    543
ptp4l[5374386.000]: master offset        -15 s2 freq  -38601 path delay       619
phc2sys[5374386.400]: CLOCK_REALTIME phc offset        -9 s2 freq  -37043 delay    544
ptp4l[5374387.000]: master offset          0 s2 freq  -38601 path delay       600
phc2sys[5374387.400]: CLOCK_REALTIME phc offset         3 s2 freq  -37042 delay    545
ptp4l[5374388.000]: master offset          5 s2 freq  -38601 path delay       600
phc2sys[5374388.400]: CLOCK_REALTIME phc offset        15 s2 freq  -37046 delay    546
ptp4l[5374389.000]: master offset          9 s2 freq  -38601 path delay       603
phc2sys[5374389.400]: CLOCK_REALTIME phc offset        14 s2 freq  -37045 delay    540
ptp4l[5374390.000]: master offset          3 s2 freq  -38601 path delay       600
phc2sys[5374390.400]: CLOCK_REALTIME phc offset         5 s2 freq  -37044 delay    541
ptp4l[5374391.000]: master offset          5 s2 freq  -38601 path delay       603
phc2sys[5374391.400]: CLOCK_REALTIME phc offset         9 s2 freq  -37043 delay    542
ptp4l[5374392.000]: master offset          5 s2 freq  -38601 path delay       600
phc2sys[5374392.400]: CLOCK_REALTIME phc offset        31 s2 freq  -37042 delay    543
ptp4l[5374393.000]: master offset         -3 s2 freq  -38601 path delay       600
phc2sys[5374393.400]: CLOCK_REALTIME phc offset       -14 s2 freq  -37046 delay    544
ptp4l[5374394.000]: master offset          4 s2 freq  -38601 path delay       600
phc2sys[5374394.400]: CLOCK_REALTIME phc offset        11 s2 freq  -37045 delay    545
ptp4l[5374395.000]: master offset         -1 s2 freq  -38600 path delay       600
phc2sys[5374395.400]: CLOCK_REALTIME phc offset         8 s2 freq  -37044 delay    546
ptp4l[5374396.000]: master offset        -35 s2 freq  -38600 path delay       633
phc2sys[5374396.400]: CLOCK_REALTIME phc offset         6 s2 freq  -37043 delay    540
ptp4l[5374397.000]: master offset         -7 s2 freq  -38600 path delay       600
phc2sys[5374397.400]: CLOCK_REALTIME phc offset        14 s2 freq  -37042 delay    541
ptp4l[5374398.000]: master offset        -45 s2 freq  -38600 path delay       656
phc2sys[5374398.400]: CLOCK_REALTIME phc offset        12 s2 freq  -37046 delay    542
ptp4l[5374399.000]: master offset          1 s2 freq  -38600 path delay       600
phc2sys[5374399.400]: CLOCK_REALTIME phc offset        11 s2 freq  -37045 delay    543
ptp4l[5374400.000]: master offset          8 s2 freq  -38600 path delay       602
phc2sys[5374400.400]: CLOCK_REALTIME phc offset         4 s2 freq  -37044 delay    544
ptp4l[5374401.000]: master offset          0 s2 freq  -38600 path delay       600
phc2sys[5374401.400]: CLOCK_REALTIME phc offset         3 s2 freq  -37043 delay    545
ptp4l[5374402.000]: master offset        -47 s2 freq  -38600 path delay       646
phc2sys[5374402.400]: CLOCK_REALTIME phc offset        -6 s2 freq  -37042 delay    546
ptp4l[5374403.000]: master offset         -1 s2 freq  -38600 path delay       600
phc2sys[5374403.400]: CLOCK_REALTIME phc offset         7 s2 freq  -37046 delay    540
ptp4l[5374404.000]: master offset          8 s2 freq  -38600 path delay       600
phc2sys[5374404.400]: CLOCK_REALTIME phc offset       -20 s2 freq  -37045 delay    541
ptp4l[5374405.000]: master offset         -3 s2 freq  -38600 path delay       606
phc2sys[5374405.400]: CLOCK_REALTIME phc offset       -25 s2 freq  -37044 delay    542
ptp4l[5374406.000]: master offset         12 s2 freq  -38600 path delay       600
phc2sys[5374406.400]: CLOCK_REALTIME phc offset        13 s2 freq  -37043 delay    543
ptp4l[5374407.000]: master offset         12 s2 freq  -38600 path delay       614
phc2sys[5374407.400]: CLOCK_REALTIME phc offset         2 s2 freq  -37042 delay    544
ptp4l[5374408.000]: master offset          8 s2 freq  -38600 path delay       600
phc2sys[5374408.400]: CLOCK_REALTIME phc offset         2 s2 freq  -37046 delay    545
ptp4l[5374409.000]: master offset          7 s2 freq  -38600 path delay       610
phc2sys[5374409.400]: CLOCK_REALTIME phc offset         1 s2 freq  -37045 delay    546
ptp4l[5374410.000]: master offset        -21 s2 freq  -38600 path delay       613
phc2sys[5374410.400]: CLOCK_REALTIME phc offset         0 s2 freq  -37044 delay    540
ptp4l[5374411.000]: master offset          4 s2 freq  -38600 path delay       600
phc2sys[5374411.400]: CLOCK_REALTIME phc offset        -1 s2 freq  -37043 delay    541
ptp4l[5374412.000]: master offset          5 s2 freq  -38600 path delay       600
phc2sys[5374412.400]: CLOCK_REALTIME phc offset        -8 s2 freq  -37042 delay    542
ptp4l[5374413.000]: master offset         18 s2 freq  -38600 path delay       613
phc2sys[5374413.400]: CLOCK_REALTIME phc offset        -8 s2 freq  -37046 delay    543
ptp4l[5374414.000]: master offset         -3 s2 freq  -38600 path delay       605
phc2sys[5374414.400]: CLOCK_REALTIME phc offset        -2 s2 freq  -37045 delay    544
ptp4l[5374415.000]: master offset        -11 s2 freq  -38600 path delay       608
phc2sys[5374415.400]: CLOCK_REALTIME phc offset         7 s2 freq  -37044 delay    545
ptp4l[5374416.000]: master offset         11 s2 freq  -38599 path delay       600
phc2sys[5374416.400]: CLOCK_REALTIME phc offset       -11 s2 freq  -37043 delay    546
ptp4l[5374417.000]: master offset         24 s2 freq  -38599 path delay       617
phc2sys[5374417.400]: CLOCK_REALTIME phc offset       -12 s2 freq  -37042 delay    540
ptp4l[5374418.000]: master offset         35 s2 freq  -38599 path delay       627
phc2sys[5374418.400]: CLOCK_REALTIME phc offset       -10 s2 freq  -37046 delay    541
ptp4l[5374419.000]: master offset         11 s2 freq  -38599 path delay       600
phc2sys[5374419.400]: CLOCK_REALTIME phc offset       -10 s2 freq  -37045 delay    542
ptp4l[5374420.000]: master offset         10 s2 freq  -38599 path delay       607
phc2sys[5374420.400]: CLOCK_REALTIME phc offset         3 s2 freq  -37044 delay    543
ptp4l[5374421.000]: master offset          3 s2 freq  -38599 path delay       600
phc2sys[5374421.400]: CLOCK_REALTIME phc offset         8 s2 freq  -37043 delay    544
ptp4l[5374422.000]: master offset          2 s2 freq  -38599 path delay       607
phc2sys[5374422.400]: CLOCK_REALTIME phc offset         5 s2 freq  -37042 delay    545
ptp4l[5374423.000]: master offset         21 s2 freq  -38599 path delay       623
phc2sys[5374423.400]: CLOCK_REALTIME phc offset         2 s2 freq  -37046 delay    546
ptp4l[5374424.000]: master offset         20 s2 freq  -38599 path delay       620
phc2sys[5374424.400]: CLOCK_REALTIME phc offset        19 s2 freq  -37045 delay    540
ptp4l[5374425.000]: master offset         -1 s2 freq  -38599 path delay       600
phc2sys[5374425.400]: CLOCK_REALTIME phc offset         5 s2 freq  -37044 delay    541
ptp4l[5374426.000]: master offset         -5 s2 freq  -38599 path delay       600
phc2sys[5374426.400]: CLOCK_REALTIME phc offset        -7 s2 freq  -37043 delay    542
ptp4l[5374427.000]: master offset         12 s2 freq  -38599 path delay       600
phc2sys[5374427.400]: CLOCK_REALTIME phc offset        -7 s2 freq  -37042 delay    543
ptp4l[5374428.000]: master offset          2 s2 freq  -38599 path delay       600
phc2sys[5374428.400]: CLOCK_REALTIME phc offset        -4 s2 freq  -37046 delay    544
ptp4l[5374429.000]: master offset         -4 s2 freq  -38599 path delay       600
phc2sys[5374429.400]: CLOCK_REALTIME phc offset        -7 s2 freq  -37045 delay    545
ptp4l[5374430.000]: master offset          6 s2 freq  -38599 path delay       600
phc2sys[5374430.400]: CLOCK_REALTIME phc offset       -11 s2 freq  -37044 delay    546
ptp4l[5374431.000]: master offset         47 s2 freq  -38599 path delay       637
phc2sys[5374431.400]: CLOCK_REALTIME phc offset        14 s2 freq  -37043 delay    540
ptp4l[5374432.000]: master offset         -2 s2 freq  -38599 path delay       600
phc2sys[5374432.400]: CLOCK_REALTIME phc offset       -17 s2 freq  -37042 delay    541
ptp4l[5374433.000]: master offset          6 s2 freq  -38599 path delay       600
phc2sys[5374433.400]: CLOCK_REALTIME phc offset         1 s2 freq  -37046 delay    542
ptp4l[5374434.000]: master offset         12 s2 freq  -38599 path delay       600
phc2sys[5374434.400]: CLOCK_REALTIME phc offset        -1 s2 freq  -37045 delay    543
ptp4l[5374435.000]: master offset          4 s2 freq  -38599 path delay       600
phc2sys[5374435.400]: CLOCK_REALTIME phc offset         8 s2 freq  -37044 delay    544
ptp4l[5374436.000]: master offset          3 s2 freq  -38599 path delay       608
phc2sys[5374436.400]: CLOCK_REALTIME phc offset       -10 s2 freq  -37043 delay    545
ptp4l[5374437.000]: master offset          2 s2 freq  -38599 path delay       600
phc2sys[5374437.400]: CLOCK_REALTIME phc offset       -11 s2 freq  -37042 delay    546
ptp4l[5374438.000]: master offset         -2 s2 freq  -38599 path delay       600
phc2sys[5374438.400]: CLOCK_REALTIME phc offset        -5 s2 freq  -37046 delay    540
ptp4l[5374439.000]: master offset          0 s2 freq  -38598 path delay       600
phc2sys[5374439.400]: CLOCK_REALTIME phc offset        12 s2 freq  -37045 delay    541
ptp4l[5374440.000]: master offset        -45 s2 freq  -38598 path delay       647
phc2sys[5374440.400]: CLOCK_REALTIME phc offset        24 s2 freq  -37044 delay    542
ptp4l[5374441.000]: master offset          1 s2 freq  -38598 path delay       610
phc2sys[5374441.400]: CLOCK_REALTIME phc offset        11 s2 freq  -37043 delay    543
ptp4l[5374442.000]: master offset         -2 s2 freq  -38598 path delay       600
phc2sys[5374442.400]: CLOCK_REALTIME phc offset       -23 s2 freq  -37042 delay    544
ptp4l[5374443.000]: master offset         11 s2 freq  -38598 path delay       600
phc2sys[5374443.400]: CLOCK_REALTIME phc offset        21 s2 freq  -37046 delay    545
ptp4l[5374444.000]: master offset         10 s2 freq  -38598 path delay       605
phc2sys[5374444.400]: CLOCK_REALTIME phc offset         3 s2 freq  -37045 delay    546
ptp4l[5374445.000]: master offset         -2 s2 freq  -38598 path delay       602
phc2sys[5374445.400]: CLOCK_REALTIME phc offset         5 s2 freq  -37044 delay    540
ptp4l[5374446.000]: master offset         -4 s2 freq  -38598 path delay       606
phc2sys[5374446.400]: CLOCK_REALTIME phc offset         2 s2 freq  -37043 delay    541
ptp4l[5374447.000]: master offset          2 s2 freq  -38598 path delay       600
phc2sys[5374447.400]: CLOCK_REALTIME phc offset         9 s2 freq  -37042 delay    542
ptp4l[5374448.000]: master offset          3 s2 freq  -38598 path delay       600
phc2sys[5374448.400]: CLOCK_REALTIME phc offset        35 s2 freq  -37046 delay    543
ptp4l[5374449.000]: master offset          5 s2 freq  -38598 path delay       600
phc2sys[5374449.400]: CLOCK_REALTIME phc offset         7 s2 freq  -37045 delay    544
ptp4l[5374450.000]: master offset          8 s2 freq  -38598 path delay       600
phc2sys[5374450.400]: CLOCK_REALTIME phc offset         8 s2 freq  -37044 delay    545
ptp4l[5374451.000]: master offset          5 s2 freq  -38598 path delay       600
phc2sys[5374451.400]: CLOCK_REALTIME phc offset        29 s2 freq  -37043 delay    546
ptp4l[5374452.000]: master offset          4 s2 freq  -38598 path delay       600
phc2sys[5374452.400]: CLOCK_REALTIME phc offset       -19 s2 freq  -37042 delay    540
ptp4l[5374453.000]: master offset          5 s2 freq  -38598 path delay       600
phc2sys[5374453.400]: CLOCK_REALTIME phc offset         2 s2 freq  -37046 delay    541
ptp4l[5374454.000]: master offset         29 s2 freq  -38598 path delay       629
phc2sys[5374454.400]: CLOCK_REALTIME phc offset        -1 s2 freq  -37045 delay    542
ptp4l[5374455.000]: master offset        -19 s2 freq  -38598 path delay       626
phc2sys[5374455.400]: CLOCK_REALTIME phc offset        10 s2 freq  -37044 delay    543
ptp4l[5374456.000]: master offset         -3 s2 freq  -38598 path delay       603
phc2sys[5374456.400]: CLOCK_REALTIME phc offset        14 s2 freq  -37043 delay    544
ptp4l[5374457.000]: master offset          1 s2 freq  -38598 path delay       600
phc2sys[5374457.400]: CLOCK_REALTIME phc offset       -15 s2 freq  -37042 delay    545
ptp4l[5374458.000]: master offset          3 s2 freq  -38598 path delay       606
phc2sys[5374458.400]: CLOCK_REALTIME phc offset       -12 s2 freq  -37046 delay    546
ptp4l[5374459.000]: master offset         53 s2 freq  -38598 path delay       651
phc2sys[5374459.400]: CLOCK_REALTIME phc offset       -17 s2 freq  -37045 delay    540
ptp4l[5374460.000]: master offset       -165 s2 freq  -38598 path delay       764
phc2sys[5374460.400]: CLOCK_REALTIME phc offset       -13 s2 freq  -37044 delay    541
ptp4l[5374461.000]: master offset        -33 s2 freq  -38598 path delay       636
phc2sys[5374461.400]: CLOCK_REALTIME phc offset        18 s2 freq  -37043 delay    542
ptp4l[5374462.000]: master offset        -11 s2 freq  -38598 path delay       610
phc2sys[5374462.400]: CLOCK_REALTIME phc offset        -8 s2 freq  -37042 delay    543
ptp4l[5374463.000]: master offset          4 s2 freq  -38598 path delay       600
phc2sys[5374463.400]: CLOCK_REALTIME phc offset        -1 s2 freq  -37046 delay    544
ptp4l[5374464.000]: master offset        -27 s2 freq  -38598 path delay       627
phc2sys[5374464.400]: CLOCK_REALTIME phc offset        18 s2 freq  -37045 delay    545
ptp4l[5374465.000]: master offset         -1 s2 freq  -38598 path delay       600
phc2sys[5374465.400]: CLOCK_REALTIME phc offset         1 s2 freq  -37044 delay    546
ptp4l[5374466.000]: master offset         -1 s2 freq  -38598 path delay       600
phc2sys[5374466.400]: CLOCK_REALTIME phc offset         7 s2 freq  -37043 delay    540
ptp4l[5374467.000]: master offset         41 s2 freq  -38598 path delay       639
phc2sys[5374467.400]: CLOCK_REALTIME phc offset         1 s2 freq  -37042 delay    541
ptp4l[5374468.000]: master offset         -9 s2 freq  -38598 path delay       673
phc2sys[5374468.400]: CLOCK_REALTIME phc offset       -28 s2 freq  -37046 delay    542
ptp4l[5374469.000]: master offset        -10 s2 freq  -38598 path delay       617
phc2sys[5374469.400]: CLOCK_REALTIME phc offset         7 s2 freq  -37045 delay    543
ptp4l[5374470.000]: master offset          4 s2 freq  -38598 path delay       600
phc2sys[5374470.400]: CLOCK_REALTIME phc offset        -4 s2 freq  -37044 delay    544
ptp4l[5374471.000]: master offset         -8 s2 freq  -38598 path delay       600
phc2sys[5374471.400]: CLOCK_REALTIME phc offset        16 s2 freq  -37043 delay    545
ptp4l[5374472.000]: master offset         -5 s2 freq  -38598 path delay       600
phc2sys[5374472.400]: CLOCK_REALTIME phc offset        11 s2 freq  -37042 delay    546
ptp4l[5374473.000]: master offset          2 s2 freq  -38598 path delay       600
phc2sys[5374473.400]: CLOCK_REALTIME phc offset        -3 s2 freq  -37046 delay    540
ptp4l[5374474.000]: master offset         -2 s2 freq  -38598 path delay       600
phc2sys[5374474.400]: CLOCK_REALTIME phc offset        11 s2 freq  -37045 delay    541
ptp4l[5374475.000]: master offset         -9 s2 freq  -38598 path delay       600
phc2sys[5374475.400]: CLOCK_REALTIME phc offset        -1 s2 freq  -37044 delay    542
ptp4l[5374476.000]: master offset        -60 s2 freq  -38598 path delay       654
phc2sys[5374476.400]: CLOCK_REALTIME phc offset        21 s2 freq  -37043 delay    543
ptp4l[5374477.000]: master offset          7 s2 freq  -38598 path delay       602
phc2sys[5374477.400]: CLOCK_REALTIME phc offset        -8 s2 freq  -37042 delay    544
ptp4l[5374478.000]: master offset          3 s2 freq  -38598 path delay       600
phc2sys[5374478.400]: CLOCK_REALTIME phc offset         4 s2 freq  -37046 delay    545
ptp4l[5374479.000]: master offset          2 s2 freq  -38598 path delay       600
phc2sys[5374479.400]: CLOCK_REALTIME phc offset         8 s2 freq  -37045 delay    546
ptp4l[5374480.000]: master offset        -12 s2 freq  -38598 path delay       612
phc2sys[5374480.400]: CLOCK_REALTIME phc offset         0 s2 freq  -37044 delay    540
ptp4l[5374481.000]: master offset         12 s2 freq  -38598 path delay       600
phc2sys[5374481.400]: CLOCK_REALTIME phc offset        -6 s2 freq  -37043 delay    541
ptp4l[5374482.000]: master offset         -3 s2 freq  -38598 path delay       600
phc2sys[5374482.400]: CLOCK_REALTIME phc offset         4 s2 freq  -37042 delay    542
ptp4l[5374483.000]: master offset         -4 s2 freq  -38598 path delay       600
phc2sys[5374483.400]: CLOCK_REALTIME phc offset        -2 s2 freq  -37046 delay    543
ptp4l[5374484.000]: master offset         -4 s2 freq  -38598 path delay       600
phc2sys[5374484.400]: CLOCK_REALTIME phc offset        12 s2 freq  -37045 delay    544
ptp4l[5374485.000]: master offset          1 s2 freq  -38598 path delay       600
phc2sys[5374485.400]: CLOCK_REALTIME phc offset         3 s2 freq  -37044 delay    545
ptp4l[5374486.000]: master offset        -10 s2 freq  -38598 path delay       600
phc2sys[5374486.400]: CLOCK_REALTIME phc offset        -7 s2 freq  -37043 delay    546
ptp4l[5374487.000]: master offset          0 s2 freq  -38598 path delay       600
phc2sys[5374487.400]: CLOCK_REALTIME phc offset         1 s2 freq  -37042 delay    540
ptp4l[5374488.000]: master offset         -3 s2 freq  -38598 path delay       600
phc2sys[5374488.400]: CLOCK_REALTIME phc offset        16 s2 freq  -37046 delay    541
ptp4l[5374489.000]: master offset          6 s2 freq  -38598 path delay       600
phc2sys[5374489.400]: CLOCK_REALTIME phc offset         4 s2 freq  -37045 delay    542
ptp4l[5374490.000]: master offset         -2 s2 freq  -38598 path delay       600
phc2sys[5374490.400]: CLOCK_REALTIME phc offset        -8 s2 freq  -37044 delay    543
ptp4l[5374491.000]: master offset        -12 s2 freq  -38598 path delay       600
phc2sys[5374491.400]: CLOCK_REALTIME phc offset        -6 s2 freq  -37043 delay    544
ptp4l[5374492.000]: master offset         -9 s2 freq  -38598 path delay       600
phc2sys[5374492.400]: CLOCK_REALTIME phc offset         9 s2 freq  -37042 delay    545
ptp4l[5374493.000]: master offset          5 s2 freq  -38598 path delay       600
phc2sys[5374493.400]: CLOCK_REALTIME phc offset         4 s2 freq  -37046 delay    546
ptp4l[5374494.000]: master offset          1 s2 freq  -38598 path delay       600
phc2sys[5374494.400]: CLOCK_REALTIME phc offset       -13 s2 freq  -37045 delay    540
ptp4l[5374495.000]: master offset         -2 s2 freq  -38598 path delay       600
phc2sys[5374495.400]: CLOCK_REALTIME phc offset        15 s2 freq  -37044 delay    541
ptp4l[5374496.000]: master offset         28 s2 freq  -38598 path delay       627
phc2sys[5374496.400]: CLOCK_REALTIME phc offset        17 s2 freq  -37043 delay    542
ptp4l[5374497.000]: master offset          0 s2 freq  -38598 path delay       600
phc2sys[5374497.400]: CLOCK_REALTIME phc offset         1 s2 freq  -37042 delay    543
ptp4l[5374498.000]: master offset          6 s2 freq  -38598 path delay       600
phc2sys[5374498.400]: CLOCK_REALTIME phc offset       -13 s2 freq  -37046 delay    544
ptp4l[5374499.000]: master offset         -7 s2 freq  -38598 path delay       600
phc2sys[5374499.400]: CLOCK_REALTIME phc offset        32 s2 freq  -37045 delay    545
ptp4l[5374500.000]: master offset         -2 s2 freq  -38598 path delay       600
phc2sys[5374500.400]: CLOCK_REALTIME phc offset         5 s2 freq  -37044 delay    546
ptp4l[5374501.000]: master offset         -8 s2 freq  -38598 path delay       608
phc2sys[5374501.400]: CLOCK_REALTIME phc offset        25 s2 freq  -37043 delay    540
ptp4l[5374502.000]: master offset          2 s2 freq  -38598 path delay       600
phc2sys[5374502.400]: CLOCK_REALTIME phc offset         6 s2 freq  -37042 delay    541
ptp4l[5374503.000]: master offset        -19 s2 freq  -38598 path delay       618
phc2sys[5374503.400]: CLOCK_REALTIME phc offset         5 s2 freq  -37046 delay    542
ptp4l[5374504.000]: master offset         -3 s2 freq  -38598 path delay       600
phc2sys[5374504.400]: CLOCK_REALTIME phc offset        11 s2 freq  -37045 delay    543
ptp4l[5374505.000]: master offset        -20 s2 freq  -38598 path delay       618
phc2sys[5374505.400]: CLOCK_REALTIME phc offset         4 s2 freq  -37044 delay    544
ptp4l[5374506.000]: master offset         -8 s2 freq  -38598 path delay       600
phc2sys[5374506.400]: CLOCK_REALTIME phc offset         2 s2 freq  -37043 delay    545
ptp4l[5374507.000]: master offset         11 s2 freq  -38598 path delay       614
phc2sys[5374507.400]: CLOCK_REALTIME phc offset        -1 s2 freq  -37042 delay    546
ptp4l[5374508.000]: master offset        -14 s2 freq  -38598 path delay       618
phc2sys[5374508.400]: CLOCK_REALTIME phc offset        -7 s2 freq  -37046 delay    540
ptp4l[5374509.000]: master offset         -6 s2 freq  -38598 path delay       620
phc2sys[5374509.400]: CLOCK_REALTIME phc offset         1 s2 freq  -37045 delay    541
ptp4l[5374510.000]: master offset       -112 s2 freq  -38598 path delay       711
phc2sys[5374510.400]: CLOCK_REALTIME phc offset        -9 s2 freq  -37044 delay    542
ptp4l[5374511.000]: master offset        -12 s2 freq  -38598 path delay       615
phc2sys[5374511.400]: CLOCK_REALTIME phc offset        16 s2 freq  -37043 delay    543
ptp4l[5374512.000]: master offset          6 s2 freq  -38598 path delay       600
phc2sys[5374512.400]: CLOCK_REALTIME phc offset         2 s2 freq  -37042 delay    544
ptp4l[5374513.000]: master offset         10 s2 freq  -38598 path delay       600
phc2sys[5374513.400]: CLOCK_REALTIME phc offset       -19 s2 freq  -37046 delay    545
ptp4l[5374514.000]: master offset          0 s2 freq  -38598 path delay       600
phc2sys[5374514.400]: CLOCK_REALTIME phc offset        -7 s2 freq  -37045 delay    546
ptp4l[5374515.000]: master offset        -64 s2 freq  -38598 path delay       671
phc2sys[5374515.400]: CLOCK_REALTIME phc offset        21 s2 freq  -37044 delay    540
ptp4l[5374516.000]: master offset          2 s2 freq  -38598 path delay       600
phc2sys[5374516.400]: CLOCK_REALTIME phc offset         3 s2 freq  -37043 delay    541
ptp4l[5374517.000]: master offset          2 s2 freq  -38598 path delay       600
phc2sys[5374517.400]: CLOCK_REALTIME phc offset       -17 s2 freq  -37042 delay    542
ptp4l[5374518.000]: master offset        -16 s2 freq  -38598 path delay       617
phc2sys[5374518.400]: CLOCK_REALTIME phc offset         8 s2 freq  -37046 delay    543
ptp4l[5374519.000]: master offset          4 s2 freq  -38598 path delay       600
phc2sys[5374519.400]: CLOCK_REALTIME phc offset       -13 s2 freq  -37045 delay    544
ptp4l[5374520.000]: master offset         -2 s2 freq  -38598 path delay       600
phc2sys[5374520.400]: CLOCK_REALTIME phc offset         1 s2 freq  -37044 delay    545
ptp4l[5374521.000]: master offset          2 s2 freq  -38598 path delay       600
phc2sys[5374521.400]: CLOCK_REALTIME phc offset         3 s2 freq  -37043 delay    546
ptp4l[5374522.000]: master offset        -11 s2 freq  -38598 path delay       611
phc2sys[5374522.400]: CLOCK_REALTIME phc offset        -1 s2 freq  -37042 delay    540
ptp4l[5374523.000]: master offset          1 s2 freq  -38598 path delay       600
phc2sys[5374523.400]: CLOCK_REALTIME phc offset        15 s2 freq  -37046 delay    541
ptp4l[5374524.000]: master offset          0 s2 freq  -38598 path delay       600
phc2sys[5374524.400]: CLOCK_REALTIME phc offset         3 s2 freq  -37045 delay    542
ptp4l[5374525.000]: master offset         -7 s2 freq  -38598 path delay       600
phc2sys[5374525.400]: CLOCK_REALTIME phc offset        -4 s2 freq  -37044 delay    543
ptp4l[5374526.000]: master offset        -53 s2 freq  -38598 path delay       659
phc2sys[5374526.400]: CLOCK_REALTIME phc offset        16 s2 freq  -37043 delay    544
ptp4l[5374527.000]: master offset         10 s2 freq  -38598 path delay       609
phc2sys[5374527.400]: CLOCK_REALTIME phc offset         0 s2 freq  -37042 delay    545
ptp4l[5374528.000]: master offset         -1 s2 freq  -38598 path delay       600
phc2sys[5374528.400]: CLOCK_REALTIME phc offset         7 s2 freq  -37046 delay    546
ptp4l[5374529.000]: master offset          0 s2 freq  -38598 path delay       600
phc2sys[5374529.400]: CLOCK_REALTIME phc offset        -7 s2 freq  -37045 delay    540
ptp4l[5374530.000]: master offset         -1 s2 freq  -38598 path delay       602
phc2sys[5374530.400]: CLOCK_REALTIME phc offset         4 s2 freq  -37044 delay    541
ptp4l[5374531.000]: master offset          8 s2 freq  -38598 path delay       600
phc2sys[5374531.400]: CLOCK_REALTIME phc offset         1 s2 freq  -37043 delay    542
ptp4l[5374532.000]: master offset          9 s2 freq  -38598 path delay       604
phc2sys[5374532.400]: CLOCK_REALTIME phc offset        -9 s2 freq  -37042 delay    543
ptp4l[5374533.000]: master offset          9 s2 freq  -38598 path delay       600
phc2sys[5374533.400]: CLOCK_REALTIME phc offset        -6 s2 freq  -37046 delay    544
ptp4l[5374534.000]: master offset          0 s2 freq  -38598 path delay       600
phc2sys[5374534.400]: CLOCK_REALTIME phc offset        15 s2 freq  -37045 delay    545
ptp4l[5374535.000]: master offset          8 s2 freq  -38598 path delay       600
phc2sys[5374535.400]: CLOCK_REALTIME phc offset        -5 s2 freq  -37044 delay    546
ptp4l[5374536.000]: master offset          5 s2 freq  -38598 path delay       600
phc2sys[5374536.400]: CLOCK_REALTIME phc offset       -14 s2 freq  -37043 delay    540
ptp4l[5374537.000]: master offset          5 s2 freq  -38598 path delay       600
phc2sys[5374537.400]: CLOCK_REALTIME phc offset         3 s2 freq  -37042 delay    541
ptp4l[5374538.000]: master offset          8 s2 freq  -38598 path delay       606
phc2sys[5374538.400]: CLOCK_REALTIME phc offset         4 s2 freq  -37046 delay    542
ptp4l[5374539.000]: master offset          8 s2 freq  -38598 path delay       600
phc2sys[5374539.400]: CLOCK_REALTIME phc offset         5 s2 freq  -37045 delay    543
ptp4l[5374540.000]: master offset         15 s2 freq  -38599 path delay       600
phc2sys[5374540.400]: CLOCK_REALTIME phc offset         1 s2 freq  -37044 delay    544
ptp4l[5374541.000]: master offset          9 s2 freq  -38599 path delay       600
phc2sys[5374541.400]: CLOCK_REALTIME phc offset         2 s2 freq  -37043 delay    545
ptp4l[5374542.000]: master offset          9 s2 freq  -38599 path delay       607
phc2sys[5374542.400]: CLOCK_REALTIME phc offset         0 s2 freq  -37042 delay    546
ptp4l[5374543.000]: master offset          6 s2 freq  -38599 path delay       600
phc2sys[5374543.400]: CLOCK_REALTIME phc offset       -18 s2 freq  -37046 delay    540
ptp4l[5374544.000]: master offset          9 s2 freq  -38599 path delay       600
phc2sys[5374544.400]: CLOCK_REALTIME phc offset       -13 s2 freq  -37045 delay    541
ptp4l[5374545.000]: master offset         -6 s2 freq  -38599 path delay       600
phc2sys[5374545.400]: CLOCK_REALTIME phc offset        -2 s2 freq  -37044 delay    542
ptp4l[5374546.000]: master offset          8 s2 freq  -38599 path delay       600
phc2sys[5374546.400]: CLOCK_REALTIME phc offset         1 s2 freq  -37043 delay    543
ptp4l[5374547.000]: master offset          4 s2 freq  -38599 path delay       600
phc2sys[5374547.400]: CLOCK_REALTIME phc offset        21 s2 freq  -37042 delay    544
ptp4l[5374548.000]: master offset         25 s2 freq  -38599 path delay       616
phc2sys[5374548.400]: CLOCK_REALTIME phc offset         0 s2 freq  -37046 delay    545
ptp4l[5374549.000]: master offset          0 s2 freq  -38599 path delay       600
phc2sys[5374549.400]: CLOCK_REALTIME phc offset       -22 s2 freq  -37045 delay    546
ptp4l[5374550.000]: master offset         11 s2 freq  -38599 path delay       601
phc2sys[5374550.400]: CLOCK_REALTIME phc offset         6 s2 freq  -37044 delay    540
ptp4l[5374551.000]: master offset         10 s2 freq  -38599 path delay       606
phc2sys[5374551.400]: CLOCK_REALTIME phc offset         1 s2 freq  -37043 delay    541
ptp4l[5374552.000]: master offset          8 s2 freq  -38599 path delay       600
phc2sys[5374552.400]: CLOCK_REALTIME phc offset        34 s2 freq  -37042 delay    542
ptp4l[5374553.000]: master offset          0 s2 freq  -38599 path delay       600
phc2sys[5374553.400]: CLOCK_REALTIME phc offset        -8 s2 freq  -37046 delay    543
ptp4l[5374554.000]: master offset          4 s2 freq  -38599 path delay       600
phc2sys[5374554.400]: CLOCK_REALTIME phc offset         8 s2 freq  -37045 delay    544
ptp4l[5374555.000]: master offset         10 s2 freq  -38599 path delay       600
phc2sys[5374555.400]: CLOCK_REALTIME phc offset        24 s2 freq  -37044 delay    545
ptp4l[5374556.000]: master offset        -52 s2 freq  -38599 path delay       660
phc2sys[5374556.400]: CLOCK_REALTIME phc offset        -3 s2 freq  -37043 delay    546
ptp4l[5374557.000]: master offset          0 s2 freq  -38599 path delay       600
phc2sys[5374557.400]: CLOCK_REALTIME phc offset         2 s2 freq  -37042 delay    540
ptp4l[5374558.000]: master offset          0 s2 freq  -38599 path delay       600
phc2sys[5374558.400]: CLOCK_REALTIME phc offset         2 s2 freq  -37046 delay    541
ptp4l[5374559.000]: master offset          0 s2 freq  -38599 path delay       600
phc2sys[5374559.400]: CLOCK_REALTIME phc offset       -26 s2 freq  -37045 delay    542
ptp4l[5374560.000]: master offset        -17 s2 freq  -38599 path delay       620
phc2sys[5374560.400]: CLOCK_REALTIME phc offset       -20 s2 freq  -37044 delay    543
ptp4l[5374561.000]: master offset          0 s2 freq  -38599 path delay       600
phc2sys[5374561.400]: CLOCK_REALTIME phc offset        -7 s2 freq  -37043 delay    544
ptp4l[5374562.000]: master offset         -1 s2 freq  -38599 path delay       600
phc2sys[5374562.400]: CLOCK_REALTIME phc offset        11 s2 freq  -37042 delay    545
ptp4l[5374563.000]: master offset         -1 s2 freq  -38599 path delay       600
phc2sys[5374563.400]: CLOCK_REALTIME phc offset        11 s2 freq  -37046 delay    546
ptp4l[5374564.000]: master offset          6 s2 freq  -38600 path delay       600
phc2sys[5374564.400]: CLOCK_REALTIME phc offset        -2 s2 freq  -37045 delay    540
ptp4l[5374565.000]: master offset         12 s2 freq  -38600 path delay       600
phc2sys[5374565.400]: CLOCK_REALTIME phc offset        -3 s2 freq  -37044 delay    541
ptp4l[5374566.000]: master offset         14 s2 freq  -38600 path delay       600
phc2sys[5374566.400]: CLOCK_REALTIME phc offset        -3 s2 freq  -37043 delay    542
ptp4l[5374567.000]: master offset          6 s2 freq  -38600 path delay       604
phc2sys[5374567.400]: CLOCK_REALTIME phc offset        -5 s2 freq  -37042 delay    543
ptp4l[5374568.000]: master offset          3 s2 freq  -38600 path delay       600
phc2sys[5374568.400]: CLOCK_REALTIME phc offset        -9 s2 freq  -37046 delay    544
ptp4l[5374569.000]: master offset         -3 s2 freq  -38600 path delay       600
phc2sys[5374569.400]: CLOCK_REALTIME phc offset        -7 s2 freq  -37045 delay    545
ptp4l[5374570.000]: master offset        -39 s2 freq  -38600 path delay       647
phc2sys[5374570.400]: CLOCK_REALTIME phc offset        20 s2 freq  -37044 delay    546
ptp4l[5374571.000]: master offset         11 s2 freq  -38600 path delay       600
phc2sys[5374571.400]: CLOCK_REALTIME phc offset       -20 s2 freq  -37043 delay    540
ptp4l[5374572.000]: master offset         26 s2 freq  -38600 path delay       639
phc2sys[5374572.400]: CLOCK_REALTIME phc offset       -18 s2 freq  -37042 delay    541
ptp4l[5374573.000]: master offset          4 s2 freq  -38600 path delay       600
phc2sys[5374573.400]: CLOCK_REALTIME phc offset        17 s2 freq  -37046 delay    542
ptp4l[5374574.000]: master offset        -20 s2 freq  -38600 path delay       621
phc2sys[5374574.400]: CLOCK_REALTIME phc offset       -14 s2 freq  -37045 delay    543
ptp4l[5374575.000]: master offset          8 s2 freq  -38600 path delay       600
phc2sys[5374575.400]: CLOCK_REALTIME phc offset        10 s2 freq  -37044 delay    544
ptp4l[5374576.000]: master offset         11 s2 freq  -38600 path delay       600
phc2sys[5374576.400]: CLOCK_REALTIME phc offset        -5 s2 freq  -37043 delay    545
ptp4l[5374577.000]: master offset         -6 s2 freq  -38600 path delay       600
phc2sys[5374577.400]: CLOCK_REALTIME phc offset       -10 s2 freq  -37042 delay    546
ptp4l[5374578.000]: master offset          6 s2 freq  -38600 path delay       600
phc2sys[5374578.400]: CLOCK_REALTIME phc offset        14 s2 freq  -37046 delay    540
ptp4l[5374579.000]: master offset          3 s2 freq  -38600 path delay       600
phc2sys[5374579.400]: CLOCK_REALTIME phc offset         7 s2 freq  -37045 delay    541
ptp4l[5374580.000]: master offset         12 s2 freq  -38600 path delay       611
phc2sys[5374580.400]: CLOCK_REALTIME phc offset        -4 s2 freq  -37044 delay    542
ptp4l[5374581.000]: master offset          1 s2 freq  -38600 path delay       600
phc2sys[5374581.400]: CLOCK_REALTIME phc offset       -11 s2 freq  -37043 delay    543
ptp4l[5374582.000]: master offset          4 s2 freq  -38600 path delay       600
phc2sys[5374582.400]: CLOCK_REALTIME phc offset        -3 s2 freq  -37042 delay    544
ptp4l[5374583.000]: master offset          7 s2 freq  -38600 path delay       600
phc2sys[5374583.400]: CLOCK_REALTIME phc offset        15 s2 freq  -37046 delay    545
ptp4l[5374584.000]: master offset         19 s2 freq  -38601 path delay       614
phc2sys[5374584.400]: CLOCK_REALTIME phc offset       -24 s2 freq  -37045 delay    546
ptp4l[5374585.000]: master offset         -1 s2 freq  -38601 path delay       600
phc2sys[5374585.400]: CLOCK_REALTIME phc offset        -2 s2 freq  -37044 delay    540
ptp4l[5374586.000]: master offset          8 s2 freq  -38601 path delay       600
phc2sys[5374586.400]: CLOCK_REALTIME phc offset         0 s2 freq  -37043 delay    541
ptp4l[5374587.000]: master offset         58 s2 freq  -38601 path delay       646
phc2sys[5374587.400]: CLOCK_REALTIME phc offset        -7 s2 freq  -37042 delay    542
ptp4l[5374588.000]: master offset        -36 s2 freq  -38601 path delay       642
phc2sys[5374588.400]: CLOCK_REALTIME phc offset       -12 s2 freq  -37046 delay    543
ptp4l[5374589.000]: master offset          9 s2 freq  -38601 path delay       600
phc2sys[5374589.400]: CLOCK_REALTIME phc offset       -14 s2 freq  -37045 delay    544
ptp4l[5374590.000]: master offset          3 s2 freq  -38601 path delay       600
phc2sys[5374590.400]: CLOCK_REALTIME phc offset        21 s2 freq  -37044 delay    545
ptp4l[5374591.000]: master offset          4 s2 freq  -38601 path delay       600
phc2sys[5374591.400]: CLOCK_REALTIME phc offset         9 s2 freq  -37043 delay    546
ptp4l[5374592.000]: master offset        -66 s2 freq  -38601 path delay       662
phc2sys[5374592.400]: CLOCK_REALTIME phc offset        -3 s2 freq  -37042 delay    540
ptp4l[5374593.000]: master offset         10 s2 freq  -38601 path delay       600
phc2sys[5374593.400]: CLOCK_REALTIME phc offset        -4 s2 freq  -37046 delay    541
ptp4l[5374594.000]: master offset         23 s2 freq  -38601 path delay       621
phc2sys[5374594.400]: CLOCK_REALTIME phc offset         9 s2 freq  -37045 delay    542
ptp4l[5374595.000]: master offset        -10 s2 freq  -38601 path delay       616
phc2sys[5374595.400]: CLOCK_REALTIME phc offset        -5 s2 freq  -37044 delay    543
ptp4l[5374596.000]: master offset         -6 s2 freq  -38601 path delay       600
phc2sys[5374596.400]: CLOCK_REALTIME phc offset        20 s2 freq  -37043 delay    544
ptp4l[5374597.000]: master offset         11 s2 freq  -38601 path delay       610
phc2sys[5374597.400]: CLOCK_REALTIME phc offset         0 s2 freq  -37042 delay    545
ptp4l[5374598.000]: master offset         25 s2 freq  -38601 path delay       626
phc2sys[5374598.400]: CLOCK_REALTIME phc offset        -7 s2 freq  -37046 delay    546
ptp4l[5374599.000]: master offset         -4 s2 freq  -38601 path delay       600
phc2sys[5374599.400]: CLOCK_REALTIME phc offset         8 s2 freq  -37045 delay    540
ptp4l[5374600.000]: master offset          1 s2 freq  -38601 path delay       605
phc2sys[5374600.400]: CLOCK_REALTIME phc offset       -11 s2 freq  -37044 delay    541
ptp4l[5374601.000]: master offset          7 s2 freq  -38601 path delay       600
phc2sys[5374601.400]: CLOCK_REALTIME phc offset        21 s2 freq  -37043 delay    542
ptp4l[5374602.000]: master offset          1 s2 freq  -38601 path delay       600
phc2sys[5374602.400]: CLOCK_REALTIME phc offset        -5 s2 freq  -37042 delay    543
ptp4l[5374603.000]: master offset          1 s2 freq  -38601 path delay       600
phc2sys[5374603.400]: CLOCK_REALTIME phc offset        -5 s2 freq  -37046 delay    544
ptp4l[5374604.000]: master offset          4 s2 freq  -38602 path delay       600
phc2sys[5374604.400]: CLOCK_REALTIME phc offset        18 s2 freq  -37045 delay    545
ptp4l[5374605.000]: master offset          4 s2 freq  -38602 path delay       600
phc2sys[5374605.400]: CLOCK_REALTIME phc offset         8 s2 freq  -37044 delay    546
ptp4l[5374606.000]: master offset          0 s2 freq  -38602 path delay       600
phc2sys[5374606.400]: CLOCK_REALTIME phc offset       -11 s2 freq  -37043 delay    540
ptp4l[5374607.000]: master offset         -1 s2 freq  -38602 path delay       600
phc2sys[5374607.400]: CLOCK_REALTIME phc offset        -8 s2 freq  -37042 delay    541
ptp4l[5374608.000]: master offset          5 s2 freq  -38602 path delay       604
phc2sys[5374608.400]: CLOCK_REALTIME phc offset       -16 s2 freq  -37046 delay    542
ptp4l[5374609.000]: master offset        -12 s2 freq  -38602 path delay       616
phc2sys[5374609.400]: CLOCK_REALTIME phc offset         6 s2 freq  -37045 delay    543
ptp4l[5374610.000]: master offset        -16 s2 freq  -38602 path delay       623
phc2sys[5374610.400]: CLOCK_REALTIME phc offset       -15 s2 freq  -37044 delay    544
ptp4l[5374611.000]: master offset          4 s2 freq  -38602 path delay       600
phc2sys[5374611.400]: CLOCK_REALTIME phc offset         6 s2 freq  -37043 delay    545
ptp4l[5374612.000]: master offset          6 s2 freq  -38602 path delay       600
phc2sys[5374612.400]: CLOCK_REALTIME phc offset         4 s2 freq  -37042 delay    546
ptp4l[5374613.000]: master offset         10 s2 freq  -38602 path delay       600
phc2sys[5374613.400]: CLOCK_REALTIME phc offset        11 s2 freq  -37046 delay    540
ptp4l[5374614.000]: master offset          8 s2 freq  -38602 path delay       600
phc2sys[5374614.400]: CLOCK_REALTIME phc offset        -3 s2 freq  -37045 delay    541
ptp4l[5374615.000]: master offset          0 s2 freq  -38602 path delay       600
phc2sys[5374615.400]: CLOCK_REALTIME phc offset         0 s2 freq  -37044 delay    542
ptp4l[5374616.000]: master offset          1 s2 freq  -38602 path delay       600
phc2sys[5374616.400]: CLOCK_REALTIME phc offset       -14 s2 freq  -37043 delay    543
ptp4l[5374617.000]: master offset          7 s2 freq  -38602 path delay       600
phc2sys[5374617.400]: CLOCK_REALTIME phc offset       -14 s2 freq  -37042 delay    544
ptp4l[5374618.000]: master offset          5 s2 freq  -38602 path delay       603
phc2sys[5374618.400]: CLOCK_REALTIME phc offset        -5 s2 freq  -37046 delay    545
ptp4l[5374619.000]: master offset         45 s2 freq  -38602 path delay       646
phc2sys[5374619.400]: CLOCK_REALTIME phc offset        10 s2 freq  -37045 delay    546
ptp4l[5374620.000]: master offset         52 s2 freq  -38602 path delay       652
phc2sys[5374620.400]: CLOCK_REALTIME phc offset         5 s2 freq  -37044 delay    540
ptp4l[5374621.000]: master offset          0 s2 freq  -38602 path delay       601
phc2sys[5374621.400]: CLOCK_REALTIME phc offset       -12 s2 freq  -37043 delay    541
ptp4l[5374622.000]: master offset         10 s2 freq  -38602 path delay       600
phc2sys[5374622.400]: CLOCK_REALTIME phc offset       -20 s2 freq  -37042 delay    542
ptp4l[5374623.000]: master offset          6 s2 freq  -38602 path delay       602
phc2sys[5374623.400]: CLOCK_REALTIME phc offset        13 s2 freq  -37046 delay    543
ptp4l[5374624.000]: master offset          8 s2 freq  -38602 path delay       600
phc2sys[5374624.400]: CLOCK_REALTIME phc offset         3 s2 freq  -37045 delay    544
ptp4l[5374625.000]: master offset        -34 s2 freq  -38602 path delay       638
phc2sys[5374625.400]: CLOCK_REALTIME phc offset        -3 s2 freq  -37044 delay    545
ptp4l[5374626.000]: master offset         -4 s2 freq  -38602 path delay       600
phc2sys[5374626.400]: CLOCK_REALTIME phc offset        -2 s2 freq  -37043 delay    546
ptp4l[5374627.000]: master offset          5 s2 freq  -38602 path delay       600
phc2sys[5374627.400]: CLOCK_REALTIME phc offset        10 s2 freq  -37042 delay    540
ptp4l[5374628.000]: master offset          4 s2 freq  -38603 path delay       600
phc2sys[5374628.400]: CLOCK_REALTIME phc offset        24 s2 freq  -37046 delay    541
ptp4l[5374629.000]: master offset          3 s2 freq  -38603 path delay       604
phc2sys[5374629.400]: CLOCK_REALTIME phc offset        14 s2 freq  -37045 delay    542
ptp4l[5374630.000]: master offset          4 s2 freq  -38603 path delay       600
phc2sys[5374630.400]: CLOCK_REALTIME phc offset         7 s2 freq  -37044 delay    543
ptp4l[5374631.000]: master offset          0 s2 freq  -38603 path delay       605
phc2sys[5374631.400]: CLOCK_REALTIME phc offset        11 s2 freq  -37043 delay    544
ptp4l[5374632.000]: master offset         -2 s2 freq  -38603 path delay       600
phc2sys[5374632.400]: CLOCK_REALTIME phc offset       -17 s2 freq  -37042 delay    545
ptp4l[5374633.000]: master offset          8 s2 freq  -38603 path delay       600
phc2sys[5374633.400]: CLOCK_REALTIME phc offset       -21 s2 freq  -37046 delay    546
ptp4l[5374634.000]: master offset         -1 s2 freq  -38603 path delay       601
phc2sys[5374634.400]: CLOCK_REALTIME phc offset         4 s2 freq  -37045 delay    540
ptp4l[5374635.000]: master offset          2 s2 freq  -38603 path delay       600
phc2sys[5374635.400]: CLOCK_REALTIME phc offset        -2 s2 freq  -37044 delay    541
ptp4l[5374636.000]: master offset          0 s2 freq  -38603 path delay       600
phc2sys[5374636.400]: CLOCK_REALTIME phc offset        -8 s2 freq  -37043 delay    542
ptp4l[5374637.000]: master offset         -2 s2 freq  -38603 path delay       600
phc2sys[5374637.400]: CLOCK_REALTIME phc offset         3 s2 freq  -37042 delay    543
ptp4l[5374638.000]: master offset         -9 s2 freq  -38603 path delay       606
phc2sys[5374638.400]: CLOCK_REALTIME phc offset         5 s2 freq  -37046 delay    544
ptp4l[5374639.000]: master offset          6 s2 freq  -38603 path delay       600
phc2sys[5374639.400]: CLOCK_REALTIME phc offset         4 s2 freq  -37045 delay    545
ptp4l[5374640.000]: master offset         -7 s2 freq  -38603 path delay       616
phc2sys[5374640.400]: CLOCK_REALTIME phc offset        -6 s2 freq  -37044 delay    546
ptp4l[5374641.000]: master offset          2 s2 freq  -38603 path delay       600
phc2sys[5374641.400]: CLOCK_REALTIME phc offset         5 s2 freq  -37043 delay    540
ptp4l[5374642.000]: master offset         -2 s2 freq  -38603 path delay       600
phc2sys[5374642.400]: CLOCK_REALTIME phc offset        -3 s2 freq  -37042 delay    541
ptp4l[5374643.000]: master offset          1 s2 freq  -38603 path delay       600
phc2sys[5374643.400]: CLOCK_REALTIME phc offset        -7 s2 freq  -37046 delay    542
ptp4l[5374644.000]: master offset         -3 s2 freq  -38603 path delay       600
phc2sys[5374644.400]: CLOCK_REALTIME phc offset        14 s2 freq  -37045 delay    543
ptp4l[5374645.000]: master offset          6 s2 freq  -38603 path delay       600
phc2sys[5374645.400]: CLOCK_REALTIME phc offset         5 s2 freq  -37044 delay    544
ptp4l[5374646.000]: master offset          4 s2 freq  -38603 path delay       600
phc2sys[5374646.400]: CLOCK_REALTIME phc offset       -23 s2 freq  -37043 delay    545
ptp4l[5374647.000]: master offset          6 s2 freq  -38603 path delay       600
phc2sys[5374647.400]: CLOCK_REALTIME phc offset         2 s2 freq  -37042 delay    546
ptp4l[5374648.000]: master offset          7 s2 freq  -38603 path delay       600
phc2sys[5374648.400]: CLOCK_REALTIME phc offset        11 s2 freq  -37046 delay    540
ptp4l[5374649.000]: master offset          5 s2 freq  -38603 path delay       600
phc2sys[5374649.400]: CLOCK_REALTIME phc offset         1 s2 freq  -37045 delay    541
ptp4l[5374650.000]: master offset          2 s2 freq  -38603 path delay       600
phc2sys[5374650.400]: CLOCK_REALTIME phc offset       -21 s2 freq  -37044 delay    542
ptp4l[5374651.000]: master offset          1 s2 freq  -38603 path delay       600
phc2sys[5374651.400]: CLOCK_REALTIME phc offset       -17 s2 freq  -37043 delay    543
ptp4l[5374652.000]: master offset         26 s2 freq  -38603 path delay       625
phc2sys[5374652.400]: CLOCK_REALTIME phc offset        -8 s2 freq  -37042 delay    544
ptp4l[5374653.000]: master offset        -30 s2 freq  -38603 path delay       633
phc2sys[5374653.400]: CLOCK_REALTIME phc offset         2 s2 freq  -37046 delay    545
ptp4l[5374654.000]: master offset          2 s2 freq  -38603 path delay       600
phc2sys[5374654.400]: CLOCK_REALTIME phc offset       -30 s2 freq  -37045 delay    546
ptp4l[5374655.000]: master offset        -58 s2 freq  -38603 path delay       655
phc2sys[5374655.400]: CLOCK_REALTIME phc offset        -3 s2 freq  -37044 delay    540
ptp4l[5374656.000]: master offset        -38 s2 freq  -38603 path delay       638
phc2sys[5374656.400]: CLOCK_REALTIME phc offset       -12 s2 freq  -37043 delay    541
ptp4l[5374657.000]: master offset         -3 s2 freq  -38603 path delay       600
phc2sys[5374657.400]: CLOCK_REALTIME phc offset       -10 s2 freq  -37042 delay    542
ptp4l[5374658.000]: master offset        -24 s2 freq  -38603 path delay       623
phc2sys[5374658.400]: CLOCK_REALTIME phc offset         9 s2 freq  -37046 delay    543
ptp4l[5374659.000]: master offset         12 s2 freq  -38603 path delay       615
phc2sys[5374659.400]: CLOCK_REALTIME phc offset        11 s2 freq  -37045 delay    544
ptp4l[5374660.000]: master offset          5 s2 freq  -38603 path delay       600
phc2sys[5374660.400]: CLOCK_REALTIME phc offset        -2 s2 freq  -37044 delay    545
ptp4l[5374661.000]: master offset          0 s2 freq  -38603 path delay       608
phc2sys[5374661.400]: CLOCK_REALTIME phc offset         4 s2 freq  -37043 delay    546
ptp4l[5374662.000]: master offset         -3 s2 freq  -38603 path delay       600
phc2sys[5374662.400]: CLOCK_REALTIME phc offset        -6 s2 freq  -37042 delay    540
ptp4l[5374663.000]: master offset         31 s2 freq  -38603 path delay       624
phc2sys[5374663.400]: CLOCK_REALTIME phc offset        15 s2 freq  -37046 delay    541
ptp4l[5374664.000]: master offset         30 s2 freq  -38603 path delay       626
phc2sys[5374664.400]: CLOCK_REALTIME phc offset        -6 s2 freq  -37045 delay    542
ptp4l[5374665.000]: master offset          5 s2 freq  -38603 path delay       600
phc2sys[5374665.400]: CLOCK_REALTIME phc offset         5 s2 freq  -37044 delay    543
ptp4l[5374666.000]: master offset         44 s2 freq  -38603 path delay       640
phc2sys[5374666.400]: CLOCK_REALTIME phc offset         5 s2 freq  -37043 delay    544
ptp4l[5374667.000]: master offset          7 s2 freq  -38603 path delay       600
phc2sys[5374667.400]: CLOCK_REALTIME phc offset        12 s2 freq  -37042 delay    545
ptp4l[5374668.000]: master offset       -106 s2 freq  -38603 path delay       711
phc2sys[5374668.400]: CLOCK_REALTIME phc offset        11 s2 freq  -37046 delay    546
ptp4l[5374669.000]: master offset          3 s2 freq  -38603 path delay       600
phc2sys[5374669.400]: CLOCK_REALTIME phc offset        18 s2 freq  -37045 delay    540
ptp4l[5374670.000]: master offset          8 s2 freq  -38603 path delay       603
phc2sys[5374670.400]: CLOCK_REALTIME phc offset       -10 s2 freq  -37044 delay    541
ptp4l[5374671.000]: master offset          7 s2 freq  -38603 path delay       600
phc2sys[5374671.400]: CLOCK_REALTIME phc offset         2 s2 freq  -37043 delay    542
ptp4l[5374672.000]: master offset          9 s2 freq  -38603 path delay       600
phc2sys[5374672.400]: CLOCK_REALTIME phc offset       -15 s2 freq  -37042 delay    543
ptp4l[5374673.000]: master offset         -5 s2 freq  -38603 path delay       600
phc2sys[5374673.400]: CLOCK_REALTIME phc offset       -12 s2 freq  -37046 delay    544
ptp4l[5374674.000]: master offset        -22 s2 freq  -38603 path delay       646
phc2sys[5374674.400]: CLOCK_REALTIME phc offset         1 s2 freq  -37045 delay    545
ptp4l[5374675.000]: master offset         -4 s2 freq  -38603 path delay       600
phc2sys[5374675.400]: CLOCK_REALTIME phc offset       -20 s2 freq  -37044 delay    546
ptp4l[5374676.000]: master offset         34 s2 freq  -38603 path delay       621
phc2sys[5374676.400]: CLOCK_REALTIME phc offset        -1 s2 freq  -37043 delay    540
ptp4l[5374677.000]: master offset         -9 s2 freq  -38603 path delay       600
phc2sys[5374677.400]: CLOCK_REALTIME phc offset         2 s2 freq  -37042 delay    541
ptp4l[5374678.000]: master offset          3 s2 freq  -38603 path delay       601
phc2sys[5374678.400]: CLOCK_REALTIME phc offset        -9 s2 freq  -37046 delay    542
ptp4l[5374679.000]: master offset          0 s2 freq  -38603 path delay       600
phc2sys[5374679.400]: CLOCK_REALTIME phc offset       -18 s2 freq  -37045 delay    543
ptp4l[5374680.000]: master offset          1 s2 freq  -38603 path delay       600
phc2sys[5374680.400]: CLOCK_REALTIME phc offset         3 s2 freq  -37044 delay    544
ptp4l[5374681.000]: master offset        -10 s2 freq  -38603 path delay       646
phc2sys[5374681.400]: CLOCK_REALTIME phc offset        -2 s2 freq  -37043 delay    545
ptp4l[5374682.000]: master offset          2 s2 freq  -38603 path delay       600
phc2sys[5374682.400]: CLOCK_REALTIME phc offset        -1 s2 freq  -37042 delay    546
ptp4l[5374683.000]: master offset        -34 s2 freq  -38603 path delay       639
phc2sys[5374683.400]: CLOCK_REALTIME phc offset         3 s2 freq  -37046 delay    540
ptp4l[5374684.000]: master offset          7 s2 freq  -38603 path delay       604
phc2sys[5374684.400]: CLOCK_REALTIME phc offset         1 s2 freq  -37045 delay    541
ptp4l[5374685.000]: master offset         16 s2 freq  -38603 path delay       600
phc2sys[5374685.400]: CLOCK_REALTIME phc offset         1 s2 freq  -37044 delay    542
ptp4l[5374686.000]: master offset          5 s2 freq  -38603 path delay       600
phc2sys[5374686.400]: CLOCK_REALTIME phc offset         4 s2 freq  -37043 delay    543
ptp4l[5374687.000]: master offset         -5 s2 freq  -38603 path delay       600
phc2sys[5374687.400]: CLOCK_REALTIME phc offset       -26 s2 freq  -37042 delay    544
ptp4l[5374688.000]: master offset          0 s2 freq  -38603 path delay       615
phc2sys[5374688.400]: CLOCK_REALTIME phc offset         9 s2 freq  -37046 delay    545
ptp4l[5374689.000]: master offset          1 s2 freq  -38603 path delay       600
phc2sys[5374689.400]: CLOCK_REALTIME phc offset         5 s2 freq  -37045 delay    546
ptp4l[5374690.000]: master offset          7 s2 freq  -38603 path delay       600
phc2sys[5374690.400]: CLOCK_REALTIME phc offset        12 s2 freq  -37044 delay    540
ptp4l[5374691.000]: master offset          5 s2 freq  -38603 path delay       600
phc2sys[5374691.400]: CLOCK_REALTIME phc offset       -13 s2 freq  -37043 delay    541
ptp4l[5374692.000]: master offset         -2 s2 freq  -38603 path delay       600
phc2sys[5374692.400]: CLOCK_REALTIME phc offset        10 s2 freq  -37042 delay    542
ptp4l[5374693.000]: master offset          6 s2 freq  -38603 path delay       600
phc2sys[5374693.400]: CLOCK_REALTIME phc offset        -7 s2 freq  -37046 delay    543
ptp4l[5374694.000]: master offset          1 s2 freq  -38603 path delay       600
phc2sys[5374694.400]: CLOCK_REALTIME phc offset        -3 s2 freq  -37045 delay    544
ptp4l[5374695.000]: master offset          7 s2 freq  -38603 path delay       602
phc2sys[5374695.400]: CLOCK_REALTIME phc offset         6 s2 freq  -37044 delay    545
ptp4l[5374696.000]: master offset         -2 s2 freq  -38603 path delay       600
phc2sys[5374696.400]: CLOCK_REALTIME phc offset        11 s2 freq  -37043 delay    546
ptp4l[5374697.000]: master offset        -11 s2 freq  -38603 path delay       615
phc2sys[5374697.400]: CLOCK_REALTIME phc offset        15 s2 freq  -37042 delay    540
ptp4l[5374698.000]: master offset         31 s2 freq  -38603 path delay       619
phc2sys[5374698.400]: CLOCK_REALTIME phc offset         2 s2 freq  -37046 delay    541
ptp4l[5374699.000]: master offset          5 s2 freq  -38603 path delay       600
phc2sys[5374699.400]: CLOCK_REALTIME phc offset       -20 s2 freq  -37045 delay    542
ptp4l[5374700.000]: master offset         14 s2 freq  -38603 path delay       612
phc2sys[5374700.400]: CLOCK_REALTIME phc offset         2 s2 freq  -37044 delay    543
ptp4l[5374701.000]: master offset         44 s2 freq  -38603 path delay       641
phc2sys[5374701.400]: CLOCK_REALTIME phc offset       -22 s2 freq  -37043 delay    544
ptp4l[5374702.000]: master offset          3 s2 freq  -38603 path delay       600
phc2sys[5374702.400]: CLOCK_REALTIME phc offset        33 s2 freq  -37042 delay    545
ptp4l[5374703.000]: master offset         -6 s2 freq  -38603 path delay       600
phc2sys[5374703.400]: CLOCK_REALTIME phc offset       -20 s2 freq  -37046 delay    546
ptp4l[5374704.000]: master offset          1 s2 freq  -38603 path delay       600
phc2sys[5374704.400]: CLOCK_REALTIME phc offset         0 s2 freq  -37045 delay    540
ptp4l[5374705.000]: master offset         12 s2 freq  -38603 path delay       600
phc2sys[5374705.400]: CLOCK_REALTIME phc offset         0 s2 freq  -37044 delay    541
ptp4l[5374706.000]: master offset         -9 s2 freq  -38603 path delay       606
phc2sys[5374706.400]: CLOCK_REALTIME phc offset         0 s2 freq  -37043 delay    542
ptp4l[5374707.000]: master offset          2 s2 freq  -38603 path delay       600
phc2sys[5374707.400]: CLOCK_REALTIME phc offset        -4 s2 freq  -37042 delay    543
ptp4l[5374708.000]: master offset          3 s2 freq  -38603 path delay       600
phc2sys[5374708.400]: CLOCK_REALTIME phc offset        -9 s2 freq  -37046 delay    544
ptp4l[5374709.000]: master offset         -1 s2 freq  -38603 path delay       600
phc2sys[5374709.400]: CLOCK_REALTIME phc offset       -11 s2 freq  -37045 delay    545
ptp4l[5374710.000]: master offset         12 s2 freq  -38603 path delay       604
phc2sys[5374710.400]: CLOCK_REALTIME phc offset        -5 s2 freq  -37044 delay    546
ptp4l[5374711.000]: master offset         -4 s2 freq  -38603 path delay       600
phc2sys[5374711.400]: CLOCK_REALTIME phc offset         8 s2 freq  -37043 delay    540
ptp4l[5374712.000]: master offset          4 s2 freq  -38603 path delay       600
phc2sys[5374712.400]: CLOCK_REALTIME phc offset        -9 s2 freq  -37042 delay    541
ptp4l[5374713.000]: master offset          3 s2 freq  -38603 path delay       600
phc2sys[5374713.400]: CLOCK_REALTIME phc offset         7 s2 freq  -37046 delay    542
ptp4l[5374714.000]: master offset         -9 s2 freq  -38603 path delay       635
phc2sys[5374714.400]: CLOCK_REALTIME phc offset        -7 s2 freq  -37045 delay    543
ptp4l[5374715.000]: master offset         11 s2 freq  -38603 path delay       600
phc2sys[5374715.400]: CLOCK_REALTIME phc offset        -7 s2 freq  -37044 delay    544
ptp4l[5374716.000]: master offset        -29 s2 freq  -38603 path delay       632
phc2sys[5374716.400]: CLOCK_REALTIME phc offset        -4 s2 freq  -37043 delay    545
ptp4l[5374717.000]: master offset          3 s2 freq  -38603 path delay       600
phc2sys[5374717.400]: CLOCK_REALTIME phc offset         8 s2 freq  -37042 delay    546
ptp4l[5374718.000]: master offset         11 s2 freq  -38603 path delay       603
phc2sys[5374718.400]: CLOCK_REALTIME phc offset         0 s2 freq  -37046 delay    540
ptp4l[5374719.000]: master offset          8 s2 freq  -38603 path delay       600
phc2sys[5374719.400]: CLOCK_REALTIME phc offset         7 s2 freq  -37045 delay    541
ptp4l[5374720.000]: master offset         -2 s2 freq  -38603 path delay       600
phc2sys[5374720.400]: CLOCK_REALTIME phc offset       -11 s2 freq  -37044 delay    542
ptp4l[5374721.000]: master offset         12 s2 freq  -38603 path delay       600
phc2sys[5374721.400]: CLOCK_REALTIME phc offset         5 s2 freq  -37043 delay    543
ptp4l[5374722.000]: master offset         10 s2 freq  -38603 path delay       600
phc2sys[5374722.400]: CLOCK_REALTIME phc offset        -1 s2 freq  -37042 delay    544
ptp4l[5374723.000]: master offset          3 s2 freq  -38603 path delay       600
phc2sys[5374723.400]: CLOCK_REALTIME phc offset        12 s2 freq  -37046 delay    545
ptp4l[5374724.000]: master offset         12 s2 freq  -38603 path delay       613
phc2sys[5374724.400]: CLOCK_REALTIME phc offset         3 s2 freq  -37045 delay    546
ptp4l[5374725.000]: master offset         11 s2 freq  -38603 path delay       600
phc2sys[5374725.400]: CLOCK_REALTIME phc offset        -2 s2 freq  -37044 delay    540
ptp4l[5374726.000]: master offset         -6 s2 freq  -38603 path delay       600
phc2sys[5374726.400]: CLOCK_REALTIME phc offset         9 s2 freq  -37043 delay    541
ptp4l[5374727.000]: master offset          2 s2 freq  -38603 path delay       600
phc2sys[5374727.400]: CLOCK_REALTIME phc offset        -6 s2 freq  -37042 delay    542
ptp4l[5374728.000]: master offset          6 s2 freq  -38603 path delay       600
phc2sys[5374728.400]: CLOCK_REALTIME phc offset        -8 s2 freq  -37046 delay    543
ptp4l[5374729.000]: master offset         -1 s2 freq  -38602 path delay       603
phc2sys[5374729.400]: CLOCK_REALTIME phc offset        -3 s2 freq  -37045 delay    544
ptp4l[5374730.000]: master offset         -1 s2 freq  -38602 path delay       600
phc2sys[5374730.400]: CLOCK_REALTIME phc offset       -21 s2 freq  -37044 delay    545
ptp4l[5374731.000]: master offset          5 s2 freq  -38602 path delay       600
phc2sys[5374731.400]: CLOCK_REALTIME phc offset       -21 s2 freq  -37043 delay    546
ptp4l[5374732.000]: master offset          6 s2 freq  -38602 path delay       600
phc2sys[5374732.400]: CLOCK_REALTIME phc offset         6 s2 freq  -37042 delay    540
ptp4l[5374733.000]: master offset          1 s2 freq  -38602 path delay       600
phc2sys[5374733.400]: CLOCK_REALTIME phc offset        -3 s2 freq  -37046 delay    541
ptp4l[5374734.000]: master offset          9 s2 freq  -38602 path delay       600
phc2sys[5374734.400]: CLOCK_REALTIME phc offset        10 s2 freq  -37045 delay    542
ptp4l[5374735.000]: master offset          3 s2 freq  -38602 path delay       600
phc2sys[5374735.400]: CLOCK_REALTIME phc offset         8 s2 freq  -37044 delay    543
ptp4l[5374736.000]: master offset         14 s2 freq  -38602 path delay       600
phc2sys[5374736.400]: CLOCK_REALTIME phc offset        12 s2 freq  -37043 delay    544
ptp4l[5374737.000]: master offset          8 s2 freq  -38602 path delay       600
phc2sys[5374737.400]: CLOCK_REALTIME phc offset        28 s2 freq  -37042 delay    545
ptp4l[5374738.000]: master offset         -1 s2 freq  -38602 path delay       611
phc2sys[5374738.400]: CLOCK_REALTIME phc offset       -10 s2 freq  -37046 delay    546
ptp4l[5374739.000]: master offset         -1 s2 freq  -38602 path delay       600
phc2sys[5374739.400]: CLOCK_REALTIME phc offset        21 s2 freq  -37045 delay    540
ptp4l[5374740.000]: master offset          6 s2 freq  -38602 path delay       600
phc2sys[5374740.400]: CLOCK_REALTIME phc offset        10 s2 freq  -37044 delay    541
ptp4l[5374741.000]: master offset         14 s2 freq  -38602 path delay       605
phc2sys[5374741.400]: CLOCK_REALTIME phc offset        -2 s2 freq  -37043 delay    542
ptp4l[5374742.000]: master offset        -12 s2 freq  -38602 path delay       615
phc2sys[5374742.400]: CLOCK_REALTIME phc offset       -11 s2 freq  -37042 delay    543
ptp4l[5374743.000]: master offset          6 s2 freq  -38602 path delay       600
phc2sys[5374743.400]: CLOCK_REALTIME phc offset        -6 s2 freq  -37046 delay    544
ptp4l[5374744.000]: master offset          5 s2 freq  -38602 path delay       600
phc2sys[5374744.400]: CLOCK_REALTIME phc offset       -16 s2 freq  -37045 delay    545
ptp4l[5374745.000]: master offset         -7 s2 freq  -38602 path delay       607
phc2sys[5374745.400]: CLOCK_REALTIME phc offset        21 s2 freq  -37044 delay    546
ptp4l[5374746.000]: master offset         21 s2 freq  -38602 path delay       610
phc2sys[5374746.400]: CLOCK_REALTIME phc offset         3 s2 freq  -37043 delay    540
ptp4l[5374747.000]: master offset          0 s2 freq  -38602 path delay       600
phc2sys[5374747.400]: CLOCK_REALTIME phc offset        -2 s2 freq  -37042 delay    541
ptp4l[5374748.000]: master offset          2 s2 freq  -38602 path delay       600
phc2sys[5374748.400]: CLOCK_REALTIME phc offset        27 s2 freq  -37046 delay    542
ptp4l[5374749.000]: master offset         52 s2 freq  -38602 path delay       646
phc2sys[5374749.400]: CLOCK_REALTIME phc offset        -1 s2 freq  -37045 delay    543
ptp4l[5374750.000]: master offset         19 s2 freq  -38602 path delay       612
phc2sys[5374750.400]: CLOCK_REALTIME phc offset        -7 s2 freq  -37044 delay    544
ptp4l[5374751.000]: master offset          2 s2 freq  -38602 path delay       600
phc2sys[5374751.400]: CLOCK_REALTIME phc offset       -10 s2 freq  -37043 delay    545
ptp4l[5374752.000]: master offset         -2 s2 freq  -38601 path delay       600
phc2sys[5374752.400]: CLOCK_REALTIME phc offset        14 s2 freq  -37042 delay    546
ptp4l[5374753.000]: master offset         -2 s2 freq  -38601 path delay       608
phc2sys[5374753.400]: CLOCK_REALTIME phc offset        10 s2 freq  -37046 delay    540
ptp4l[5374754.000]: master offset          0 s2 freq  -38601 path delay       600
phc2sys[5374754.400]: CLOCK_REALTIME phc offset        -6 s2 freq  -37045 delay    541
ptp4l[5374755.000]: master offset          5 s2 freq  -38601 path delay       600
phc2sys[5374755.400]: CLOCK_REALTIME phc offset       -16 s2 freq  -37044 delay    542
ptp4l[5374756.000]: master offset         47 s2 freq  -38601 path delay       636
phc2sys[5374756.400]: CLOCK_REALTIME phc offset        -5 s2 freq  -37043 delay    543
ptp4l[5374757.000]: master offset        -11 s2 freq  -38601 path delay       614
phc2sys[5374757.400]: CLOCK_REALTIME phc offset         0 s2 freq  -37042 delay    544
ptp4l[5374758.000]: master offset        -43 s2 freq  -38601 path delay       669
phc2sys[5374758.400]: CLOCK_REALTIME phc offset         6 s2 freq  -37046 delay    545
ptp4l[5374759.000]: master offset          5 s2 freq  -38601 path delay       600
phc2sys[5374759.400]: CLOCK_REALTIME phc offset         4 s2 freq  -37045 delay    546
ptp4l[5374760.000]: master offset          3 s2 freq  -38601 path delay       600
phc2sys[5374760.400]: CLOCK_REALTIME phc offset        19 s2 freq  -37044 delay    540
ptp4l[5374761.000]: master offset          5 s2 freq  -38601 path delay       609
phc2sys[5374761.400]: CLOCK_REALTIME phc offset         5 s2 freq  -37043 delay    541
ptp4l[5374762.000]: master offset          4 s2 freq  -38601 path delay       600
phc2sys[5374762.400]: CLOCK_REALTIME phc offset         6 s2 freq  -37042 delay    542
ptp4l[5374763.000]: master offset         55 s2 freq  -38601 path delay       653
phc2sys[5374763.400]: CLOCK_REALTIME phc offset       -23 s2 freq  -37046 delay    543
ptp4l[5374764.000]: master offset          2 s2 freq  -38601 path delay       601
phc2sys[5374764.400]: CLOCK_REALTIME phc offset         2 s2 freq  -37045 delay    544
ptp4l[5374765.000]: master offset         -2 s2 freq  -38601 path delay       600
phc2sys[5374765.400]: CLOCK_REALTIME phc offset        -3 s2 freq  -37044 delay    545
ptp4l[5374766.000]: master offset          6 s2 freq  -38601 path delay       607
phc2sys[5374766.400]: CLOCK_REALTIME phc offset        10 s2 freq  -37043 delay    546
ptp4l[5374767.000]: master offset         -3 s2 freq  -38601 path delay       600
phc2sys[5374767.400]: CLOCK_REALTIME phc offset        16 s2 freq  -37042 delay    540
ptp4l[5374768.000]: master offset          3 s2 freq  -38601 path delay       600
phc2sys[5374768.400]: CLOCK_REALTIME phc offset       -15 s2 freq  -37046 delay    541
ptp4l[5374769.000]: master offset          6 s2 freq  -38601 path delay       600
phc2sys[5374769.400]: CLOCK_REALTIME phc offset         1 s2 freq  -37045 delay    542
ptp4l[5374770.000]: master offset          9 s2 freq  -38601 path delay       600
phc2sys[5374770.400]: CLOCK_REALTIME phc offset         4 s2 freq  -37044 delay    543
ptp4l[5374771.000]: master offset          1 s2 freq  -38601 path delay       600
phc2sys[5374771.400]: CLOCK_REALTIME phc offset        -5 s2 freq  -37043 delay    544
ptp4l[5374772.000]: master offset        -13 s2 freq  -38600 path delay       618
phc2sys[5374772.400]: CLOCK_REALTIME phc offset         5 s2 freq  -37042 delay    545
ptp4l[5374773.000]: master offset          5 s2 freq  -38600 path delay       600
phc2sys[5374773.400]: CLOCK_REALTIME phc offset       -53 s2 freq  -37046 delay    546
ptp4l[5374774.000]: master offset          8 s2 freq  -38600 path delay       606
phc2sys[5374774.400]: CLOCK_REALTIME phc offset         3 s2 freq  -37045 delay    540
ptp4l[5374775.000]: master offset         -1 s2 freq  -38600 path delay       600
phc2sys[5374775.400]: CLOCK_REALTIME phc offset         5 s2 freq  -37044 delay    541
ptp4l[5374776.000]: master offset         -8 s2 freq  -38600 path delay       600
phc2sys[5374776.400]: CLOCK_REALTIME phc offset         4 s2 freq  -37043 delay    542
ptp4l[5374777.000]: master offset          8 s2 freq  -38600 path delay       600
phc2sys[5374777.400]: CLOCK_REALTIME phc offset        -3 s2 freq  -37042 delay    543
ptp4l[5374778.000]: master offset         -3 s2 freq  -38600 path delay       610
phc2sys[5374778.400]: CLOCK_REALTIME phc offset         3 s2 freq  -37046 delay    544
ptp4l[5374779.000]: master offset          6 s2 freq  -38600 path delay       600
phc2sys[5374779.400]: CLOCK_REALTIME phc offset       -22 s2 freq  -37045 delay    545
ptp4l[5374780.000]: master offset          1 s2 freq  -38600 path delay       600
phc2sys[5374780.400]: CLOCK_REALTIME phc offset       -10 s2 freq  -37044 delay    546
ptp4l[5374781.000]: master offset          1 s2 freq  -38600 path delay       600
phc2sys[5374781.400]: CLOCK_REALTIME phc offset        -8 s2 freq  -37043 delay    540
ptp4l[5374782.000]: master offset          4 s2 freq  -38600 path delay       613
phc2sys[5374782.400]: CLOCK_REALTIME phc offset       -13 s2 freq  -37042 delay    541
ptp4l[5374783.000]: master offset          5 s2 freq  -38600 path delay       608
phc2sys[5374783.400]: CLOCK_REALTIME phc offset       -12 s2 freq  -37046 delay    542
ptp4l[5374784.000]: master offset         -8 s2 freq  -38600 path delay       600
phc2sys[5374784.400]: CLOCK_REALTIME phc offset        -1 s2 freq  -37045 delay    543
ptp4l[5374785.000]: master offset          2 s2 freq  -38600 path delay       600
phc2sys[5374785.400]: CLOCK_REALTIME phc offset         8 s2 freq  -37044 delay    544
ptp4l[5374786.000]: master offset         -7 s2 freq  -38600 path delay       612
phc2sys[5374786.400]: CLOCK_REALTIME phc offset       -18 s2 freq  -37043 delay    545
ptp4l[5374787.000]: master offset          7 s2 freq  -38600 path delay       600
phc2sys[5374787.400]: CLOCK_REALTIME phc offset        -4 s2 freq  -37042 delay    546
ptp4l[5374788.000]: master offset          1 s2 freq  -38600 path delay       604
phc2sys[5374788.400]: CLOCK_REALTIME phc offset       -22 s2 freq  -37046 delay    540
ptp4l[5374789.000]: master offset          4 s2 freq  -38600 path delay       600
phc2sys[5374789.400]: CLOCK_REALTIME phc offset       -16 s2 freq  -37045 delay    541
ptp4l[5374790.000]: master offset         12 s2 freq  -38600 path delay       600
phc2sys[5374790.400]: CLOCK_REALTIME phc offset         5 s2 freq  -37044 delay    542
ptp4l[5374791.000]: master offset         -6 s2 freq  -38600 path delay       600
phc2sys[5374791.400]: CLOCK_REALTIME phc offset       -13 s2 freq  -37043 delay    543
ptp4l[5374792.000]: master offset          4 s2 freq  -38600 path delay       600
phc2sys[5374792.400]: CLOCK_REALTIME phc offset       -21 s2 freq  -37042 delay    544
ptp4l[5374793.000]: master offset        -37 s2 freq  -38599 path delay       644
phc2sys[5374793.400]: CLOCK_REALTIME phc offset         1 s2 freq  -37046 delay    545
ptp4l[5374794.000]: master offset         12 s2 freq  -38599 path delay       612
phc2sys[5374794.400]: CLOCK_REALTIME phc offset       -11 s2 freq  -37045 delay    546
ptp4l[5374795.000]: master offset         10 s2 freq  -38599 path delay       600
phc2sys[5374795.400]: CLOCK_REALTIME phc offset       -10 s2 freq  -37044 delay    540
ptp4l[5374796.000]: master offset         64 s2 freq  -38599 path delay       657
phc2sys[5374796.400]: CLOCK_REALTIME phc offset         1 s2 freq  -37043 delay    541
ptp4l[5374797.000]: master offset        -68 s2 freq  -38599 path delay       669
phc2sys[5374797.400]: CLOCK_REALTIME phc offset         3 s2 freq  -37042 delay    542
ptp4l[5374798.000]: master offset         17 s2 freq  -38599 path delay       607
phc2sys[5374798.400]: CLOCK_REALTIME phc offset        26 s2 freq  -37046 delay    543
ptp4l[5374799.000]: master offset        -33 s2 freq  -38599 path delay       630
phc2sys[5374799.400]: CLOCK_REALTIME phc offset        14 s2 freq  -37045 delay    544
ptp4l[5374800.000]: master offset         -6 s2 freq  -38599 path delay       600
phc2sys[5374800.400]: CLOCK_REALTIME phc offset       -14 s2 freq  -37044 delay    545
ptp4l[5374801.000]: master offset         -1 s2 freq  -38599 path delay       600
phc2sys[5374801.400]: CLOCK_REALTIME phc offset        11 s2 freq  -37043 delay    546
ptp4l[5374802.000]: master offset          9 s2 freq  -38599 path delay       600
phc2sys[5374802.400]: CLOCK_REALTIME phc offset        28 s2 freq  -37042 delay    540
ptp4l[5374803.000]: master offset        -12 s2 freq  -38599 path delay       600
phc2sys[5374803.400]: CLOCK_REALTIME phc offset         6 s2 freq  -37046 delay    541
ptp4l[5374804.000]: master offset          9 s2 freq  -38599 path delay       600
phc2sys[5374804.400]: CLOCK_REALTIME phc offset         8 s2 freq  -37045 delay    542
ptp4l[5374805.000]: master offset         11 s2 freq  -38599 path delay       600
phc2sys[5374805.400]: CLOCK_REALTIME phc offset        13 s2 freq  -37044 delay    543
ptp4l[5374806.000]: master offset          2 s2 freq  -38599 path delay       600
phc2sys[5374806.400]: CLOCK_REALTIME phc offset       -29 s2 freq  -37043 delay    544
ptp4l[5374807.000]: master offset         -4 s2 freq  -38599 path delay       600
phc2sys[5374807.400]: CLOCK_REALTIME phc offset         8 s2 freq  -37042 delay    545
ptp4l[5374808.000]: master offset          6 s2 freq  -38599 path delay       600
phc2sys[5374808.400]: CLOCK_REALTIME phc offset       -13 s2 freq  -37046 delay    546
ptp4l[5374809.000]: master offset          0 s2 freq  -38599 path delay       600
phc2sys[5374809.400]: CLOCK_REALTIME phc offset        -3 s2 freq  -37045 delay    540
ptp4l[5374810.000]: master offset          0 s2 freq  -38599 path delay       600
phc2sys[5374810.400]: CLOCK_REALTIME phc offset        -9 s2 freq  -37044 delay    541
ptp4l[5374811.000]: master offset        -13 s2 freq  -38599 path delay       617
phc2sys[5374811.400]: CLOCK_REALTIME phc offset         1 s2 freq  -37043 delay    542
ptp4l[5374812.000]: master offset          4 s2 freq  -38599 path delay       600
phc2sys[5374812.400]: CLOCK_REALTIME phc offset       -10 s2 freq  -37042 delay    543
ptp4l[5374813.000]: master offset         47 s2 freq  -38599 path delay       642
phc2sys[5374813.400]: CLOCK_REALTIME phc offset         2 s2 freq  -37046 delay    544
ptp4l[5374814.000]: master offset          8 s2 freq  -38599 path delay       600
phc2sys[5374814.400]: CLOCK_REALTIME phc offset        -5 s2 freq  -37045 delay    545
ptp4l[5374815.000]: master offset          5 s2 freq  -38599 path delay       600
phc2sys[5374815.400]: CLOCK_REALTIME phc offset       -14 s2 freq  -37044 delay    546
ptp4l[5374816.000]: master offset          6 s2 freq  -38598 path delay       600
phc2sys[5374816.400]: CLOCK_REALTIME phc offset        15 s2 freq  -37043 delay    540
ptp4l[5374817.000]: master offset          5 s2 freq  -38598 path delay       612
phc2sys[5374817.400]: CLOCK_REALTIME phc offset       -17 s2 freq  -37042 delay    541
ptp4l[5374818.000]: master offset         -1 s2 freq  -38598 path delay       600
phc2sys[5374818.400]: CLOCK_REALTIME phc offset        10 s2 freq  -37046 delay    542
ptp4l[5374819.000]: master offset         11 s2 freq  -38598 path delay       600
phc2sys[5374819.400]: CLOCK_REALTIME phc offset        -9 s2 freq  -37045 delay    543
ptp4l[5374820.000]: master offset         -3 s2 freq  -38598 path delay       600
phc2sys[5374820.400]: CLOCK_REALTIME phc offset        -7 s2 freq  -37044 delay    544
ptp4l[5374821.000]: master offset          2 s2 freq  -38598 path delay       605
phc2sys[5374821.400]: CLOCK_REALTIME phc offset        -4 s2 freq  -37043 delay    545
ptp4l[5374822.000]: master offset        -10 s2 freq  -38598 path delay       600
phc2sys[5374822.400]: CLOCK_REALTIME phc offset        10 s2 freq  -37042 delay    546
ptp4l[5374823.000]: master offset         23 s2 freq  -38598 path delay       624
phc2sys[5374823.400]: CLOCK_REALTIME phc offset        -4 s2 freq  -37046 delay    540
ptp4l[5374824.000]: master offset          6 s2 freq  -38598 path delay       600
phc2sys[5374824.400]: CLOCK_REALTIME phc offset        18 s2 freq  -37045 delay    541
ptp4l[5374825.000]: master offset         -1 s2 freq  -38598 path delay       600
phc2sys[5374825.400]: CLOCK_REALTIME phc offset         7 s2 freq  -37044 delay    542
ptp4l[5374826.000]: master offset         -3 s2 freq  -38598 path delay       600
phc2sys[5374826.400]: CLOCK_REALTIME phc offset       -12 s2 freq  -37043 delay    543
ptp4l[5374827.000]: master offset         23 s2 freq  -38598 path delay       629
phc2sys[5374827.400]: CLOCK_REALTIME phc offset        10 s2 freq  -37042 delay    544
ptp4l[5374828.000]: master offset         -2 s2 freq  -38598 path delay       600
phc2sys[5374828.400]: CLOCK_REALTIME phc offset        -3 s2 freq  -37046 delay    545
ptp4l[5374829.000]: master offset         -3 s2 freq  -38598 path delay       600
phc2sys[5374829.400]: CLOCK_REALTIME phc offset        -2 s2 freq  -37045 delay    546
ptp4l[5374830.000]: master offset          3 s2 freq  -38598 path delay       600
phc2sys[5374830.400]: CLOCK_REALTIME phc offset       -13 s2 freq  -37044 delay    540
ptp4l[5374831.000]: master offset          1 s2 freq  -38598 path delay       601
phc2sys[5374831.400]: CLOCK_REALTIME phc offset        -1 s2 freq  -37043 delay    541
ptp4l[5374832.000]: master offset          6 s2 freq  -38598 path delay       600
phc2sys[5374832.400]: CLOCK_REALTIME phc offset        -2 s2 freq  -37042 delay    542
ptp4l[5374833.000]: master offset          2 s2 freq  -38598 path delay       600
phc2sys[5374833.400]: CLOCK_REALTIME phc offset         1 s2 freq  -37046 delay    543
ptp4l[5374834.000]: master offset         -1 s2 freq  -38598 path delay       600
phc2sys[5374834.400]: CLOCK_REALTIME phc offset       -10 s2 freq  -37045 delay    544
ptp4l[5374835.000]: master offset        -19 s2 freq  -38598 path delay       627
phc2sys[5374835.400]: CLOCK_REALTIME phc offset         3 s2 freq  -37044 delay    545
ptp4l[5374836.000]: master offset        -16 s2 freq  -38598 path delay       637
phc2sys[5374836.400]: CLOCK_REALTIME phc offset         5 s2 freq  -37043 delay    546
ptp4l[5374837.000]: master offset         12 s2 freq  -38598 path delay       607
phc2sys[5374837.400]: CLOCK_REALTIME phc offset        -1 s2 freq  -37042 delay    540
ptp4l[5374838.000]: master offset        -17 s2 freq  -38598 path delay       624
phc2sys[5374838.400]: CLOCK_REALTIME phc offset         5 s2 freq  -37046 delay    541
ptp4l[5374839.000]: master offset         13 s2 freq  -38598 path delay       600
phc2sys[5374839.400]: CLOCK_REALTIME phc offset        -2 s2 freq  -37045 delay    542
ptp4l[5374840.000]: master offset         -1 s2 freq  -38598 path delay       600
phc2sys[5374840.400]: CLOCK_REALTIME phc offset        15 s2 freq  -37044 delay    543
ptp4l[5374841.000]: master offset        -40 s2 freq  -38598 path delay       633
phc2sys[5374841.400]: CLOCK_REALTIME phc offset         4 s2 freq  -37043 delay    544
ptp4l[5374842.000]: master offset         -3 s2 freq  -38598 path delay       600
phc2sys[5374842.400]: CLOCK_REALTIME phc offset       -17 s2 freq  -37042 delay    545
ptp4l[5374843.000]: master offset          5 s2 freq  -38598 path delay       612
phc2sys[5374843.400]: CLOCK_REALTIME phc offset        -6 s2 freq  -37046 delay    546
ptp4l[5374844.000]: master offset          5 s2 freq  -38598 path delay       600
phc2sys[5374844.400]: CLOCK_REALTIME phc offset         3 s2 freq  -37045 delay    540
ptp4l[5374845.000]: master offset         -8 s2 freq  -38598 path delay       613
phc2sys[5374845.400]: CLOCK_REALTIME phc offset        -5 s2 freq  -37044 delay    541
ptp4l[5374846.000]: master offset         -4 s2 freq  -38598 path delay       601
phc2sys[5374846.400]: CLOCK_REALTIME phc offset        -5 s2 freq  -37043 delay    542
ptp4l[5374847.000]: master offset          5 s2 freq  -38598 path delay       602
phc2sys[5374847.400]: CLOCK_REALTIME phc offset        -6 s2 freq  -37042 delay    543
ptp4l[5374848.000]: master offset        -39 s2 freq  -38598 path delay       641
phc2sys[5374848.400]: CLOCK_REALTIME phc offset        13 s2 freq  -37046 delay    544
ptp4l[5374849.000]: master offset         -9 s2 freq  -38598 path delay       608
phc2sys[5374849.400]: CLOCK_REALTIME phc offset       -14 s2 freq  -37045 delay    545
ptp4l[5374850.000]: master offset          0 s2 freq  -38598 path delay       600
phc2sys[5374850.400]: CLOCK_REALTIME phc offset       -22 s2 freq  -37044 delay    546
ptp4l[5374851.000]: master offset          7 s2 freq  -38598 path delay       600
phc2sys[5374851.400]: CLOCK_REALTIME phc offset        12 s2 freq  -37043 delay    540
ptp4l[5374852.000]: master offset         -7 s2 freq  -38598 path delay       600
phc2sys[5374852.400]: CLOCK_REALTIME phc offset        -3 s2 freq  -37042 delay    541
ptp4l[5374853.000]: master offset          1 s2 freq  -38598 path delay       600
phc2sys[5374853.400]: CLOCK_REALTIME phc offset       -29 s2 freq  -37046 delay    542
ptp4l[5374854.000]: master offset          4 s2 freq  -38598 path delay       600
phc2sys[5374854.400]: CLOCK_REALTIME phc offset       -18 s2 freq  -37045 delay    543
ptp4l[5374855.000]: master offset          2 s2 freq  -38598 path delay       600
phc2sys[5374855.400]: CLOCK_REALTIME phc offset         6 s2 freq  -37044 delay    544
ptp4l[5374856.000]: master offset          0 s2 freq  -38598 path delay       600
phc2sys[5374856.400]: CLOCK_REALTIME phc offset        14 s2 freq  -37043 delay    545
ptp4l[5374857.000]: master offset         -1 s2 freq  -38598 path delay       600
phc2sys[5374857.400]: CLOCK_REALTIME phc offset        10 s2 freq  -37042 delay    546
ptp4l[5374858.000]: master offset         -1 s2 freq  -38598 path delay       600
phc2sys[5374858.400]: CLOCK_REALTIME phc offset        15 s2 freq  -37046 delay    540
ptp4l[5374859.000]: master offset          5 s2 freq  -38598 path delay       607
phc2sys[5374859.400]: CLOCK_REALTIME phc offset       -10 s2 freq  -37045 delay    541
ptp4l[5374860.000]: master offset        -31 s2 freq  -38598 path delay       634
phc2sys[5374860.400]: CLOCK_REALTIME phc offset        -6 s2 freq  -37044 delay    542
ptp4l[5374861.000]: master offset         -4 s2 freq  -38598 path delay       600
phc2sys[5374861.400]: CLOCK_REALTIME phc offset       -14 s2 freq  -37043 delay    543
ptp4l[5374862.000]: master offset          6 s2 freq  -38598 path delay       600
phc2sys[5374862.400]: CLOCK_REALTIME phc offset         6 s2 freq  -37042 delay    544
ptp4l[5374863.000]: master offset         -6 s2 freq  -38598 path delay       600
phc2sys[5374863.400]: CLOCK_REALTIME phc offset         2 s2 freq  -37046 delay    545
ptp4l[5374864.000]: master offset         23 s2 freq  -38598 path delay       625
phc2sys[5374864.400]: CLOCK_REALTIME phc offset        -9 s2 freq  -37045 delay    546
ptp4l[5374865.000]: master offset          4 s2 freq  -38598 path delay       600
phc2sys[5374865.400]: CLOCK_REALTIME phc offset         9 s2 freq  -37044 delay    540
ptp4l[5374866.000]: master offset          4 s2 freq  -38598 path delay       600
phc2sys[5374866.400]: CLOCK_REALTIME phc offset        -5 s2 freq  -37043 delay    541
ptp4l[5374867.000]: master offset        -59 s2 freq  -38598 path delay       660
phc2sys[5374867.400]: CLOCK_REALTIME phc offset       -12 s2 freq  -37042 delay    542
ptp4l[5374868.000]: master offset         39 s2 freq  -38598 path delay       633
phc2sys[5374868.400]: CLOCK_REALTIME phc offset        17 s2 freq  -37046 delay    543
ptp4l[5374869.000]: master offset         -2 s2 freq  -38598 path delay       605
phc2sys[5374869.400]: CLOCK_REALTIME phc offset        11 s2 freq  -37045 delay    544
ptp4l[5374870.000]: master offset         10 s2 freq  -38598 path delay       600
phc2sys[5374870.400]: CLOCK_REALTIME phc offset        11 s2 freq  -37044 delay    545
ptp4l[5374871.000]: master offset          7 s2 freq  -38598 path delay       600
phc2sys[5374871.400]: CLOCK_REALTIME phc offset        18 s2 freq  -37043 delay    546
ptp4l[5374872.000]: master offset          3 s2 freq  -38598 path delay       600
phc2sys[5374872.400]: CLOCK_REALTIME phc offset        -8 s2 freq  -37042 delay    540
ptp4l[5374873.000]: master offset          7 s2 freq  -38598 path delay       600
phc2sys[5374873.400]: CLOCK_REALTIME phc offset       -19 s2 freq  -37046 delay    541
ptp4l[5374874.000]: master offset          9 s2 freq  -38598 path delay       602
phc2sys[5374874.400]: CLOCK_REALTIME phc offset       -30 s2 freq  -37045 delay    542
ptp4l[5374875.000]: master offset         23 s2 freq  -38598 path delay       628
phc2sys[5374875.400]: CLOCK_REALTIME phc offset        -3 s2 freq  -37044 delay    543
ptp4l[5374876.000]: master offset        -27 s2 freq  -38598 path delay       632
phc2sys[5374876.400]: CLOCK_REALTIME phc offset        -3 s2 freq  -37043 delay    544
ptp4l[5374877.000]: master offset          1 s2 freq  -38598 path delay       601
phc2sys[5374877.400]: CLOCK_REALTIME phc offset        18 s2 freq  -37042 delay    545
ptp4l[5374878.000]: master offset          3 s2 freq  -38598 path delay       600
phc2sys[5374878.400]: CLOCK_REALTIME phc offset       -18 s2 freq  -37046 delay    546
ptp4l[5374879.000]: master offset          3 s2 freq  -38598 path delay       600
phc2sys[5374879.400]: CLOCK_REALTIME phc offset       -15 s2 freq  -37045 delay    540
ptp4l[5374880.000]: master offset         18 s2 freq  -38598 path delay       629
phc2sys[5374880.400]: CLOCK_REALTIME phc offset       -16 s2 freq  -37044 delay    541
ptp4l[5374881.000]: master offset         -3 s2 freq  -38598 path delay       600
phc2sys[5374881.400]: CLOCK_REALTIME phc offset        -3 s2 freq  -37043 delay    542
ptp4l[5374882.000]: master offset          7 s2 freq  -38598 path delay       600
phc2sys[5374882.400]: CLOCK_REALTIME phc offset        -2 s2 freq  -37042 delay    543
ptp4l[5374883.000]: master offset          5 s2 freq  -38598 path delay       600
phc2sys[5374883.400]: CLOCK_REALTIME phc offset       -31 s2 freq  -37046 delay    544
ptp4l[5374884.000]: master offset        -18 s2 freq  -38598 path delay       621
phc2sys[5374884.400]: CLOCK_REALTIME phc offset        -6 s2 freq  -37045 delay    545
ptp4l[5374885.000]: master offset        -12 s2 freq  -38598 path delay       615
phc2sys[5374885.400]: CLOCK_REALTIME phc offset       -10 s2 freq  -37044 delay    546
ptp4l[5374886.000]: master offset        -34 s2 freq  -38598 path delay       634
phc2sys[5374886.400]: CLOCK_REALTIME phc offset        -7 s2 freq  -37043 delay    540
ptp4l[5374887.000]: master offset        -84 s2 freq  -38598 path delay       682
phc2sys[5374887.400]: CLOCK_REALTIME phc offset         8 s2 freq  -37042 delay    541
ptp4l[5374888.000]: master offset          3 s2 freq  -38598 path delay       600
phc2sys[5374888.400]: CLOCK_REALTIME phc offset       -12 s2 freq  -37046 delay    542
ptp4l[5374889.000]: master offset        -34 s2 freq  -38598 path delay       633
phc2sys[5374889.400]: CLOCK_REALTIME phc offset         4 s2 freq  -37045 delay    543
ptp4l[5374890.000]: master offset          1 s2 freq  -38598 path delay       600
phc2sys[5374890.400]: CLOCK_REALTIME phc offset        17 s2 freq  -37044 delay    544
ptp4l[5374891.000]: master offset          4 s2 freq  -38598 path delay       600
phc2sys[5374891.400]: CLOCK_REALTIME phc offset         8 s2 freq  -37043 delay    545
ptp4l[5374892.000]: master offset          8 s2 freq  -38598 path delay       620
phc2sys[5374892.400]: CLOCK_REALTIME phc offset        13 s2 freq  -37042 delay    546
ptp4l[5374893.000]: master offset         15 s2 freq  -38598 path delay       611
phc2sys[5374893.400]: CLOCK_REALTIME phc offset       -30 s2 freq  -37046 delay    540
ptp4l[5374894.000]: master offset         -5 s2 freq  -38598 path delay       600
phc2sys[5374894.400]: CLOCK_REALTIME phc offset        15 s2 freq  -37045 delay    541
ptp4l[5374895.000]: master offset         -1 s2 freq  -38598 path delay       602
phc2sys[5374895.400]: CLOCK_REALTIME phc offset         5 s2 freq  -37044 delay    542
ptp4l[5374896.000]: master offset          8 s2 freq  -38598 path delay       600
phc2sys[5374896.400]: CLOCK_REALTIME phc offset        12 s2 freq  -37043 delay    543
ptp4l[5374897.000]: master offset          1 s2 freq  -38598 path delay       600
phc2sys[5374897.400]: CLOCK_REALTIME phc offset        -1 s2 freq  -37042 delay    544
ptp4l[5374898.000]: master offset         10 s2 freq  -38598 path delay       602
phc2sys[5374898.400]: CLOCK_REALTIME phc offset         9 s2 freq  -37046 delay    545
ptp4l[5374899.000]: master offset          7 s2 freq  -38598 path delay       600
phc2sys[5374899.400]: CLOCK_REALTIME phc offset         4 s2 freq  -37045 delay    546
ptp4l[5374900.000]: master offset          6 s2 freq  -38598 path delay       600
phc2sys[5374900.400]: CLOCK_REALTIME phc offset         3 s2 freq  -37044 delay    540
ptp4l[5374901.000]: master offset          9 s2 freq  -38598 path delay       606
phc2sys[5374901.400]: CLOCK_REALTIME phc offset         5 s2 freq  -37043 delay    541
ptp4l[5374902.000]: master offset         12 s2 freq  -38598 path delay       606
phc2sys[5374902.400]: CLOCK_REALTIME phc offset        -3 s2 freq  -37042 delay    542
ptp4l[5374903.000]: master offset        -37 s2 freq  -38598 path delay       635
phc2sys[5374903.400]: CLOCK_REALTIME phc offset        -4 s2 freq  -37046 delay    543
ptp4l[5374904.000]: master offset         -4 s2 freq  -38598 path delay       600
phc2sys[5374904.400]: CLOCK_REALTIME phc offset       -18 s2 freq  -37045 delay    544
ptp4l[5374905.000]: master offset          7 s2 freq  -38598 path delay       600
phc2sys[5374905.400]: CLOCK_REALTIME phc offset       -10 s2 freq  -37044 delay    545
ptp4l[5374906.000]: master offset          2 s2 freq  -38598 path delay       600
phc2sys[5374906.400]: CLOCK_REALTIME phc offset         3 s2 freq  -37043 delay    546
ptp4l[5374907.000]: master offset         -1 s2 freq  -38598 path delay       600
phc2sys[5374907.400]: CLOCK_REALTIME phc offset       -20 s2 freq  -37042 delay    540
ptp4l[5374908.000]: master offset         20 s2 freq  -38598 path delay       619
phc2sys[5374908.400]: CLOCK_REALTIME phc offset         3 s2 freq  -37046 delay    541
ptp4l[5374909.000]: master offset         12 s2 freq  -38598 path delay       610
phc2sys[5374909.400]: CLOCK_REALTIME phc offset        14 s2 freq  -37045 delay    542
ptp4l[5374910.000]: master offset        -23 s2 freq  -38598 path delay       627
phc2sys[5374910.400]: CLOCK_REALTIME phc offset         7 s2 freq  -37044 delay    543
ptp4l[5374911.000]: master offset         -4 s2 freq  -38598 path delay       606
phc2sys[5374911.400]: CLOCK_REALTIME phc offset        11 s2 freq  -37043 delay    544
ptp4l[5374912.000]: master offset        -24 s2 freq  -38598 path delay       624
phc2sys[5374912.400]: CLOCK_REALTIME phc offset        15 s2 freq  -37042 delay    545
ptp4l[5374913.000]: master offset         12 s2 freq  -38598 path delay       600
phc2sys[5374913.400]: CLOCK_REALTIME phc offset       -25 s2 freq  -37046 delay    546
ptp4l[5374914.000]: master offset        -22 s2 freq  -38598 path delay       623
phc2sys[5374914.400]: CLOCK_REALTIME phc offset         0 s2 freq  -37045 delay    540
ptp4l[5374915.000]: master offset         -2 s2 freq  -38598 path delay       600
phc2sys[5374915.400]: CLOCK_REALTIME phc offset        -4 s2 freq  -37044 delay    541
ptp4l[5374916.000]: master offset         -4 s2 freq  -38598 path delay       600
phc2sys[5374916.400]: CLOCK_REALTIME phc offset       -32 s2 freq  -37043 delay    542
ptp4l[5374917.000]: master offset        -23 s2 freq  -38599 path delay       627
phc2sys[5374917.400]: CLOCK_REALTIME phc offset        -3 s2 freq  -37042 delay    543
ptp4l[5374918.000]: master offset          2 s2 freq  -38599 path delay       600
phc2sys[5374918.400]: CLOCK_REALTIME phc offset        -1 s2 freq  -37046 delay    544
ptp4l[5374919.000]: master offset          5 s2 freq  -38599 path delay       600
phc2sys[5374919.400]: CLOCK_REALTIME phc offset       -11 s2 freq  -37045 delay    545
ptp4l[5374920.000]: master offset          6 s2 freq  -38599 path delay       600
phc2sys[5374920.400]: CLOCK_REALTIME phc offset         3 s2 freq  -37044 delay    546
ptp4l[5374921.000]: master offset         26 s2 freq  -38599 path delay       626
phc2sys[5374921.400]: CLOCK_REALTIME phc offset         1 s2 freq  -37043 delay    540
ptp4l[5374922.000]: master offset         12 s2 freq  -38599 path delay       600
phc2sys[5374922.400]: CLOCK_REALTIME phc offset       -12 s2 freq  -37042 delay    541
ptp4l[5374923.000]: master offset        -21 s2 freq  -38599 path delay       618
phc2sys[5374923.400]: CLOCK_REALTIME phc offset       -15 s2 freq  -37046 delay    542
ptp4l[5374924.000]: master offset          1 s2 freq  -38599 path delay       600
phc2sys[5374924.400]: CLOCK_REALTIME phc offset        15 s2 freq  -37045 delay    543
ptp4l[5374925.000]: master offset        -25 s2 freq  -38599 path delay       683
phc2sys[5374925.400]: CLOCK_REALTIME phc offset        -2 s2 freq  -37044 delay    544
ptp4l[5374926.000]: master offset         -2 s2 freq  -38599 path delay       612
phc2sys[5374926.400]: CLOCK_REALTIME phc offset        11 s2 freq  -37043 delay    545
ptp4l[5374927.000]: master offset         10 s2 freq  -38599 path delay       613
phc2sys[5374927.400]: CLOCK_REALTIME phc offset       -10 s2 freq  -37042 delay    546
ptp4l[5374928.000]: master offset        -24 s2 freq  -38599 path delay       626
phc2sys[5374928.400]: CLOCK_REALTIME phc offset         2 s2 freq  -37046 delay    540
ptp4l[5374929.000]: master offset         13 s2 freq  -38599 path delay       612
phc2sys[5374929.400]: CLOCK_REALTIME phc offset        11 s2 freq  -37045 delay    541
ptp4l[5374930.000]: master offset         15 s2 freq  -38599 path delay       610
phc2sys[5374930.400]: CLOCK_REALTIME phc offset        17 s2 freq  -37044 delay    542
ptp4l[5374931.000]: master offset          3 s2 freq  -38599 path delay       600
phc2sys[5374931.400]: CLOCK_REALTIME phc offset       -26 s2 freq  -37043 delay    543
ptp4l[5374932.000]: master offset          5 s2 freq  -38599 path delay       611
phc2sys[5374932.400]: CLOCK_REALTIME phc offset         5 s2 freq  -37042 delay    544
ptp4l[5374933.000]: master offset          7 s2 freq  -38599 path delay       600
phc2sys[5374933.400]: CLOCK_REALTIME phc offset       -14 s2 freq  -37046 delay    545
ptp4l[5374934.000]: master offset         10 s2 freq  -38599 path delay       600
phc2sys[5374934.400]: CLOCK_REALTIME phc offset         7 s2 freq  -37045 delay    546
ptp4l[5374935.000]: master offset          1 s2 freq  -38599 path delay       600
phc2sys[5374935.400]: CLOCK_REALTIME phc offset        14 s2 freq  -37044 delay    540
ptp4l[5374936.000]: master offset        -10 s2 freq  -38599 path delay       611
phc2sys[5374936.400]: CLOCK_REALTIME phc offset         2 s2 freq  -37043 delay    541
ptp4l[5374937.000]: master offset         16 s2 freq  -38599 path delay       622
phc2sys[5374937.400]: CLOCK_REALTIME phc offset         9 s2 freq  -37042 delay    542
ptp4l[5374938.000]: master offset         -5 s2 freq  -38599 path delay       600
phc2sys[5374938.400]: CLOCK_REALTIME phc offset        -1 s2 freq  -37046 delay    543
ptp4l[5374939.000]: master offset          3 s2 freq  -38599 path delay       600
phc2sys[5374939.400]: CLOCK_REALTIME phc offset         2 s2 freq  -37045 delay    544
ptp4l[5374940.000]: master offset        -13 s2 freq  -38599 path delay       618
phc2sys[5374940.400]: CLOCK_REALTIME phc offset        -7 s2 freq  -37044 delay    545
ptp4l[5374941.000]: master offset        -20 s2 freq  -38600 path delay       622
phc2sys[5374941.400]: CLOCK_REALTIME phc offset       -26 s2 freq  -37043 delay    546
ptp4l[5374942.000]: master offset          6 s2 freq  -38600 path delay       600
phc2sys[5374942.400]: CLOCK_REALTIME phc offset         2 s2 freq  -37042 delay    540
ptp4l[5374943.000]: master offset          7 s2 freq  -38600 path delay       600
phc2sys[5374943.400]: CLOCK_REALTIME phc offset        -7 s2 freq  -37046 delay    541
ptp4l[5374944.000]: master offset        -10 s2 freq  -38600 path delay       624
phc2sys[5374944.400]: CLOCK_REALTIME phc offset         9 s2 freq  -37045 delay    542
ptp4l[5374945.000]: master offset          7 s2 freq  -38600 path delay       603
phc2sys[5374945.400]: CLOCK_REALTIME phc offset         6 s2 freq  -37044 delay    543
ptp4l[5374946.000]: master offset         -1 s2 freq  -38600 path delay       600
phc2sys[5374946.400]: CLOCK_REALTIME phc offset       -12 s2 freq  -37043 delay    544
ptp4l[5374947.000]: master offset         13 s2 freq  -38600 path delay       609
phc2sys[5374947.400]: CLOCK_REALTIME phc offset         0 s2 freq  -37042 delay    545
ptp4l[5374948.000]: master offset          1 s2 freq  -38600 path delay       600
phc2sys[5374948.400]: CLOCK_REALTIME phc offset       -14 s2 freq  -37046 delay    546
ptp4l[5374949.000]: master offset          5 s2 freq  -38600 path delay       600
phc2sys[5374949.400]: CLOCK_REALTIME phc offset        -3 s2 freq  -37045 delay    540
ptp4l[5374950.000]: master offset         -4 s2 freq  -38600 path delay       600
phc2sys[5374950.400]: CLOCK_REALTIME phc offset        -4 s2 freq  -37044 delay    541
ptp4l[5374951.000]: master offset          3 s2 freq  -38600 path delay       600
phc2sys[5374951.400]: CLOCK_REALTIME phc offset         7 s2 freq  -37043 delay    542
ptp4l[5374952.000]: master offset         -1 s2 freq  -38600 path delay       600
phc2sys[5374952.400]: CLOCK_REALTIME phc offset       -15 s2 freq  -37042 delay    543
ptp4l[5374953.000]: master offset         36 s2 freq  -38600 path delay       634
phc2sys[5374953.400]: CLOCK_REALTIME phc offset        -1 s2 freq  -37046 delay    544
ptp4l[5374954.000]: master offset          0 s2 freq  -38600 path delay       600
phc2sys[5374954.400]: CLOCK_REALTIME phc offset         7 s2 freq  -37045 delay    545
ptp4l[5374955.000]: master offset          3 s2 freq  -38600 path delay       600
phc2sys[5374955.400]: CLOCK_REALTIME phc offset         6 s2 freq  -37044 delay    546
ptp4l[5374956.000]: master offset         10 s2 freq  -38600 path delay       600
phc2sys[5374956.400]: CLOCK_REALTIME phc offset         9 s2 freq  -37043 delay    540
ptp4l[5374957.000]: master offset          3 s2 freq  -38600 path delay       600
phc2sys[5374957.400]: CLOCK_REALTIME phc offset       -11 s2 freq  -37042 delay    541
ptp4l[5374958.000]: master offset         -2 s2 freq  -38600 path delay       600
phc2sys[5374958.400]: CLOCK_REALTIME phc offset       -19 s2 freq  -37046 delay    542
ptp4l[5374959.000]: master offset         -5 s2 freq  -38600 path delay       606
phc2sys[5374959.400]: CLOCK_REALTIME phc offset        18 s2 freq  -37045 delay    543
ptp4l[5374960.000]: master offset          8 s2 freq  -38600 path delay       600
phc2sys[5374960.400]: CLOCK_REALTIME phc offset       -25 s2 freq  -37044 delay    544
ptp4l[5374961.000]: master offset         -1 s2 freq  -38601 path delay       600
phc2sys[5374961.400]: CLOCK_REALTIME phc offset        -6 s2 freq  -37043 delay    545
ptp4l[5374962.000]: master offset        -63 s2 freq  -38601 path delay       673
phc2sys[5374962.400]: CLOCK_REALTIME phc offset        -6 s2 freq  -37042 delay    546
ptp4l[5374963.000]: master offset        -21 s2 freq  -38601 path delay       631
phc2sys[5374963.400]: CLOCK_REALTIME phc offset        -1 s2 freq  -37046 delay    540
ptp4l[5374964.000]: master offset          3 s2 freq  -38601 path delay       600
phc2sys[5374964.400]: CLOCK_REALTIME phc offset        -4 s2 freq  -37045 delay    541
ptp4l[5374965.000]: master offset          5 s2 freq  -38601 path delay       600
phc2sys[5374965.400]: CLOCK_REALTIME phc offset         5 s2 freq  -37044 delay    542
ptp4l[5374966.000]: master offset          2 s2 freq  -38601 path delay       602
phc2sys[5374966.400]: CLOCK_REALTIME phc offset         2 s2 freq  -37043 delay    543
ptp4l[5374967.000]: master offset          3 s2 freq  -38601 path delay       600
phc2sys[5374967.400]: CLOCK_REALTIME phc offset         8 s2 freq  -37042 delay    544
ptp4l[5374968.000]: master offset          0 s2 freq  -38601 path delay       600
phc2sys[5374968.400]: CLOCK_REALTIME phc offset        -9 s2 freq  -37046 delay    545
ptp4l[5374969.000]: master offset        -79 s2 freq  -38601 path delay       671
phc2sys[5374969.400]: CLOCK_REALTIME phc offset         4 s2 freq  -37045 delay    546
ptp4l[5374970.000]: master offset        -36 s2 freq  -38601 path delay       651
phc2sys[5374970.400]: CLOCK_REALTIME phc offset       -14 s2 freq  -37044 delay    540
ptp4l[5374971.000]: master offset         13 s2 freq  -38601 path delay       600
phc2sys[5374971.400]: CLOCK_REALTIME phc offset         6 s2 freq  -37043 delay    541
ptp4l[5374972.000]: master offset          8 s2 freq  -38601 path delay       610
phc2sys[5374972.400]: CLOCK_REALTIME phc offset       -20 s2 freq  -37042 delay    542
ptp4l[5374973.000]: master offset        -26 s2 freq  -38601 path delay       637
phc2sys[5374973.400]: CLOCK_REALTIME phc offset       -10 s2 freq  -37046 delay    543
ptp4l[5374974.000]: master offset         15 s2 freq  -38601 path delay       607
phc2sys[5374974.400]: CLOCK_REALTIME phc offset        -7 s2 freq  -37045 delay    544
ptp4l[5374975.000]: master offset          8 s2 freq  -38601 path delay       600
phc2sys[5374975.400]: CLOCK_REALTIME phc offset        -2 s2 freq  -37044 delay    545
ptp4l[5374976.000]: master offset          1 s2 freq  -38601 path delay       600
phc2sys[5374976.400]: CLOCK_REALTIME phc offset        29 s2 freq  -37043 delay    546
ptp4l[5374977.000]: master offset          2 s2 freq  -38601 path delay       600
phc2sys[5374977.400]: CLOCK_REALTIME phc offset        14 s2 freq  -37042 delay    540
ptp4l[5374978.000]: master offset          0 s2 freq  -38601 path delay       600
phc2sys[5374978.400]: CLOCK_REALTIME phc offset        -9 s2 freq  -37046 delay    541
ptp4l[5374979.000]: master offset          4 s2 freq  -38601 path delay       600
phc2sys[5374979.400]: CLOCK_REALTIME phc offset        -9 s2 freq  -37045 delay    542
ptp4l[5374980.000]: master offset          6 s2 freq  -38601 path delay       600
phc2sys[5374980.400]: CLOCK_REALTIME phc offset        10 s2 freq  -37044 delay    543
ptp4l[5374981.000]: master offset        -31 s2 freq  -38602 path delay       633
phc2sys[5374981.400]: CLOCK_REALTIME phc offset        -2 s2 freq  -37043 delay    544
ptp4l[5374982.000]: master offset          5 s2 freq  -38602 path delay       602
phc2sys[5374982.400]: CLOCK_REALTIME phc offset         8 s2 freq  -37042 delay    545
ptp4l[5374983.000]: master offset          6 s2 freq  -38602 path delay       603
phc2sys[5374983.400]: CLOCK_REALTIME phc offset         9 s2 freq  -37046 delay    546
ptp4l[5374984.000]: master offset          2 s2 freq  -38602 path delay       600
phc2sys[5374984.400]: CLOCK_REALTIME phc offset         9 s2 freq  -37045 delay    540
ptp4l[5374985.000]: master offset         30 s2 freq  -38602 path delay       632
phc2sys[5374985.400]: CLOCK_REALTIME phc offset       -12 s2 freq  -37044 delay    541
ptp4l[5374986.000]: master offset         16 s2 freq  -38602 path delay       609
phc2sys[5374986.400]: CLOCK_REALTIME phc offset        -6 s2 freq  -37043 delay    542
ptp4l[5374987.000]: master offset         13 s2 freq  -38602 path delay       600
phc2sys[5374987.400]: CLOCK_REALTIME phc offset        17 s2 freq  -37042 delay    543
ptp4l[5374988.000]: master offset        -23 s2 freq  -38602 path delay       627
phc2sys[5374988.400]: CLOCK_REALTIME phc offset         6 s2 freq  -37046 delay    544
ptp4l[5374989.000]: master offset         -3 s2 freq  -38602 path delay       604
phc2sys[5374989.400]: CLOCK_REALTIME phc offset         5 s2 freq  -37045 delay    545
ptp4l[5374990.000]: master offset          4 s2 freq  -38602 path delay       600
phc2sys[5374990.400]: CLOCK_REALTIME phc offset         2 s2 freq  -37044 delay    546
ptp4l[5374991.000]: master offset          9 s2 freq  -38602 path delay       600
phc2sys[5374991.400]: CLOCK_REALTIME phc offset         3 s2 freq  -37043 delay    540
ptp4l[5374992.000]: master offset          2 s2 freq  -38602 path delay       600
phc2sys[5374992.400]: CLOCK_REALTIME phc offset        -1 s2 freq  -37042 delay    541
ptp4l[5374993.000]: master offset          4 s2 freq  -38602 path delay       600
phc2sys[5374993.400]: CLOCK_REALTIME phc offset        25 s2 freq  -37046 delay    542
ptp4l[5374994.000]: master offset          1 s2 freq  -38602 path delay       600
phc2sys[5374994.400]: CLOCK_REALTIME phc offset       -18 s2 freq  -37045 delay    543
ptp4l[5374995.000]: master offset          2 s2 freq  -38602 path delay       600
phc2sys[5374995.400]: CLOCK_REALTIME phc offset        21 s2 freq  -37044 delay    544
ptp4l[5374996.000]: master offset          5 s2 freq  -38602 path delay       600
phc2sys[5374996.400]: CLOCK_REALTIME phc offset         6 s2 freq  -37043 delay    545
ptp4l[5374997.000]: master offset          9 s2 freq  -38602 path delay       600
phc2sys[5374997.400]: CLOCK_REALTIME phc offset        12 s2 freq  -37042 delay    546
ptp4l[5374998.000]: master offset         20 s2 freq  -38602 path delay       612
phc2sys[5374998.400]: CLOCK_REALTIME phc offset        -4 s2 freq  -37046 delay    540
ptp4l[5374999.000]: master offset          1 s2 freq  -38602 path delay       600
phc2sys[5374999.400]: CLOCK_REALTIME phc offset        11 s2 freq  -37045 delay    541
ptp4l[5375000.000]: master offset          7 s2 freq  -38602 path delay       600
phc2sys[5375000.400]: CLOCK_REALTIME phc offset        19 s2 freq  -37044 delay    542
ptp4l[5375001.000]: master offset          5 s2 freq  -38602 path delay       600
phc2sys[5375001.400]: CLOCK_REALTIME phc offset         1 s2 freq  -37043 delay    543
ptp4l[5375002.000]: master offset         -3 s2 freq  -38602 path delay       600
phc2sys[5375002.400]: CLOCK_REALTIME phc offset        -5 s2 freq  -37042 delay    544
ptp4l[5375003.000]: master offset          3 s2 freq  -38602 path delay       600
phc2sys[5375003.400]: CLOCK_REALTIME phc offset       -27 s2 freq  -37046 delay    545
ptp4l[5375004.000]: master offset          6 s2 freq  -38602 path delay       600
phc2sys[5375004.400]: CLOCK_REALTIME phc offset        15 s2 freq  -37045 delay    546
ptp4l[5375005.000]: master offset          8 s2 freq  -38603 path delay       600
phc2sys[5375005.400]: CLOCK_REALTIME phc offset        23 s2 freq  -37044 delay    540
ptp4l[5375006.000]: master offset          7 s2 freq  -38603 path delay       600
phc2sys[5375006.400]: CLOCK_REALTIME phc offset        37 s2 freq  -37043 delay    541
ptp4l[5375007.000]: master offset         12 s2 freq  -38603 path delay       600
phc2sys[5375007.400]: CLOCK_REALTIME phc offset        10 s2 freq  -37042 delay    542
ptp4l[5375008.000]: master offset         15 s2 freq  -38603 path delay       611
phc2sys[5375008.400]: CLOCK_REALTIME phc offset        20 s2 freq  -37046 delay    543
ptp4l[5375009.000]: master offset          7 s2 freq  -38603 path delay       600
phc2sys[5375009.400]: CLOCK_REALTIME phc offset        17 s2 freq  -37045 delay    544
ptp4l[5375010.000]: master offset         -6 s2 freq  -38603 path delay       600
phc2sys[5375010.400]: CLOCK_REALTIME phc offset         1 s2 freq  -37044 delay    545
ptp4l[5375011.000]: master offset        -37 s2 freq  -38603 path delay       627
phc2sys[5375011.400]: CLOCK_REALTIME phc offset        15 s2 freq  -37043 delay    546
ptp4l[5375012.000]: master offset         20 s2 freq  -38603 path delay       612
phc2sys[5375012.400]: CLOCK_REALTIME phc offset        -6 s2 freq  -37042 delay    540
ptp4l[5375013.000]: master offset          0 s2 freq  -38603 path delay       600
phc2sys[5375013.400]: CLOCK_REALTIME phc offset        15 s2 freq  -37046 delay    541
ptp4l[5375014.000]: master offset          2 s2 freq  -38603 path delay       600
phc2sys[5375014.400]: CLOCK_REALTIME phc offset        12 s2 freq  -37045 delay    542
ptp4l[5375015.000]: master offset         11 s2 freq  -38603 path delay       600
phc2sys[5375015.400]: CLOCK_REALTIME phc offset        -3 s2 freq  -37044 delay    543
ptp4l[5375016.000]: master offset        -17 s2 freq  -38603 path delay       617
phc2sys[5375016.400]: CLOCK_REALTIME phc offset        12 s2 freq  -37043 delay    544
ptp4l[5375017.000]: master offset         22 s2 freq  -38603 path delay       618
phc2sys[5375017.400]: CLOCK_REALTIME phc offset         9 s2 freq  -37042 delay    545
ptp4l[5375018.000]: master offset          7 s2 freq  -38603 path delay       606
phc2sys[5375018.400]: CLOCK_REALTIME phc offset        -4 s2 freq  -37046 delay    546
ptp4l[5375019.000]: master offset          1 s2 freq  -38603 path delay       600
phc2sys[5375019.400]: CLOCK_REALTIME phc offset        11 s2 freq  -37045 delay    540
ptp4l[5375020.000]: master offset         34 s2 freq  -38603 path delay       626
phc2sys[5375020.400]: CLOCK_REALTIME phc offset         1 s2 freq  -37044 delay    541
ptp4l[5375021.000]: master offset          6 s2 freq  -38603 path delay       600
phc2sys[5375021.400]: CLOCK_REALTIME phc offset       -12 s2 freq  -37043 delay    542
ptp4l[5375022.000]: master offset          2 s2 freq  -38603 path delay       600
phc2sys[5375022.400]: CLOCK_REALTIME phc offset         0 s2 freq  -37042 delay    543
ptp4l[5375023.000]: master offset         -3 s2 freq  -38603 path delay       600
phc2sys[5375023.400]: CLOCK_REALTIME phc offset        -9 s2 freq  -37046 delay    544
ptp4l[5375024.000]: master offset          7 s2 freq  -38603 path delay       600
phc2sys[5375024.400]: CLOCK_REALTIME phc offset        14 s2 freq  -37045 delay    545
ptp4l[5375025.000]: master offset         -1 s2 freq  -38603 path delay       600
phc2sys[5375025.400]: CLOCK_REALTIME phc offset       -13 s2 freq  -37044 delay    546
ptp4l[5375026.000]: master offset         21 s2 freq  -38603 path delay       610
phc2sys[5375026.400]: CLOCK_REALTIME phc offset        -5 s2 freq  -37043 delay    540
ptp4l[5375027.000]: master offset          6 s2 freq  -38603 path delay       600
phc2sys[5375027.400]: CLOCK_REALTIME phc offset         9 s2 freq  -37042 delay    541
ptp4l[5375028.000]: master offset         39 s2 freq  -38603 path delay       634
phc2sys[5375028.400]: CLOCK_REALTIME phc offset       -20 s2 freq  -37046 delay    542
ptp4l[5375029.000]: master offset        -30 s2 freq  -38603 path delay       635
phc2sys[5375029.400]: CLOCK_REALTIME phc offset        -8 s2 freq  -37045 delay    543
ptp4l[5375030.000]: master offset          1 s2 freq  -38603 path delay       600
phc2sys[5375030.400]: CLOCK_REALTIME phc offset        -5 s2 freq  -37044 delay    544
ptp4l[5375031.000]: master offset          6 s2 freq  -38603 path delay       600
phc2sys[5375031.400]: CLOCK_REALTIME phc offset         8 s2 freq  -37043 delay    545
ptp4l[5375032.000]: master offset          4 s2 freq  -38603 path delay       600
phc2sys[5375032.400]: CLOCK_REALTIME phc offset        -7 s2 freq  -37042 delay    546
ptp4l[5375033.000]: master offset        -10 s2 freq  -38603 path delay       618
phc2sys[5375033.400]: CLOCK_REALTIME phc offset       -16 s2 freq  -37046 delay    540
ptp4l[5375034.000]: master offset          2 s2 freq  -38603 path delay       600
phc2sys[5375034.400]: CLOCK_REALTIME phc offset       -13 s2 freq  -37045 delay    541
ptp4l[5375035.000]: master offset         10 s2 freq  -38603 path delay       615
phc2sys[5375035.400]: CLOCK_REALTIME phc offset        13 s2 freq  -37044 delay    542
ptp4l[5375036.000]: master offset          1 s2 freq  -38603 path delay       600
phc2sys[5375036.400]: CLOCK_REALTIME phc offset        10 s2 freq  -37043 delay    543
ptp4l[5375037.000]: master offset         10 s2 freq  -38603 path delay       600
phc2sys[5375037.400]: CLOCK_REALTIME phc offset       -10 s2 freq  -37042 delay    544
ptp4l[5375038.000]: master offset         -5 s2 freq  -38603 path delay       600
phc2sys[5375038.400]: CLOCK_REALTIME phc offset        16 s2 freq  -37046 delay    545
ptp4l[5375039.000]: master offset          4 s2 freq  -38603 path delay       600
phc2sys[5375039.400]: CLOCK_REALTIME phc offset        16 s2 freq  -37045 delay    546
ptp4l[5375040.000]: master offset          6 s2 freq  -38603 path delay       600
phc2sys[5375040.400]: CLOCK_REALTIME phc offset         0 s2 freq  -37044 delay    540
ptp4l[5375041.000]: master offset         -2 s2 freq  -38603 path delay       600
phc2sys[5375041.400]: CLOCK_REALTIME phc offset        19 s2 freq  -37043 delay    541
ptp4l[5375042.000]: master offset         12 s2 freq  -38603 path delay       600
phc2sys[5375042.400]: CLOCK_REALTIME phc offset        -5 s2 freq  -37042 delay    542
ptp4l[5375043.000]: master offset         -3 s2 freq  -38603 path delay       600
phc2sys[5375043.400]: CLOCK_REALTIME phc offset       -23 s2 freq  -37046 delay    543
ptp4l[5375044.000]: master offset         13 s2 freq  -38603 path delay       602
phc2sys[5375044.400]: CLOCK_REALTIME phc offset       -11 s2 freq  -37045 delay    544
ptp4l[5375045.000]: master offset         -5 s2 freq  -38603 path delay       600
phc2sys[5375045.400]: CLOCK_REALTIME phc offset         4 s2 freq  -37044 delay    545
ptp4l[5375046.000]: master offset          2 s2 freq  -38603 path delay       600
phc2sys[5375046.400]: CLOCK_REALTIME phc offset         3 s2 freq  -37043 delay    546
ptp4l[5375047.000]: master offset         12 s2 freq  -38603 path delay       600
phc2sys[5375047.400]: CLOCK_REALTIME phc offset        -9 s2 freq  -37042 delay    540
ptp4l[5375048.000]: master offset         11 s2 freq  -38603 path delay       600
phc2sys[5375048.400]: CLOCK_REALTIME phc offset       -25 s2 freq  -37046 delay    541
ptp4l[5375049.000]: master offset          8 s2 freq  -38603 path delay       600
phc2sys[5375049.400]: CLOCK_REALTIME phc offset        -9 s2 freq  -37045 delay    542
ptp4l[5375050.000]: master offset          3 s2 freq  -38603 path delay       600
phc2sys[5375050.400]: CLOCK_REALTIME phc offset         0 s2 freq  -37044 delay    543
ptp4l[5375051.000]: master offset        -11 s2 freq  -38603 path delay       615
phc2sys[5375051.400]: CLOCK_REALTIME phc offset        15 s2 freq  -37043 delay    544
ptp4l[5375052.000]: master offset          2 s2 freq  -38603 path delay       600
phc2sys[5375052.400]: CLOCK_REALTIME phc offset       -20 s2 freq  -37042 delay    545
ptp4l[5375053.000]: master offset        -57 s2 freq  -38603 path delay       656
phc2sys[5375053.400]: CLOCK_REALTIME phc offset       -13 s2 freq  -37046 delay    546
ptp4l[5375054.000]: master offset          0 s2 freq  -38603 path delay       606
phc2sys[5375054.400]: CLOCK_REALTIME phc offset        -5 s2 freq  -37045 delay    540
ptp4l[5375055.000]: master offset        -26 s2 freq  -38603 path delay       628
phc2sys[5375055.400]: CLOCK_REALTIME phc offset         9 s2 freq  -37044 delay    541
ptp4l[5375056.000]: master offset         10 s2 freq  -38603 path delay       608
phc2sys[5375056.400]: CLOCK_REALTIME phc offset        -6 s2 freq  -37043 delay    542
ptp4l[5375057.000]: master offset          3 s2 freq  -38603 path delay       600
phc2sys[5375057.400]: CLOCK_REALTIME phc offset       -11 s2 freq  -37042 delay    543
ptp4l[5375058.000]: master offset         -6 s2 freq  -38603 path delay       600
phc2sys[5375058.400]: CLOCK_REALTIME phc offset         7 s2 freq  -37046 delay    544
ptp4l[5375059.000]: master offset          0 s2 freq  -38603 path delay       600
phc2sys[5375059.400]: CLOCK_REALTIME phc offset         4 s2 freq  -37045 delay    545
ptp4l[5375060.000]: master offset         11 s2 freq  -38603 path delay       600
phc2sys[5375060.400]: CLOCK_REALTIME phc offset        24 s2 freq  -37044 delay    546
ptp4l[5375061.000]: master offset          5 s2 freq  -38603 path delay       600
phc2sys[5375061.400]: CLOCK_REALTIME phc offset       -12 s2 freq  -37043 delay    540
ptp4l[5375062.000]: master offset        -41 s2 freq  -38603 path delay       650
phc2sys[5375062.400]: CLOCK_REALTIME phc offset         1 s2 freq  -37042 delay    541
ptp4l[5375063.000]: master offset         -1 s2 freq  -38603 path delay       600
phc2sys[5375063.400]: CLOCK_REALTIME phc offset       -17 s2 freq  -37046 delay    542
ptp4l[5375064.000]: master offset          1 s2 freq  -38603 path delay       600
phc2sys[5375064.400]: CLOCK_REALTIME phc offset        -5 s2 freq  -37045 delay    543
ptp4l[5375065.000]: master offset          4 s2 freq  -38603 path delay       607
phc2sys[5375065.400]: CLOCK_REALTIME phc offset        -3 s2 freq  -37044 delay    544
ptp4l[5375066.000]: master offset         25 s2 freq  -38603 path delay       618
phc2sys[5375066.400]: CLOCK_REALTIME phc offset         8 s2 freq  -37043 delay    545
ptp4l[5375067.000]: master offset          3 s2 freq  -38603 path delay       600
phc2sys[5375067.400]: CLOCK_REALTIME phc offset         2 s2 freq  -37042 delay    546
ptp4l[5375068.000]: master offset        -36 s2 freq  -38603 path delay       647
phc2sys[5375068.400]: CLOCK_REALTIME phc offset        30 s2 freq  -37046 delay    540
ptp4l[5375069.000]: master offset         41 s2 freq  -38603 path delay       635
phc2sys[5375069.400]: CLOCK_REALTIME phc offset        -4 s2 freq  -37045 delay    541
ptp4l[5375070.000]: master offset          9 s2 freq  -38603 path delay       604
phc2sys[5375070.400]: CLOCK_REALTIME phc offset         2 s2 freq  -37044 delay    542
ptp4l[5375071.000]: master offset         25 s2 freq  -38603 path delay       617
phc2sys[5375071.400]: CLOCK_REALTIME phc offset         3 s2 freq  -37043 delay    543
ptp4l[5375072.000]: master offset         14 s2 freq  -38603 path delay       609
phc2sys[5375072.400]: CLOCK_REALTIME phc offset         3 s2 freq  -37042 delay    544
ptp4l[5375073.000]: master offset          4 s2 freq  -38603 path delay       600
phc2sys[5375073.400]: CLOCK_REALTIME phc offset        12 s2 freq  -37046 delay    545
ptp4l[5375074.000]: master offset        -54 s2 freq  -38603 path delay       658
phc2sys[5375074.400]: CLOCK_REALTIME phc offset        11 s2 freq  -37045 delay    546
ptp4l[5375075.000]: master offset          9 s2 freq  -38603 path delay       600
phc2sys[5375075.400]: CLOCK_REALTIME phc offset         3 s2 freq  -37044 delay    540
ptp4l[5375076.000]: master offset         -3 s2 freq  -38603 path delay       608
phc2sys[5375076.400]: CLOCK_REALTIME phc offset        -5 s2 freq  -37043 delay    541
ptp4l[5375077.000]: master offset          8 s2 freq  -38603 path delay       600
phc2sys[5375077.400]: CLOCK_REALTIME phc offset       -11 s2 freq  -37042 delay    542
ptp4l[5375078.000]: master offset         11 s2 freq  -38603 path delay       600
phc2sys[5375078.400]: CLOCK_REALTIME phc offset        14 s2 freq  -37046 delay    543
ptp4l[5375079.000]: master offset         -4 s2 freq  -38603 path delay       607
phc2sys[5375079.400]: CLOCK_REALTIME phc offset        18 s2 freq  -37045 delay    544
ptp4l[5375080.000]: master offset          3 s2 freq  -38603 path delay       600
phc2sys[5375080.400]: CLOCK_REALTIME phc offset         5 s2 freq  -37044 delay    545
ptp4l[5375081.000]: master offset          6 s2 freq  -38603 path delay       600
phc2sys[5375081.400]: CLOCK_REALTIME phc offset        12 s2 freq  -37043 delay    546
ptp4l[5375082.000]: master offset         15 s2 freq  -38603 path delay       600
phc2sys[5375082.400]: CLOCK_REALTIME phc offset        -1 s2 freq  -37042 delay    540
ptp4l[5375083.000]: master offset          1 s2 freq  -38603 path delay       600
phc2sys[5375083.400]: CLOCK_REALTIME phc offset        -8 s2 freq  -37046 delay    541
ptp4l[5375084.000]: master offset         -4 s2 freq  -38603 path delay       600
phc2sys[5375084.400]: CLOCK_REALTIME phc offset        -8 s2 freq  -37045 delay    542
ptp4l[5375085.000]: master offset          4 s2 freq  -38603 path delay       600
phc2sys[5375085.400]: CLOCK_REALTIME phc offset         7 s2 freq  -37044 delay    543
ptp4l[5375086.000]: master offset         -5 s2 freq  -38603 path delay       600
phc2sys[5375086.400]: CLOCK_REALTIME phc offset        14 s2 freq  -37043 delay    544
ptp4l[5375087.000]: master offset        -40 s2 freq  -38603 path delay       652
phc2sys[5375087.400]: CLOCK_REALTIME phc offset        16 s2 freq  -37042 delay    545
ptp4l[5375088.000]: master offset          4 s2 freq  -38603 path delay       600
phc2sys[5375088.400]: CLOCK_REALTIME phc offset       -22 s2 freq  -37046 delay    546
ptp4l[5375089.000]: master offset         -6 s2 freq  -38603 path delay       605
phc2sys[5375089.400]: CLOCK_REALTIME phc offset        17 s2 freq  -37045 delay    540
ptp4l[5375090.000]: master offset         14 s2 freq  -38603 path delay       609
phc2sys[5375090.400]: CLOCK_REALTIME phc offset        -2 s2 freq  -37044 delay    541
ptp4l[5375091.000]: master offset          1 s2 freq  -38603 path delay       600
phc2sys[5375091.400]: CLOCK_REALTIME phc offset        -6 s2 freq  -37043 delay    542
ptp4l[5375092.000]: master offset        -74 s2 freq  -38603 path delay       676
phc2sys[5375092.400]: CLOCK_REALTIME phc offset        24 s2 freq  -37042 delay    543
ptp4l[5375093.000]: master offset         -3 s2 freq  -38603 path delay       613
phc2sys[5375093.400]: CLOCK_REALTIME phc offset         4 s2 freq  -37046 delay    544
ptp4l[5375094.000]: master offset         27 s2 freq  -38603 path delay       614
phc2sys[5375094.400]: CLOCK_REALTIME phc offset        18 s2 freq  -37045 delay    545
ptp4l[5375095.000]: master offset          9 s2 freq  -38603 path delay       600
phc2sys[5375095.400]: CLOCK_REALTIME phc offset       -13 s2 freq  -37044 delay    546
ptp4l[5375096.000]: master offset          7 s2 freq  -38603 path delay       600
phc2sys[5375096.400]: CLOCK_REALTIME phc offset         2 s2 freq  -37043 delay    540
ptp4l[5375097.000]: master offset          2 s2 freq  -38603 path delay       600
phc2sys[5375097.400]: CLOCK_REALTIME phc offset        25 s2 freq  -37042 delay    541
ptp4l[5375098.000]: master offset          8 s2 freq  -38603 path delay       600
phc2sys[5375098.400]: CLOCK_REALTIME phc offset        -5 s2 freq  -37046 delay    542
ptp4l[5375099.000]: master offset        -34 s2 freq  -38603 path delay       668
phc2sys[5375099.400]: CLOCK_REALTIME phc offset        16 s2 freq  -37045 delay    543
ptp4l[5375100.000]: master offset         16 s2 freq  -38603 path delay       600
phc2sys[5375100.400]: CLOCK_REALTIME phc offset         9 s2 freq  -37044 delay    544
ptp4l[5375101.000]: master offset          6 s2 freq  -38603 path delay       600
phc2sys[5375101.400]: CLOCK_REALTIME phc offset         1 s2 freq  -37043 delay    545
ptp4l[5375102.000]: master offset         -5 s2 freq  -38603 path delay       600
phc2sys[5375102.400]: CLOCK_REALTIME phc offset       -15 s2 freq  -37042 delay    546
ptp4l[5375103.000]: master offset          2 s2 freq  -38603 path delay       600
phc2sys[5375103.400]: CLOCK_REALTIME phc offset        14 s2 freq  -37046 delay    540
ptp4l[5375104.000]: master offset          5 s2 freq  -38603 path delay       600
phc2sys[5375104.400]: CLOCK_REALTIME phc offset        11 s2 freq  -37045 delay    541
ptp4l[5375105.000]: master offset         11 s2 freq  -38603 path delay       600
phc2sys[5375105.400]: CLOCK_REALTIME phc offset        27 s2 freq  -37044 delay    542
ptp4l[5375106.000]: master offset          0 s2 freq  -38602 path delay       600
phc2sys[5375106.400]: CLOCK_REALTIME phc offset        15 s2 freq  -37043 delay    543
ptp4l[5375107.000]: master offset          5 s2 freq  -38602 path delay       600
phc2sys[5375107.400]: CLOCK_REALTIME phc offset       -25 s2 freq  -37042 delay    544
ptp4l[5375108.000]: master offset          8 s2 freq  -38602 path delay       600
phc2sys[5375108.400]: CLOCK_REALTIME phc offset        -9 s2 freq  -37046 delay    545
ptp4l[5375109.000]: master offset          6 s2 freq  -38602 path delay       600
phc2sys[5375109.400]: CLOCK_REALTIME phc offset        -2 s2 freq  -37045 delay    546
ptp4l[5375110.000]: master offset         11 s2 freq  -38602 path delay       600
phc2sys[5375110.400]: CLOCK_REALTIME phc offset        -1 s2 freq  -37044 delay    540
ptp4l[5375111.000]: master offset          0 s2 freq  -38602 path delay       600
phc2sys[5375111.400]: CLOCK_REALTIME phc offset        24 s2 freq  -37043 delay    541
ptp4l[5375112.000]: master offset         55 s2 freq  -38602 path delay       651
phc2sys[5375112.400]: CLOCK_REALTIME phc offset       -12 s2 freq  -37042 delay    542
ptp4l[5375113.000]: master offset        -29 s2 freq  -38602 path delay       639
phc2sys[5375113.400]: CLOCK_REALTIME phc offset        24 s2 freq  -37046 delay    543
ptp4l[5375114.000]: master offset         12 s2 freq  -38602 path delay       600
phc2sys[5375114.400]: CLOCK_REALTIME phc offset        18 s2 freq  -37045 delay    544
ptp4l[5375115.000]: master offset        -21 s2 freq  -38602 path delay       633
phc2sys[5375115.400]: CLOCK_REALTIME phc offset        -4 s2 freq  -37044 delay    545
ptp4l[5375116.000]: master offset          4 s2 freq  -38602 path delay       600
phc2sys[5375116.400]: CLOCK_REALTIME phc offset        -1 s2 freq  -37043 delay    546
ptp4l[5375117.000]: master offset         -2 s2 freq  -38602 path delay       600
phc2sys[5375117.400]: CLOCK_REALTIME phc offset       -14 s2 freq  -37042 delay    540
ptp4l[5375118.000]: master offset          7 s2 freq  -38602 path delay       600
phc2sys[5375118.400]: CLOCK_REALTIME phc offset        -6 s2 freq  -37046 delay    541
ptp4l[5375119.000]: master offset         59 s2 freq  -38602 path delay       651
phc2sys[5375119.400]: CLOCK_REALTIME phc offset         2 s2 freq  -37045 delay    542
ptp4l[5375120.000]: master offset          6 s2 freq  -38602 path delay       600
phc2sys[5375120.400]: CLOCK_REALTIME phc offset         7 s2 freq  -37044 delay    543
ptp4l[5375121.000]: master offset          0 s2 freq  -38602 path delay       602
phc2sys[5375121.400]: CLOCK_REALTIME phc offset        20 s2 freq  -37043 delay    544
ptp4l[5375122.000]: master offset         11 s2 freq  -38602 path delay       600
phc2sys[5375122.400]: CLOCK_REALTIME phc offset       -13 s2 freq  -37042 delay    545
ptp4l[5375123.000]: master offset          2 s2 freq  -38602 path delay       605
phc2sys[5375123.400]: CLOCK_REALTIME phc offset         4 s2 freq  -37046 delay    546
ptp4l[5375124.000]: master offset         15 s2 freq  -38602 path delay       609
phc2sys[5375124.400]: CLOCK_REALTIME phc offset        -7 s2 freq  -37045 delay    540
ptp4l[5375125.000]: master offset         -2 s2 freq  -38602 path delay       605
phc2sys[5375125.400]: CLOCK_REALTIME phc offset        15 s2 freq  -37044 delay    541
ptp4l[5375126.000]: master offset          8 s2 freq  -38602 path delay       600
phc2sys[5375126.400]: CLOCK_REALTIME phc offset        16 s2 freq  -37043 delay    542
ptp4l[5375127.000]: master offset         29 s2 freq  -38602 path delay       621
phc2sys[5375127.400]: CLOCK_REALTIME phc offset        -2 s2 freq  -37042 delay    543
ptp4l[5375128.000]: master offset          8 s2 freq  -38602 path delay       624
phc2sys[5375128.400]: CLOCK_REALTIME phc offset        16 s2 freq  -37046 delay    544
ptp4l[5375129.000]: master offset         14 s2 freq  -38601 path delay       615
phc2sys[5375129.400]: CLOCK_REALTIME phc offset        17 s2 freq  -37045 delay    545
ptp4l[5375130.000]: master offset         -4 s2 freq  -38601 path delay       609
phc2sys[5375130.400]: CLOCK_REALTIME phc offset        15 s2 freq  -37044 delay    546
ptp4l[5375131.000]: master offset        -28 s2 freq  -38601 path delay       646
phc2sys[5375131.400]: CLOCK_REALTIME phc offset        10 s2 freq  -37043 delay    540
ptp4l[5375132.000]: master offset         -4 s2 freq  -38601 path delay       600
phc2sys[5375132.400]: CLOCK_REALTIME phc offset         6 s2 freq  -37042 delay    541
ptp4l[5375133.000]: master offset          8 s2 freq  -38601 path delay       600
phc2sys[5375133.400]: CLOCK_REALTIME phc offset       -17 s2 freq  -37046 delay    542
ptp4l[5375134.000]: master offset         11 s2 freq  -38601 path delay       604
phc2sys[5375134.400]: CLOCK_REALTIME phc offset         3 s2 freq  -37045 delay    543
ptp4l[5375135.000]: master offset          7 s2 freq  -38601 path delay       600
phc2sys[5375135.400]: CLOCK_REALTIME phc offset         2 s2 freq  -37044 delay    544
ptp4l[5375136.000]: master offset          8 s2 freq  -38601 path delay       605
phc2sys[5375136.400]: CLOCK_REALTIME phc offset         0 s2 freq  -37043 delay    545
ptp4l[5375137.000]: master offset         -4 s2 freq  -38601 path delay       600
phc2sys[5375137.400]: CLOCK_REALTIME phc offset        -8 s2 freq  -37042 delay    546
ptp4l[5375138.000]: master offset         14 s2 freq  -38601 path delay       608
phc2sys[5375138.400]: CLOCK_REALTIME phc offset        -6 s2 freq  -37046 delay    540
ptp4l[5375139.000]: master offset         13 s2 freq  -38601 path delay       600
phc2sys[5375139.400]: CLOCK_REALTIME phc offset         0 s2 freq  -37045 delay    541
ptp4l[5375140.000]: master offset          9 s2 freq  -38601 path delay       600
phc2sys[5375140.400]: CLOCK_REALTIME phc offset       -11 s2 freq  -37044 delay    542
ptp4l[5375141.000]: master offset          9 s2 freq  -38601 path delay       600
phc2sys[5375141.400]: CLOCK_REALTIME phc offset        -1 s2 freq  -37043 delay    543
ptp4l[5375142.000]: master offset          9 s2 freq  -38601 path delay       600
phc2sys[5375142.400]: CLOCK_REALTIME phc offset        -4 s2 freq  -37042 delay    544
ptp4l[5375143.000]: master offset          3 s2 freq  -38601 path delay       600
phc2sys[5375143.400]: CLOCK_REALTIME phc offset        19 s2 freq  -37046 delay    545
ptp4l[5375144.000]: master offset         -2 s2 freq  -38601 path delay       604
phc2sys[5375144.400]: CLOCK_REALTIME phc offset       -11 s2 freq  -37045 delay    546
ptp4l[5375145.000]: master offset          0 s2 freq  -38601 path delay       600
phc2sys[5375145.400]: CLOCK_REALTIME phc offset        11 s2 freq  -37044 delay    540
ptp4l[5375146.000]: master offset         51 s2 freq  -38601 path delay       638
phc2sys[5375146.400]: CLOCK_REALTIME phc offset        -6 s2 freq  -37043 delay    541
ptp4l[5375147.000]: master offset          8 s2 freq  -38601 path delay       600
phc2sys[5375147.400]: CLOCK_REALTIME phc offset        22 s2 freq  -37042 delay    542
ptp4l[5375148.000]: master offset         -1 s2 freq  -38601 path delay       604
phc2sys[5375148.400]: CLOCK_REALTIME phc offset       -23 s2 freq  -37046 delay    543
ptp4l[5375149.000]: master offset          3 s2 freq  -38600 path delay       600
phc2sys[5375149.400]: CLOCK_REALTIME phc offset         1 s2 freq  -37045 delay    544
ptp4l[5375150.000]: master offset          3 s2 freq  -38600 path delay       600
phc2sys[5375150.400]: CLOCK_REALTIME phc offset       -10 s2 freq  -37044 delay    545
ptp4l[5375151.000]: master offset          5 s2 freq  -38600 path delay       600
phc2sys[5375151.400]: CLOCK_REALTIME phc offset        -9 s2 freq  -37043 delay    546
ptp4l[5375152.000]: master offset         -1 s2 freq  -38600 path delay       603
phc2sys[5375152.400]: CLOCK_REALTIME phc offset         2 s2 freq  -37042 delay    540
ptp4l[5375153.000]: master offset         85 s2 freq  -38600 path delay       680
phc2sys[5375153.400]: CLOCK_REALTIME phc offset       -13 s2 freq  -37046 delay    541
ptp4l[5375154.000]: master offset         57 s2 freq  -38600 path delay       646
phc2sys[5375154.400]: CLOCK_REALTIME phc offset         2 s2 freq  -37045 delay    542
ptp4l[5375155.000]: master offset         19 s2 freq  -38600 path delay       600
phc2sys[5375155.400]: CLOCK_REALTIME phc offset         9 s2 freq  -37044 delay    543
ptp4l[5375156.000]: master offset         -2 s2 freq  -38600 path delay       600
phc2sys[5375156.400]: CLOCK_REALTIME phc offset        11 s2 freq  -37043 delay    544
ptp4l[5375157.000]: master offset          6 s2 freq  -38600 path delay       600
phc2sys[5375157.400]: CLOCK_REALTIME phc offset         2 s2 freq  -37042 delay    545
ptp4l[5375158.000]: master offset         18 s2 freq  -38600 path delay       605
phc2sys[5375158.400]: CLOCK_REALTIME phc offset         1 s2 freq  -37046 delay    546
ptp4l[5375159.000]: master offset          6 s2 freq  -38600 path delay       600
phc2sys[5375159.400]: CLOCK_REALTIME phc offset       -14 s2 freq  -37045 delay    540
ptp4l[5375160.000]: master offset         -4 s2 freq  -38600 path delay       600
phc2sys[5375160.400]: CLOCK_REALTIME phc offset        13 s2 freq  -37044 delay    541
ptp4l[5375161.000]: master offset          9 s2 freq  -38600 path delay       600
phc2sys[5375161.400]: CLOCK_REALTIME phc offset       -10 s2 freq  -37043 delay    542
ptp4l[5375162.000]: master offset         11 s2 freq  -38600 path delay       600
phc2sys[5375162.400]: CLOCK_REALTIME phc offset       -22 s2 freq  -37042 delay    543
ptp4l[5375163.000]: master offset         21 s2 freq  -38600 path delay       613
phc2sys[5375163.400]: CLOCK_REALTIME phc offset        13 s2 freq  -37046 delay    544
ptp4l[5375164.000]: master offset        -24 s2 freq  -38600 path delay       637
phc2sys[5375164.400]: CLOCK_REALTIME phc offset       -10 s2 freq  -37045 delay    545
ptp4l[5375165.000]: master offset          5 s2 freq  -38600 path delay       600
phc2sys[5375165.400]: CLOCK_REALTIME phc offset       -23 s2 freq  -37044 delay    546
ptp4l[5375166.000]: master offset          2 s2 freq  -38600 path delay       600
phc2sys[5375166.400]: CLOCK_REALTIME phc offset        23 s2 freq  -37043 delay    540
ptp4l[5375167.000]: master offset        -50 s2 freq  -38600 path delay       650
phc2sys[5375167.400]: CLOCK_REALTIME phc offset        18 s2 freq  -37042 delay    541
ptp4l[5375168.000]: master offset          8 s2 freq  -38600 path delay       600
phc2sys[5375168.400]: CLOCK_REALTIME phc offset        29 s2 freq  -37046 delay    542
ptp4l[5375169.000]: master offset          3 s2 freq  -38600 path delay       600
phc2sys[5375169.400]: CLOCK_REALTIME phc offset         0 s2 freq  -37045 delay    543
ptp4l[5375170.000]: master offset         -2 s2 freq  -38599 path delay       602
phc2sys[5375170.400]: CLOCK_REALTIME phc offset        24 s2 freq  -37044 delay    544
ptp4l[5375171.000]: master offset          7 s2 freq  -38599 path delay       600
phc2sys[5375171.400]: CLOCK_REALTIME phc offset        13 s2 freq  -37043 delay    545
ptp4l[5375172.000]: master offset          9 s2 freq  -38599 path delay       600
phc2sys[5375172.400]: CLOCK_REALTIME phc offset       -12 s2 freq  -37042 delay    546
ptp4l[5375173.000]: master offset        -22 s2 freq  -38599 path delay       623
phc2sys[5375173.400]: CLOCK_REALTIME phc offset         6 s2 freq  -37046 delay    540
ptp4l[5375174.000]: master offset         14 s2 freq  -38599 path delay       607
phc2sys[5375174.400]: CLOCK_REALTIME phc offset        -9 s2 freq  -37045 delay    541
ptp4l[5375175.000]: master offset         14 s2 freq  -38599 path delay       600
phc2sys[5375175.400]: CLOCK_REALTIME phc offset        10 s2 freq  -37044 delay    542
ptp4l[5375176.000]: master offset        -22 s2 freq  -38599 path delay       631
phc2sys[5375176.400]: CLOCK_REALTIME phc offset        -3 s2 freq  -37043 delay    543
ptp4l[5375177.000]: master offset          3 s2 freq  -38599 path delay       600
phc2sys[5375177.400]: CLOCK_REALTIME phc offset        21 s2 freq  -37042 delay    544
ptp4l[5375178.000]: master offset          8 s2 freq  -38599 path delay       605
phc2sys[5375178.400]: CLOCK_REALTIME phc offset         5 s2 freq  -37046 delay    545
ptp4l[5375179.000]: master offset          7 s2 freq  -38599 path delay       600
phc2sys[5375179.400]: CLOCK_REALTIME phc offset        19 s2 freq  -37045 delay    546
ptp4l[5375180.000]: master offset          4 s2 freq  -38599 path delay       600
phc2sys[5375180.400]: CLOCK_REALTIME phc offset         4 s2 freq  -37044 delay    540
ptp4l[5375181.000]: master offset          5 s2 freq  -38599 path delay       600
phc2sys[5375181.400]: CLOCK_REALTIME phc offset        -2 s2 freq  -37043 delay    541
ptp4l[5375182.000]: master offset          4 s2 freq  -38599 path delay       600
phc2sys[5375182.400]: CLOCK_REALTIME phc offset       -15 s2 freq  -37042 delay    542
ptp4l[5375183.000]: master offset          6 s2 freq  -38599 path delay       601
phc2sys[5375183.400]: CLOCK_REALTIME phc offset       -13 s2 freq  -37046 delay    543
ptp4l[5375184.000]: master offset        -25 s2 freq  -38599 path delay       620
phc2sys[5375184.400]: CLOCK_REALTIME phc offset        -9 s2 freq  -37045 delay    544
ptp4l[5375185.000]: master offset          5 s2 freq  -38599 path delay       600
phc2sys[5375185.400]: CLOCK_REALTIME phc offset       -13 s2 freq  -37044 delay    545
ptp4l[5375186.000]: master offset          1 s2 freq  -38599 path delay       600
phc2sys[5375186.400]: CLOCK_REALTIME phc offset        -8 s2 freq  -37043 delay    546
ptp4l[5375187.000]: master offset        -39 s2 freq  -38599 path delay       663
phc2sys[5375187.400]: CLOCK_REALTIME phc offset        -7 s2 freq  -37042 delay    540
ptp4l[5375188.000]: master offset          6 s2 freq  -38599 path delay       600
phc2sys[5375188.400]: CLOCK_REALTIME phc offset        15 s2 freq  -37046 delay    541
ptp4l[5375189.000]: master offset          9 s2 freq  -38599 path delay       600
phc2sys[5375189.400]: CLOCK_REALTIME phc offset         4 s2 freq  -37045 delay    542
ptp4l[5375190.000]: master offset          3 s2 freq  -38599 path delay       600
phc2sys[5375190.400]: CLOCK_REALTIME phc offset         4 s2 freq  -37044 delay    543
ptp4l[5375191.000]: master offset         10 s2 freq  -38599 path delay       600
phc2sys[5375191.400]: CLOCK_REALTIME phc offset         7 s2 freq  -37043 delay    544
ptp4l[5375192.000]: master offset          3 s2 freq  -38599 path delay       600
phc2sys[5375192.400]: CLOCK_REALTIME phc offset         4 s2 freq  -37042 delay    545
ptp4l[5375193.000]: master offset         -8 s2 freq  -38598 path delay       609
phc2sys[5375193.400]: CLOCK_REALTIME phc offset        11 s2 freq  -37046 delay    546
ptp4l[5375194.000]: master offset         -2 s2 freq  -38598 path delay       608
phc2sys[5375194.400]: CLOCK_REALTIME phc offset         8 s2 freq  -37045 delay    540
ptp4l[5375195.000]: master offset          0 s2 freq  -38598 path delay       600
phc2sys[5375195.400]: CLOCK_REALTIME phc offset         7 s2 freq  -37044 delay    541
ptp4l[5375196.000]: master offset          0 s2 freq  -38598 path delay       600
phc2sys[5375196.400]: CLOCK_REALTIME phc offset       -10 s2 freq  -37043 delay    542
ptp4l[5375197.000]: master offset          6 s2 freq  -38598 path delay       600
phc2sys[5375197.400]: CLOCK_REALTIME phc offset        -6 s2 freq  -37042 delay    543
ptp4l[5375198.000]: master offset          1 s2 freq  -38598 path delay       600
phc2sys[5375198.400]: CLOCK_REALTIME phc offset        14 s2 freq  -37046 delay    544
ptp4l[5375199.000]: master offset          2 s2 freq  -38598 path delay       600
phc2sys[5375199.400]: CLOCK_REALTIME phc offset        16 s2 freq  -37045 delay    545
ptp4l[5375200.000]: master offset         10 s2 freq  -38598 path delay       600
phc2sys[5375200.400]: CLOCK_REALTIME phc offset        -2 s2 freq  -37044 delay    546
ptp4l[5375201.000]: master offset          9 s2 freq  -38598 path delay       600
phc2sys[5375201.400]: CLOCK_REALTIME phc offset        -6 s2 freq  -37043 delay    540
ptp4l[5375202.000]: master offset         21 s2 freq  -38598 path delay       657
phc2sys[5375202.400]: CLOCK_REALTIME phc offset         3 s2 freq  -37042 delay    541
ptp4l[5375203.000]: master offset          4 s2 freq  -38598 path delay       600
phc2sys[5375203.400]: CLOCK_REALTIME phc offset        29 s2 freq  -37046 delay    542
ptp4l[5375204.000]: master offset          5 s2 freq  -38598 path delay       600
phc2sys[5375204.400]: CLOCK_REALTIME phc offset        19 s2 freq  -37045 delay    543
ptp4l[5375205.000]: master offset          7 s2 freq  -38598 path delay       600
phc2sys[5375205.400]: CLOCK_REALTIME phc offset         7 s2 freq  -37044 delay    544
ptp4l[5375206.000]: master offset          3 s2 freq  -38598 path delay       600
phc2sys[5375206.400]: CLOCK_REALTIME phc offset        -4 s2 freq  -37043 delay    545
ptp4l[5375207.000]: master offset          3 s2 freq  -38598 path delay       600
phc2sys[5375207.400]: CLOCK_REALTIME phc offset       -21 s2 freq  -37042 delay    546
ptp4l[5375208.000]: master offset         13 s2 freq  -38598 path delay       600
phc2sys[5375208.400]: CLOCK_REALTIME phc offset       -16 s2 freq  -37046 delay    540
ptp4l[5375209.000]: master offset         14 s2 freq  -38598 path delay       600
phc2sys[5375209.400]: CLOCK_REALTIME phc offset         0 s2 freq  -37045 delay    541
ptp4l[5375210.000]: master offset          5 s2 freq  -38598 path delay       600
phc2sys[5375210.400]: CLOCK_REALTIME phc offset         9 s2 freq  -37044 delay    542
ptp4l[5375211.000]: master offset         20 s2 freq  -38598 path delay       609
phc2sys[5375211.400]: CLOCK_REALTIME phc offset        10 s2 freq  -37043 delay    543
ptp4l[5375212.000]: master offset          9 s2 freq  -38598 path delay       600
phc2sys[5375212.400]: CLOCK_REALTIME phc offset        21 s2 freq  -37042 delay    544
ptp4l[5375213.000]: master offset         -1 s2 freq  -38598 path delay       600
phc2sys[5375213.400]: CLOCK_REALTIME phc offset       -16 s2 freq  -37046 delay    545
ptp4l[5375214.000]: master offset         26 s2 freq  -38598 path delay       619
phc2sys[5375214.400]: CLOCK_REALTIME phc offset       -15 s2 freq  -37045 delay    546
ptp4l[5375215.000]: master offset         -1 s2 freq  -38598 path delay       605
phc2sys[5375215.400]: CLOCK_REALTIME phc offset        -6 s2 freq  -37044 delay    540
ptp4l[5375216.000]: master offset          5 s2 freq  -38598 path delay       600
phc2sys[5375216.400]: CLOCK_REALTIME phc offset        13 s2 freq  -37043 delay    541
ptp4l[5375217.000]: master offset          5 s2 freq  -38598 path delay       600
phc2sys[5375217.400]: CLOCK_REALTIME phc offset       -12 s2 freq  -37042 delay    542
ptp4l[5375218.000]: master offset         24 s2 freq  -38598 path delay       623
phc2sys[5375218.400]: CLOCK_REALTIME phc offset         9 s2 freq  -37046 delay    543
ptp4l[5375219.000]: master offset          0 s2 freq  -38598 path delay       600
phc2sys[5375219.400]: CLOCK_REALTIME phc offset        14 s2 freq  -37045 delay    544
ptp4l[5375220.000]: master offset         12 s2 freq  -38598 path delay       600
phc2sys[5375220.400]: CLOCK_REALTIME phc offset         7 s2 freq  -37044 delay    545
ptp4l[5375221.000]: master offset        -25 s2 freq  -38598 path delay       623
phc2sys[5375221.400]: CLOCK_REALTIME phc offset       -14 s2 freq  -37043 delay    546
ptp4l[5375222.000]: master offset          1 s2 freq  -38598 path delay       600
phc2sys[5375222.400]: CLOCK_REALTIME phc offset         6 s2 freq  -37042 delay    540
ptp4l[5375223.000]: master offset         -4 s2 freq  -38598 path delay       600
phc2sys[5375223.400]: CLOCK_REALTIME phc offset         4 s2 freq  -37046 delay    541
ptp4l[5375224.000]: master offset         22 s2 freq  -38598 path delay       600
phc2sys[5375224.400]: CLOCK_REALTIME phc offset        -7 s2 freq  -37045 delay    542
ptp4l[5375225.000]: master offset         10 s2 freq  -38598 path delay       603
phc2sys[5375225.400]: CLOCK_REALTIME phc offset        -3 s2 freq  -37044 delay    543
ptp4l[5375226.000]: master offset         13 s2 freq  -38598 path delay       600
phc2sys[5375226.400]: CLOCK_REALTIME phc offset       -17 s2 freq  -37043 delay    544
ptp4l[5375227.000]: master offset          1 s2 freq  -38598 path delay       607
phc2sys[5375227.400]: CLOCK_REALTIME phc offset        -7 s2 freq  -37042 delay    545
ptp4l[5375228.000]: master offset          0 s2 freq  -38598 path delay       600
phc2sys[5375228.400]: CLOCK_REALTIME phc offset        16 s2 freq  -37046 delay    546
ptp4l[5375229.000]: master offset        -11 s2 freq  -38598 path delay       608
phc2sys[5375229.400]: CLOCK_REALTIME phc offset       -22 s2 freq  -37045 delay    540
ptp4l[5375230.000]: master offset         11 s2 freq  -38598 path delay       600
phc2sys[5375230.400]: CLOCK_REALTIME phc offset        -6 s2 freq  -37044 delay    541
ptp4l[5375231.000]: master offset          4 s2 freq  -38598 path delay       600
phc2sys[5375231.400]: CLOCK_REALTIME phc offset       -10 s2 freq  -37043 delay    542
ptp4l[5375232.000]: master offset        -25 s2 freq  -38598 path delay       623
phc2sys[5375232.400]: CLOCK_REALTIME phc offset       -11 s2 freq  -37042 delay    543
ptp4l[5375233.000]: master offset          2 s2 freq  -38598 path delay       600
phc2sys[5375233.400]: CLOCK_REALTIME phc offset        -4 s2 freq  -37046 delay    544
ptp4l[5375234.000]: master offset          2 s2 freq  -38598 path delay       600
phc2sys[5375234.400]: CLOCK_REALTIME phc offset         8 s2 freq  -37045 delay    545
ptp4l[5375235.000]: master offset        -12 s2 freq  -38598 path delay       620
phc2sys[5375235.400]: CLOCK_REALTIME phc offset        -1 s2 freq  -37044 delay    546
ptp4l[5375236.000]: master offset          1 s2 freq  -38598 path delay       600
phc2sys[5375236.400]: CLOCK_REALTIME phc offset        -3 s2 freq  -37043 delay    540
ptp4l[5375237.000]: master offset         19 s2 freq  -38598 path delay       609
phc2sys[5375237.400]: CLOCK_REALTIME phc offset         0 s2 freq  -37042 delay    541
ptp4l[5375238.000]: master offset          1 s2 freq  -38598 path delay       600
phc2sys[5375238.400]: CLOCK_REALTIME phc offset         0 s2 freq  -37046 delay    542
ptp4l[5375239.000]: master offset         12 s2 freq  -38598 path delay       600
phc2sys[5375239.400]: CLOCK_REALTIME phc offset       -11 s2 freq  -37045 delay    543
ptp4l[5375240.000]: master offset          3 s2 freq  -38598 path delay       600
phc2sys[5375240.400]: CLOCK_REALTIME phc offset         9 s2 freq  -37044 delay    544
ptp4l[5375241.000]: master offset          0 s2 freq  -38598 path delay       600
phc2sys[5375241.400]: CLOCK_REALTIME phc offset         2 s2 freq  -37043 delay    545
ptp4l[5375242.000]: master offset          7 s2 freq  -38598 path delay       600
phc2sys[5375242.400]: CLOCK_REALTIME phc offset        12 s2 freq  -37042 delay    546
ptp4l[5375243.000]: master offset          1 s2 freq  -38598 path delay       600
phc2sys[5375243.400]: CLOCK_REALTIME phc offset        -5 s2 freq  -37046 delay    540
ptp4l[5375244.000]: master offset         14 s2 freq  -38598 path delay       602
phc2sys[5375244.400]: CLOCK_REALTIME phc offset        -1 s2 freq  -37045 delay    541
ptp4l[5375245.000]: master offset         49 s2 freq  -38598 path delay       697
phc2sys[5375245.400]: CLOCK_REALTIME phc offset        11 s2 freq  -37044 delay    542
ptp4l[5375246.000]: master offset          1 s2 freq  -38598 path delay       600
phc2sys[5375246.400]: CLOCK_REALTIME phc offset       -18 s2 freq  -37043 delay    543
ptp4l[5375247.000]: master offset          2 s2 freq  -38598 path delay       600
phc2sys[5375247.400]: CLOCK_REALTIME phc offset         6 s2 freq  -37042 delay    544
ptp4l[5375248.000]: master offset         10 s2 freq  -38598 path delay       600
phc2sys[5375248.400]: CLOCK_REALTIME phc offset        15 s2 freq  -37046 delay    545
ptp4l[5375249.000]: master offset          7 s2 freq  -38598 path delay       600
phc2sys[5375249.400]: CLOCK_REALTIME phc offset        23 s2 freq  -37045 delay    546
ptp4l[5375250.000]: master offset         12 s2 freq  -38598 path delay       610
phc2sys[5375250.400]: CLOCK_REALTIME phc offset       -19 s2 freq  -37044 delay    540
ptp4l[5375251.000]: master offset         -1 s2 freq  -38598 path delay       607
phc2sys[5375251.400]: CLOCK_REALTIME phc offset        -5 s2 freq  -37043 delay    541
ptp4l[5375252.000]: master offset          3 s2 freq  -38598 path delay       600
phc2sys[5375252.400]: CLOCK_REALTIME phc offset       -19 s2 freq  -37042 delay    542
ptp4l[5375253.000]: master offset         15 s2 freq  -38598 path delay       608
phc2sys[5375253.400]: CLOCK_REALTIME phc offset       -11 s2 freq  -37046 delay    543
ptp4l[5375254.000]: master offset         20 s2 freq  -38598 path delay       653
phc2sys[5375254.400]: CLOCK_REALTIME phc offset       -16 s2 freq  -37045 delay    544
ptp4l[5375255.000]: master offset         31 s2 freq  -38598 path delay       632
phc2sys[5375255.400]: CLOCK_REALTIME phc offset         0 s2 freq  -37044 delay    545
ptp4l[5375256.000]: master offset         11 s2 freq  -38598 path delay       600
phc2sys[5375256.400]: CLOCK_REALTIME phc offset        12 s2 freq  -37043 delay    546
ptp4l[5375257.000]: master offset        -12 s2 freq  -38598 path delay       616
phc2sys[5375257.400]: CLOCK_REALTIME phc offset         9 s2 freq  -37042 delay    540
ptp4l[5375258.000]: master offset         -2 s2 freq  -38598 path delay       600
phc2sys[5375258.400]: CLOCK_REALTIME phc offset        -6 s2 freq  -37046 delay    541
ptp4l[5375259.000]: master offset          1 s2 freq  -38598 path delay       600
phc2sys[5375259.400]: CLOCK_REALTIME phc offset       -22 s2 freq  -37045 delay    542
ptp4l[5375260.000]: master offset        -13 s2 freq  -38598 path delay       622
phc2sys[5375260.400]: CLOCK_REALTIME phc offset        13 s2 freq  -37044 delay    543
ptp4l[5375261.000]: master offset          5 s2 freq  -38598 path delay       600
phc2sys[5375261.400]: CLOCK_REALTIME phc offset         3 s2 freq  -37043 delay    544
ptp4l[5375262.000]: master offset          6 s2 freq  -38598 path delay       600
phc2sys[5375262.400]: CLOCK_REALTIME phc offset        10 s2 freq  -37042 delay    545
ptp4l[5375263.000]: master offset         -2 s2 freq  -38598 path delay       612
phc2sys[5375263.400]: CLOCK_REALTIME phc offset         9 s2 freq  -37046 delay    546
ptp4l[5375264.000]: master offset          4 s2 freq  -38598 path delay       600
phc2sys[5375264.400]: CLOCK_REALTIME phc offset       -25 s2 freq  -37045 delay    540
ptp4l[5375265.000]: master offset          2 s2 freq  -38598 path delay       600
phc2sys[5375265.400]: CLOCK_REALTIME phc offset        -1 s2 freq  -37044 delay    541
ptp4l[5375266.000]: master offset         -1 s2 freq  -38598 path delay       600
phc2sys[5375266.400]: CLOCK_REALTIME phc offset         3 s2 freq  -37043 delay    542
ptp4l[5375267.000]: master offset          5 s2 freq  -38598 path delay       600
phc2sys[5375267.400]: CLOCK_REALTIME phc offset         0 s2 freq  -37042 delay    543
ptp4l[5375268.000]: master offset         20 s2 freq  -38598 path delay       622
phc2sys[5375268.400]: CLOCK_REALTIME phc offset        -3 s2 freq  -37046 delay    544
ptp4l[5375269.000]: master offset         27 s2 freq  -38598 path delay       619
phc2sys[5375269.400]: CLOCK_REALTIME phc offset         6 s2 freq  -37045 delay    545
ptp4l[5375270.000]: master offset          8 s2 freq  -38598 path delay       600
phc2sys[5375270.400]: CLOCK_REALTIME phc offset         3 s2 freq  -37044 delay    546
ptp4l[5375271.000]: master offset          6 s2 freq  -38598 path delay       600
phc2sys[5375271.400]: CLOCK_REALTIME phc offset        13 s2 freq  -37043 delay    540
ptp4l[5375272.000]: master offset         16 s2 freq  -38598 path delay       600
phc2sys[5375272.400]: CLOCK_REALTIME phc offset        -3 s2 freq  -37042 delay    541
ptp4l[5375273.000]: master offset         24 s2 freq  -38598 path delay       624
phc2sys[5375273.400]: CLOCK_REALTIME phc offset        -7 s2 freq  -37046 delay    542
ptp4l[5375274.000]: master offset          7 s2 freq  -38598 path delay       600
phc2sys[5375274.400]: CLOCK_REALTIME phc offset        -6 s2 freq  -37045 delay    543
ptp4l[5375275.000]: master offset        -15 s2 freq  -38598 path delay       668
phc2sys[5375275.400]: CLOCK_REALTIME phc offset         4 s2 freq  -37044 delay    544
ptp4l[5375276.000]: master offset          8 s2 freq  -38598 path delay       600
phc2sys[5375276.400]: CLOCK_REALTIME phc offset        14 s2 freq  -37043 delay    545
ptp4l[5375277.000]: master offset         -5 s2 freq  -38598 path delay       614
phc2sys[5375277.400]: CLOCK_REALTIME phc offset         0 s2 freq  -37042 delay    546
ptp4l[5375278.000]: master offset         11 s2 freq  -38598 path delay       600
phc2sys[5375278.400]: CLOCK_REALTIME phc offset       -15 s2 freq  -37046 delay    540
ptp4l[5375279.000]: master offset          2 s2 freq  -38598 path delay       600
phc2sys[5375279.400]: CLOCK_REALTIME phc offset         8 s2 freq  -37045 delay    541
ptp4l[5375280.000]: master offset         10 s2 freq  -38598 path delay       600
phc2sys[5375280.400]: CLOCK_REALTIME phc offset        11 s2 freq  -37044 delay    542
ptp4l[5375281.000]: master offset          5 s2 freq  -38598 path delay       600
phc2sys[5375281.400]: CLOCK_REALTIME phc offset        30 s2 freq  -37043 delay    543
ptp4l[5375282.000]: master offset          2 s2 freq  -38598 path delay       600
phc2sys[5375282.400]: CLOCK_REALTIME phc offset        -6 s2 freq  -37042 delay    544
ptp4l[5375283.000]: master offset          6 s2 freq  -38598 path delay       600
phc2sys[5375283.400]: CLOCK_REALTIME phc offset        27 s2 freq  -37046 delay    545
ptp4l[5375284.000]: master offset          3 s2 freq  -38598 path delay       600
phc2sys[5375284.400]: CLOCK_REALTIME phc offset         7 s2 freq  -37045 delay    546
ptp4l[5375285.000]: master offset        -13 s2 freq  -38598 path delay       616
phc2sys[5375285.400]: CLOCK_REALTIME phc offset        -3 s2 freq  -37044 delay    540
ptp4l[5375286.000]: master offset          6 s2 freq  -38598 path delay       600
phc2sys[5375286.400]: CLOCK_REALTIME phc offset         2 s2 freq  -37043 delay    541
ptp4l[5375287.000]: master offset         15 s2 freq  -38598 path delay       600
phc2sys[5375287.400]: CLOCK_REALTIME phc offset         5 s2 freq  -37042 delay    542
ptp4l[5375288.000]: master offset         -3 s2 freq  -38598 path delay       601
phc2sys[5375288.400]: CLOCK_REALTIME phc offset       -11 s2 freq  -37046 delay    543
ptp4l[5375289.000]: master offset          9 s2 freq  -38598 path delay       600
phc2sys[5375289.400]: CLOCK_REALTIME phc offset        -7 s2 freq  -37045 delay    544
ptp4l[5375290.000]: master offset          9 s2 freq  -38598 path delay       600
phc2sys[5375290.400]: CLOCK_REALTIME phc offset        -1 s2 freq  -37044 delay    545
ptp4l[5375291.000]: master offset        -16 s2 freq  -38598 path delay       629
phc2sys[5375291.400]: CLOCK_REALTIME phc offset       -21 s2 freq  -37043 delay    546
ptp4l[5375292.000]: master offset          6 s2 freq  -38598 path delay       600
phc2sys[5375292.400]: CLOCK_REALTIME phc offset        17 s2 freq  -37042 delay    540
ptp4l[5375293.000]: master offset         16 s2 freq  -38598 path delay       600
phc2sys[5375293.400]: CLOCK_REALTIME phc offset        -8 s2 freq  -37046 delay    541
ptp4l[5375294.000]: master offset          6 s2 freq  -38599 path delay       600
phc2sys[5375294.400]: CLOCK_REALTIME phc offset        13 s2 freq  -37045 delay    542
ptp4l[5375295.000]: master offset          4 s2 freq  -38599 path delay       607
phc2sys[5375295.400]: CLOCK_REALTIME phc offset        16 s2 freq  -37044 delay    543
ptp4l[5375296.000]: master offset        -31 s2 freq  -38599 path delay       632
phc2sys[5375296.400]: CLOCK_REALTIME phc offset        -5 s2 freq  -37043 delay    544
ptp4l[5375297.000]: master offset         -3 s2 freq  -38599 path delay       600
phc2sys[5375297.400]: CLOCK_REALTIME phc offset       -17 s2 freq  -37042 delay    545
ptp4l[5375298.000]: master offset          6 s2 freq  -38599 path delay       600
phc2sys[5375298.400]: CLOCK_REALTIME phc offset       -18 s2 freq  -37046 delay    546
ptp4l[5375299.000]: master offset         -4 s2 freq  -38599 path delay       609
phc2sys[5375299.400]: CLOCK_REALTIME phc offset       -14 s2 freq  -37045 delay    540
ptp4l[5375300.000]: master offset         20 s2 freq  -38599 path delay       607
phc2sys[5375300.400]: CLOCK_REALTIME phc offset       -19 s2 freq  -37044 delay    541
ptp4l[5375301.000]: master offset         13 s2 freq  -38599 path delay       600
phc2sys[5375301.400]: CLOCK_REALTIME phc offset        11 s2 freq  -37043 delay    542
ptp4l[5375302.000]: master offset          0 s2 freq  -38599 path delay       600
phc2sys[5375302.400]: CLOCK_REALTIME phc offset       -17 s2 freq  -37042 delay    543
ptp4l[5375303.000]: master offset          5 s2 freq  -38599 path delay       600
phc2sys[5375303.400]: CLOCK_REALTIME phc offset         1 s2 freq  -37046 delay    544
ptp4l[5375304.000]: master offset         22 s2 freq  -38599 path delay       600
phc2sys[5375304.400]: CLOCK_REALTIME phc offset         1 s2 freq  -37045 delay    545
ptp4l[5375305.000]: master offset        -24 s2 freq  -38599 path delay       623
phc2sys[5375305.400]: CLOCK_REALTIME phc offset        25 s2 freq  -37044 delay    546
ptp4l[5375306.000]: master offset         12 s2 freq  -38599 path delay       600
phc2sys[5375306.400]: CLOCK_REALTIME phc offset        16 s2 freq  -37043 delay    540
ptp4l[5375307.000]: master offset          9 s2 freq  -38599 path delay       600
phc2sys[5375307.400]: CLOCK_REALTIME phc offset         4 s2 freq  -37042 delay    541
ptp4l[5375308.000]: master offset          8 s2 freq  -38599 path delay       600
phc2sys[5375308.400]: CLOCK_REALTIME phc offset        -1 s2 freq  -37046 delay    542
ptp4l[5375309.000]: master offset          7 s2 freq  -38599 path delay       600
phc2sys[5375309.400]: CLOCK_REALTIME phc offset        -5 s2 freq  -37045 delay    543
ptp4l[5375310.000]: master offset          6 s2 freq  -38599 path delay       600
phc2sys[5375310.400]: CLOCK_REALTIME phc offset        13 s2 freq  -37044 delay    544
ptp4l[5375311.000]: master offset          6 s2 freq  -38599 path delay       600
phc2sys[5375311.400]: CLOCK_REALTIME phc offset       -22 s2 freq  -37043 delay    545
ptp4l[5375312.000]: master offset         13 s2 freq  -38599 path delay       600
phc2sys[5375312.400]: CLOCK_REALTIME phc offset        -1 s2 freq  -37042 delay    546
ptp4l[5375313.000]: master offset          6 s2 freq  -38599 path delay       600
phc2sys[5375313.400]: CLOCK_REALTIME phc offset         2 s2 freq  -37046 delay    540
ptp4l[5375314.000]: master offset          5 s2 freq  -38599 path delay       600
phc2sys[5375314.400]: CLOCK_REALTIME phc offset       -16 s2 freq  -37045 delay    541
ptp4l[5375315.000]: master offset         -2 s2 freq  -38599 path delay       600
phc2sys[5375315.400]: CLOCK_REALTIME phc offset        11 s2 freq  -37044 delay    542
ptp4l[5375316.000]: master offset        -27 s2 freq  -38599 path delay       649
phc2sys[5375316.400]: CLOCK_REALTIME phc offset       -18 s2 freq  -37043 delay    543
ptp4l[5375317.000]: master offset         11 s2 freq  -38599 path delay       600
phc2sys[5375317.400]: CLOCK_REALTIME phc offset        18 s2 freq  -37042 delay    544
ptp4l[5375318.000]: master offset        -15 s2 freq  -38600 path delay       658
phc2sys[5375318.400]: CLOCK_REALTIME phc offset        -5 s2 freq  -37046 delay    545
ptp4l[5375319.000]: master offset         16 s2 freq  -38600 path delay       600
phc2sys[5375319.400]: CLOCK_REALTIME phc offset         6 s2 freq  -37045 delay    546
ptp4l[5375320.000]: master offset        -44 s2 freq  -38600 path delay       650
phc2sys[5375320.400]: CLOCK_REALTIME phc offset        -2 s2 freq  -37044 delay    540
ptp4l[5375321.000]: master offset          8 s2 freq  -38600 path delay       600
phc2sys[5375321.400]: CLOCK_REALTIME phc offset        10 s2 freq  -37043 delay    541
ptp4l[5375322.000]: master offset         -3 s2 freq  -38600 path delay       604
phc2sys[5375322.400]: CLOCK_REALTIME phc offset        13 s2 freq  -37042 delay    542
ptp4l[5375323.000]: master offset          1 s2 freq  -38600 path delay       600
phc2sys[5375323.400]: CLOCK_REALTIME phc offset       -27 s2 freq  -37046 delay    543
ptp4l[5375324.000]: master offset          0 s2 freq  -38600 path delay       613
phc2sys[5375324.400]: CLOCK_REALTIME phc offset       -11 s2 freq  -37045 delay    544
ptp4l[5375325.000]: master offset          8 s2 freq  -38600 path delay       600
phc2sys[5375325.400]: CLOCK_REALTIME phc offset       -19 s2 freq  -37044 delay    545
ptp4l[5375326.000]: master offset          8 s2 freq  -38600 path delay       616
phc2sys[5375326.400]: CLOCK_REALTIME phc offset         0 s2 freq  -37043 delay    546
ptp4l[5375327.000]: master offset          8 s2 freq  -38600 path delay       600
phc2sys[5375327.400]: CLOCK_REALTIME phc offset         1 s2 freq  -37042 delay    540
ptp4l[5375328.000]: master offset          7 s2 freq  -38600 path delay       600
phc2sys[5375328.400]: CLOCK_REALTIME phc offset        -5 s2 freq  -37046 delay    541
ptp4l[5375329.000]: master offset          6 s2 freq  -38600 path delay       600
phc2sys[5375329.400]: CLOCK_REALTIME phc offset       -11 s2 freq  -37045 delay    542
ptp4l[5375330.000]: master offset         10 s2 freq  -38600 path delay       600
phc2sys[5375330.400]: CLOCK_REALTIME phc offset       -10 s2 freq  -37044 delay    543
ptp4l[5375331.000]: master offset         95 s2 freq  -38600 path delay       685
phc2sys[5375331.400]: CLOCK_REALTIME phc offset         4 s2 freq  -37043 delay    544
ptp4l[5375332.000]: master offset        -48 s2 freq  -38600 path delay       676
phc2sys[5375332.400]: CLOCK_REALTIME phc offset         2 s2 freq  -37042 delay    545
ptp4l[5375333.000]: master offset          6 s2 freq  -38600 path delay       600
phc2sys[5375333.400]: CLOCK_REALTIME phc offset        24 s2 freq  -37046 delay    546
ptp4l[5375334.000]: master offset         13 s2 freq  -38600 path delay       600
phc2sys[5375334.400]: CLOCK_REALTIME phc offset        -2 s2 freq  -37045 delay    540
ptp4l[5375335.000]: master offset          3 s2 freq  -38600 path delay       600
phc2sys[5375335.400]: CLOCK_REALTIME phc offset         7 s2 freq  -37044 delay    541
ptp4l[5375336.000]: master offset         10 s2 freq  -38600 path delay       600
phc2sys[5375336.400]: CLOCK_REALTIME phc offset         7 s2 freq  -37043 delay    542
ptp4l[5375337.000]: master offset         13 s2 freq  -38600 path delay       600
phc2sys[5375337.400]: CLOCK_REALTIME phc offset       -13 s2 freq  -37042 delay    543
ptp4l[5375338.000]: master offset          7 s2 freq  -38601 path delay       608
phc2sys[5375338.400]: CLOCK_REALTIME phc offset        -2 s2 freq  -37046 delay    544
ptp4l[5375339.000]: master offset          2 s2 freq  -38601 path delay       600
phc2sys[5375339.400]: CLOCK_REALTIME phc offset        -2 s2 freq  -37045 delay    545
ptp4l[5375340.000]: master offset         -4 s2 freq  -38601 path delay       604
phc2sys[5375340.400]: CLOCK_REALTIME phc offset       -22 s2 freq  -37044 delay    546
ptp4l[5375341.000]: master offset         35 s2 freq  -38601 path delay       620
phc2sys[5375341.400]: CLOCK_REALTIME phc offset         5 s2 freq  -37043 delay    540
ptp4l[5375342.000]: master offset         16 s2 freq  -38601 path delay       615
phc2sys[5375342.400]: CLOCK_REALTIME phc offset       -14 s2 freq  -37042 delay    541
ptp4l[5375343.000]: master offset          5 s2 freq  -38601 path delay       600
phc2sys[5375343.400]: CLOCK_REALTIME phc offset        14 s2 freq  -37046 delay    542
ptp4l[5375344.000]: master offset         10 s2 freq  -38601 path delay       600
phc2sys[5375344.400]: CLOCK_REALTIME phc offset         5 s2 freq  -37045 delay    543
ptp4l[5375345.000]: master offset          1 s2 freq  -38601 path delay       600
phc2sys[5375345.400]: CLOCK_REALTIME phc offset       -13 s2 freq  -37044 delay    544
ptp4l[5375346.000]: master offset         40 s2 freq  -38601 path delay       629
phc2sys[5375346.400]: CLOCK_REALTIME phc offset        -6 s2 freq  -37043 delay    545
ptp4l[5375347.000]: master offset          5 s2 freq  -38601 path delay       600
phc2sys[5375347.400]: CLOCK_REALTIME phc offset         0 s2 freq  -37042 delay    546
ptp4l[5375348.000]: master offset          9 s2 freq  -38601 path delay       600
phc2sys[5375348.400]: CLOCK_REALTIME phc offset         4 s2 freq  -37046 delay    540
ptp4l[5375349.000]: master offset         -5 s2 freq  -38601 path delay       600
phc2sys[5375349.400]: CLOCK_REALTIME phc offset        -9 s2 freq  -37045 delay    541
ptp4l[5375350.000]: master offset          4 s2 freq  -38601 path delay       600
phc2sys[5375350.400]: CLOCK_REALTIME phc offset       -18 s2 freq  -37044 delay    542
ptp4l[5375351.000]: master offset          5 s2 freq  -38601 path delay       600
phc2sys[5375351.400]: CLOCK_REALTIME phc offset         5 s2 freq  -37043 delay    543
ptp4l[5375352.000]: master offset          8 s2 freq  -38601 path delay       604
phc2sys[5375352.400]: CLOCK_REALTIME phc offset        -6 s2 freq  -37042 delay    544
ptp4l[5375353.000]: master offset          7 s2 freq  -38601 path delay       600
phc2sys[5375353.400]: CLOCK_REALTIME phc offset       -10 s2 freq  -37046 delay    545
ptp4l[5375354.000]: master offset          9 s2 freq  -38601 path delay       600
phc2sys[5375354.400]: CLOCK_REALTIME phc offset        10 s2 freq  -37045 delay    546
ptp4l[5375355.000]: master offset         17 s2 freq  -38601 path delay       600
phc2sys[5375355.400]: CLOCK_REALTIME phc offset         0 s2 freq  -37044 delay    540
ptp4l[5375356.000]: master offset         -4 s2 freq  -38601 path delay       600
phc2sys[5375356.400]: CLOCK_REALTIME phc offset        -7 s2 freq  -37043 delay    541
ptp4l[5375357.000]: master offset          8 s2 freq  -38601 path delay       600
phc2sys[5375357.400]: CLOCK_REALTIME phc offset        13 s2 freq  -37042 delay    542
ptp4l[5375358.000]: master offset          2 s2 freq  -38602 path delay       600
phc2sys[5375358.400]: CLOCK_REALTIME phc offset        20 s2 freq  -37046 delay    543
ptp4l[5375359.000]: master offset          5 s2 freq  -38602 path delay       601
phc2sys[5375359.400]: CLOCK_REALTIME phc offset        11 s2 freq  -37045 delay    544
ptp4l[5375360.000]: master offset        -40 s2 freq  -38602 path delay       637
phc2sys[5375360.400]: CLOCK_REALTIME phc offset        10 s2 freq  -37044 delay    545
ptp4l[5375361.000]: master offset          2 s2 freq  -38602 path delay       600
phc2sys[5375361.400]: CLOCK_REALTIME phc offset       -12 s2 freq  -37043 delay    546
ptp4l[5375362.000]: master offset          9 s2 freq  -38602 path delay       600
phc2sys[5375362.400]: CLOCK_REALTIME phc offset         1 s2 freq  -37042 delay    540
ptp4l[5375363.000]: master offset          6 s2 freq  -38602 path delay       600
phc2sys[5375363.400]: CLOCK_REALTIME phc offset        17 s2 freq  -37046 delay    541
ptp4l[5375364.000]: master offset        -18 s2 freq  -38602 path delay       616
phc2sys[5375364.400]: CLOCK_REALTIME phc offset         5 s2 freq  -37045 delay    542
ptp4l[5375365.000]: master offset          6 s2 freq  -38602 path delay       600
phc2sys[5375365.400]: CLOCK_REALTIME phc offset        -5 s2 freq  -37044 delay    543
ptp4l[5375366.000]: master offset         -2 s2 freq  -38602 path delay       600
phc2sys[5375366.400]: CLOCK_REALTIME phc offset        18 s2 freq  -37043 delay    544
ptp4l[5375367.000]: master offset          8 s2 freq  -38602 path delay       600
phc2sys[5375367.400]: CLOCK_REALTIME phc offset        -1 s2 freq  -37042 delay    545
ptp4l[5375368.000]: master offset         11 s2 freq  -38602 path delay       600
phc2sys[5375368.400]: CLOCK_REALTIME phc offset        -1 s2 freq  -37046 delay    546
ptp4l[5375369.000]: master offset         11 s2 freq  -38602 path delay       600
phc2sys[5375369.400]: CLOCK_REALTIME phc offset         5 s2 freq  -37045 delay    540
ptp4l[5375370.000]: master offset          2 s2 freq  -38602 path delay       600
phc2sys[5375370.400]: CLOCK_REALTIME phc offset        -2 s2 freq  -37044 delay    541
ptp4l[5375371.000]: master offset         -4 s2 freq  -38602 path delay       600
phc2sys[5375371.400]: CLOCK_REALTIME phc offset       -17 s2 freq  -37043 delay    542
ptp4l[5375372.000]: master offset         13 s2 freq  -38602 path delay       600
phc2sys[5375372.400]: CLOCK_REALTIME phc offset        25 s2 freq  -37042 delay    543
ptp4l[5375373.000]: master offset         91 s2 freq  -38602 path delay       683
phc2sys[5375373.400]: CLOCK_REALTIME phc offset       -16 s2 freq  -37046 delay    544
ptp4l[5375374.000]: master offset         24 s2 freq  -38602 path delay       619
phc2sys[5375374.400]: CLOCK_REALTIME phc offset         1 s2 freq  -37045 delay    545
ptp4l[5375375.000]: master offset          5 s2 freq  -38602 path delay       600
phc2sys[5375375.400]: CLOCK_REALTIME phc offset         0 s2 freq  -37044 delay    546
ptp4l[5375376.000]: master offset         10 s2 freq  -38602 path delay       600
phc2sys[5375376.400]: CLOCK_REALTIME phc offset        -8 s2 freq  -37043 delay    540
ptp4l[5375377.000]: master offset          9 s2 freq  -38602 path delay       600
phc2sys[5375377.400]: CLOCK_REALTIME phc offset        13 s2 freq  -37042 delay    541
ptp4l[5375378.000]: master offset         10 s2 freq  -38602 path delay       600
phc2sys[5375378.400]: CLOCK_REALTIME phc offset        10 s2 freq  -37046 delay    542
ptp4l[5375379.000]: master offset          9 s2 freq  -38602 path delay       600
phc2sys[5375379.400]: CLOCK_REALTIME phc offset        19 s2 freq  -37045 delay    543
ptp4l[5375380.000]: master offset          1 s2 freq  -38602 path delay       600
phc2sys[5375380.400]: CLOCK_REALTIME phc offset        -4 s2 freq  -37044 delay    544
ptp4l[5375381.000]: master offset         -7 s2 freq  -38602 path delay       606
phc2sys[5375381.400]: CLOCK_REALTIME phc offset       -12 s2 freq  -37043 delay    545
ptp4l[5375382.000]: master offset         -1 s2 freq  -38603 path delay       600
phc2sys[5375382.400]: CLOCK_REALTIME phc offset       -20 s2 freq  -37042 delay    546
ptp4l[5375383.000]: master offset          8 s2 freq  -38603 path delay       600
phc2sys[5375383.400]: CLOCK_REALTIME phc offset        -8 s2 freq  -37046 delay    540
ptp4l[5375384.000]: master offset         13 s2 freq  -38603 path delay       600
phc2sys[5375384.400]: CLOCK_REALTIME phc offset       -17 s2 freq  -37045 delay    541
ptp4l[5375385.000]: master offset          6 s2 freq  -38603 path delay       600
phc2sys[5375385.400]: CLOCK_REALTIME phc offset        15 s2 freq  -37044 delay    542
ptp4l[5375386.000]: master offset         13 s2 freq  -38603 path delay       600
phc2sys[5375386.400]: CLOCK_REALTIME phc offset        -1 s2 freq  -37043 delay    543
ptp4l[5375387.000]: master offset          7 s2 freq  -38603 path delay       600
phc2sys[5375387.400]: CLOCK_REALTIME phc offset        -6 s2 freq  -37042 delay    544
ptp4l[5375388.000]: master offset          4 s2 freq  -38603 path delay       600
phc2sys[5375388.400]: CLOCK_REALTIME phc offset         9 s2 freq  -37046 delay    545
ptp4l[5375389.000]: master offset          5 s2 freq  -38603 path delay       600
phc2sys[5375389.400]: CLOCK_REALTIME phc offset         2 s2 freq  -37045 delay    546
ptp4l[5375390.000]: master offset          7 s2 freq  -38603 path delay       604
phc2sys[5375390.400]: CLOCK_REALTIME phc offset        -3 s2 freq  -37044 delay    540
ptp4l[5375391.000]: master offset         23 s2 freq  -38603 path delay       603
phc2sys[5375391.400]: CLOCK_REALTIME phc offset        -2 s2 freq  -37043 delay    541
ptp4l[5375392.000]: master offset         11 s2 freq  -38603 path delay       600
phc2sys[5375392.400]: CLOCK_REALTIME phc offset       -13 s2 freq  -37042 delay    542
ptp4l[5375393.000]: master offset         12 s2 freq  -38603 path delay       601
phc2sys[5375393.400]: CLOCK_REALTIME phc offset        -2 s2 freq  -37046 delay    543
ptp4l[5375394.000]: master offset          6 s2 freq  -38603 path delay       600
phc2sys[5375394.400]: CLOCK_REALTIME phc offset        14 s2 freq  -37045 delay    544
ptp4l[5375395.000]: master offset          6 s2 freq  -38603 path delay       600
phc2sys[5375395.400]: CLOCK_REALTIME phc offset       -13 s2 freq  -37044 delay    545
ptp4l[5375396.000]: master offset          4 s2 freq  -38603 path delay       600
phc2sys[5375396.400]: CLOCK_REALTIME phc offset       -12 s2 freq  -37043 delay    546
ptp4l[5375397.000]: master offset          6 s2 freq  -38603 path delay       600
phc2sys[5375397.400]: CLOCK_REALTIME phc offset        -8 s2 freq  -37042 delay    540
ptp4l[5375398.000]: master offset          9 s2 freq  -38603 path delay       600
phc2sys[5375398.400]: CLOCK_REALTIME phc offset         8 s2 freq  -37046 delay    541
ptp4l[5375399.000]: master offset         -9 s2 freq  -38603 path delay       616
phc2sys[5375399.400]: CLOCK_REALTIME phc offset         4 s2 freq  -37045 delay    542
ptp4l[5375400.000]: master offset         33 s2 freq  -38603 path delay       623
phc2sys[5375400.400]: CLOCK_REALTIME phc offset        17 s2 freq  -37044 delay    543
ptp4l[5375401.000]: master offset         24 s2 freq  -38603 path delay       616
phc2sys[5375401.400]: CLOCK_REALTIME phc offset       -14 s2 freq  -37043 delay    544
ptp4l[5375402.000]: master offset         11 s2 freq  -38603 path delay       600
phc2sys[5375402.400]: CLOCK_REALTIME phc offset        16 s2 freq  -37042 delay    545
ptp4l[5375403.000]: master offset          7 s2 freq  -38603 path delay       608
phc2sys[5375403.400]: CLOCK_REALTIME phc offset        11 s2 freq  -37046 delay    546
ptp4l[5375404.000]: master offset         13 s2 freq  -38603 path delay       601
phc2sys[5375404.400]: CLOCK_REALTIME phc offset        24 s2 freq  -37045 delay    540
ptp4l[5375405.000]: master offset         49 s2 freq  -38603 path delay       645
phc2sys[5375405.400]: CLOCK_REALTIME phc offset         1 s2 freq  -37044 delay    541
ptp4l[5375406.000]: master offset          1 s2 freq  -38603 path delay       603
phc2sys[5375406.400]: CLOCK_REALTIME phc offset         4 s2 freq  -37043 delay    542
ptp4l[5375407.000]: master offset          0 s2 freq  -38603 path delay       600
phc2sys[5375407.400]: CLOCK_REALTIME phc offset         6 s2 freq  -37042 delay    543
ptp4l[5375408.000]: master offset         10 s2 freq  -38603 path delay       600
phc2sys[5375408.400]: CLOCK_REALTIME phc offset         9 s2 freq  -37046 delay    544
ptp4l[5375409.000]: master offset         28 s2 freq  -38603 path delay       618
phc2sys[5375409.400]: CLOCK_REALTIME phc offset         6 s2 freq  -37045 delay    545
ptp4l[5375410.000]: master offset          3 s2 freq  -38603 path delay       600
phc2sys[5375410.400]: CLOCK_REALTIME phc offset        -3 s2 freq  -37044 delay    546
ptp4l[5375411.000]: master offset          6 s2 freq  -38603 path delay       600
phc2sys[5375411.400]: CLOCK_REALTIME phc offset        -6 s2 freq  -37043 delay    540
ptp4l[5375412.000]: master offset         -1 s2 freq  -38603 path delay       600
phc2sys[5375412.400]: CLOCK_REALTIME phc offset        -7 s2 freq  -37042 delay    541
ptp4l[5375413.000]: master offset          0 s2 freq  -38603 path delay       600
phc2sys[5375413.400]: CLOCK_REALTIME phc offset        17 s2 freq  -37046 delay    542
ptp4l[5375414.000]: master offset          5 s2 freq  -38603 path delay       600
phc2sys[5375414.400]: CLOCK_REALTIME phc offset         4 s2 freq  -37045 delay    543
ptp4l[5375415.000]: master offset          1 s2 freq  -38603 path delay       600
phc2sys[5375415.400]: CLOCK_REALTIME phc offset        17 s2 freq  -37044 delay    544
ptp4l[5375416.000]: master offset        -26 s2 freq  -38603 path delay       638
phc2sys[5375416.400]: CLOCK_REALTIME phc offset         4 s2 freq  -37043 delay    545
ptp4l[5375417.000]: master offset         24 s2 freq  -38603 path delay       622
phc2sys[5375417.400]: CLOCK_REALTIME phc offset        -5 s2 freq  -37042 delay    546
ptp4l[5375418.000]: master offset          9 s2 freq  -38603 path delay       600
phc2sys[5375418.400]: CLOCK_REALTIME phc offset        -4 s2 freq  -37046 delay    540
ptp4l[5375419.000]: master offset          3 s2 freq  -38603 path delay       600
phc2sys[5375419.400]: CLOCK_REALTIME phc offset         0 s2 freq  -37045 delay    541
ptp4l[5375420.000]: master offset          5 s2 freq  -38603 path delay       600
phc2sys[5375420.400]: CLOCK_REALTIME phc offset       -18 s2 freq  -37044 delay    542
ptp4l[5375421.000]: master offset         12 s2 freq  -38603 path delay       600
phc2sys[5375421.400]: CLOCK_REALTIME phc offset         1 s2 freq  -37043 delay    543
ptp4l[5375422.000]: master offset          4 s2 freq  -38603 path delay       600
phc2sys[5375422.400]: CLOCK_REALTIME phc offset        25 s2 freq  -37042 delay    544
ptp4l[5375423.000]: master offset          7 s2 freq  -38603 path delay       600
phc2sys[5375423.400]: CLOCK_REALTIME phc offset       -16 s2 freq  -37046 delay    545
ptp4l[5375424.000]: master offset          6 s2 freq  -38603 path delay       600
phc2sys[5375424.400]: CLOCK_REALTIME phc offset         9 s2 freq  -37045 delay    546
ptp4l[5375425.000]: master offset          6 s2 freq  -38603 path delay       600
phc2sys[5375425.400]: CLOCK_REALTIME phc offset         3 s2 freq  -37044 delay    540
ptp4l[5375426.000]: master offset         -2 s2 freq  -38603 path delay       600
phc2sys[5375426.400]: CLOCK_REALTIME phc offset        21 s2 freq  -37043 delay    541
ptp4l[5375427.000]: master offset         14 s2 freq  -38603 path delay       600
phc2sys[5375427.400]: CLOCK_REALTIME phc offset        -9 s2 freq  -37042 delay    542
ptp4l[5375428.000]: master offset         -8 s2 freq  -38603 path delay       616
phc2sys[5375428.400]: CLOCK_REALTIME phc offset         5 s2 freq  -37046 delay    543
ptp4l[5375429.000]: master offset          3 s2 freq  -38603 path delay       600
phc2sys[5375429.400]: CLOCK_REALTIME phc offset        -3 s2 freq  -37045 delay    544
ptp4l[5375430.000]: master offset          3 s2 freq  -38603 path delay       600
phc2sys[5375430.400]: CLOCK_REALTIME phc offset       -22 s2 freq  -37044 delay    545
ptp4l[5375431.000]: master offset        -33 s2 freq  -38603 path delay       636
phc2sys[5375431.400]: CLOCK_REALTIME phc offset       -12 s2 freq  -37043 delay    546
ptp4l[5375432.000]: master offset          9 s2 freq  -38603 path delay       600
phc2sys[5375432.400]: CLOCK_REALTIME phc offset        12 s2 freq  -37042 delay    540
ptp4l[5375433.000]: master offset         11 s2 freq  -38603 path delay       600
phc2sys[5375433.400]: CLOCK_REALTIME phc offset        19 s2 freq  -37046 delay    541
ptp4l[5375434.000]: master offset         15 s2 freq  -38603 path delay       600
phc2sys[5375434.400]: CLOCK_REALTIME phc offset        15 s2 freq  -37045 delay    542
ptp4l[5375435.000]: master offset         14 s2 freq  -38603 path delay       600
phc2sys[5375435.400]: CLOCK_REALTIME phc offset         0 s2 freq  -37044 delay    543
ptp4l[5375436.000]: master offset         -6 s2 freq  -38603 path delay       600
phc2sys[5375436.400]: CLOCK_REALTIME phc offset        19 s2 freq  -37043 delay    544
ptp4l[5375437.000]: master offset        -13 s2 freq  -38603 path delay       615
phc2sys[5375437.400]: CLOCK_REALTIME phc offset       -12 s2 freq  -37042 delay    545
ptp4l[5375438.000]: master offset          6 s2 freq  -38603 path delay       600
phc2sys[5375438.400]: CLOCK_REALTIME phc offset        17 s2 freq  -37046 delay    546
ptp4l[5375439.000]: master offset          8 s2 freq  -38603 path delay       600
phc2sys[5375439.400]: CLOCK_REALTIME phc offset       -23 s2 freq  -37045 delay    540
ptp4l[5375440.000]: master offset          5 s2 freq  -38603 path delay       600
phc2sys[5375440.400]: CLOCK_REALTIME phc offset         8 s2 freq  -37044 delay    541
ptp4l[5375441.000]: master offset         16 s2 freq  -38603 path delay       600
phc2sys[5375441.400]: CLOCK_REALTIME phc offset         0 s2 freq  -37043 delay    542
ptp4l[5375442.000]: master offset         17 s2 freq  -38603 path delay       611
phc2sys[5375442.400]: CLOCK_REALTIME phc offset        -8 s2 freq  -37042 delay    543
ptp4l[5375443.000]: master offset         10 s2 freq  -38603 path delay       600
phc2sys[5375443.400]: CLOCK_REALTIME phc offset       -17 s2 freq  -37046 delay    544
ptp4l[5375444.000]: master offset          6 s2 freq  -38603 path delay       600
phc2sys[5375444.400]: CLOCK_REALTIME phc offset         7 s2 freq  -37045 delay    545
ptp4l[5375445.000]: master offset         -1 s2 freq  -38603 path delay       600
phc2sys[5375445.400]: CLOCK_REALTIME phc offset       -12 s2 freq  -37044 delay    546
ptp4l[5375446.000]: master offset         26 s2 freq  -38603 path delay       626
phc2sys[5375446.400]: CLOCK_REALTIME phc offset       -18 s2 freq  -37043 delay    540
ptp4l[5375447.000]: master offset          7 s2 freq  -38603 path delay       600
phc2sys[5375447.400]: CLOCK_REALTIME phc offset       -12 s2 freq  -37042 delay    541
ptp4l[5375448.000]: master offset         10 s2 freq  -38603 path delay       600
phc2sys[5375448.400]: CLOCK_REALTIME phc offset         1 s2 freq  -37046 delay    542
ptp4l[5375449.000]: master offset          0 s2 freq  -38603 path delay       600
phc2sys[5375449.400]: CLOCK_REALTIME phc offset        -6 s2 freq  -37045 delay    543
ptp4l[5375450.000]: master offset         10 s2 freq  -38603 path delay       600
phc2sys[5375450.400]: CLOCK_REALTIME phc offset         5 s2 freq  -37044 delay    544
ptp4l[5375451.000]: master offset          4 s2 freq  -38603 path delay       600
phc2sys[5375451.400]: CLOCK_REALTIME phc offset         6 s2 freq  -37043 delay    545
ptp4l[5375452.000]: master offset          4 s2 freq  -38603 path delay       600
phc2sys[5375452.400]: CLOCK_REALTIME phc offset        -6 s2 freq  -37042 delay    546
ptp4l[5375453.000]: master offset         10 s2 freq  -38603 path delay       600
phc2sys[5375453.400]: CLOCK_REALTIME phc offset       -10 s2 freq  -37046 delay    540
ptp4l[5375454.000]: master offset          2 s2 freq  -38603 path delay       604
phc2sys[5375454.400]: CLOCK_REALTIME phc offset         6 s2 freq  -37045 delay    541
ptp4l[5375455.000]: master offset         19 s2 freq  -38603 path delay       611
phc2sys[5375455.400]: CLOCK_REALTIME phc offset         1 s2 freq  -37044 delay    542
ptp4l[5375456.000]: master offset          9 s2 freq  -38603 path delay       600
phc2sys[5375456.400]: CLOCK_REALTIME phc offset         9 s2 freq  -37043 delay    543
ptp4l[5375457.000]: master offset         22 s2 freq  -38603 path delay       610
phc2sys[5375457.400]: CLOCK_REALTIME phc offset        -4 s2 freq  -37042 delay    544
ptp4l[5375458.000]: master offset         10 s2 freq  -38603 path delay       600
phc2sys[5375458.400]: CLOCK_REALTIME phc offset         5 s2 freq  -37046 delay    545
ptp4l[5375459.000]: master offset         16 s2 freq  -38603 path delay       600
phc2sys[5375459.400]: CLOCK_REALTIME phc offset         0 s2 freq  -37045 delay    546
ptp4l[5375460.000]: master offset          4 s2 freq  -38603 path delay       600
phc2sys[5375460.400]: CLOCK_REALTIME phc offset        20 s2 freq  -37044 delay    540
ptp4l[5375461.000]: master offset         -5 s2 freq  -38603 path delay       610
phc2sys[5375461.400]: CLOCK_REALTIME phc offset        16 s2 freq  -37043 delay    541
ptp4l[5375462.000]: master offset          9 s2 freq  -38603 path delay       600
phc2sys[5375462.400]: CLOCK_REALTIME phc offset        -7 s2 freq  -37042 delay    542
ptp4l[5375463.000]: master offset         27 s2 freq  -38603 path delay       608
phc2sys[5375463.400]: CLOCK_REALTIME phc offset        -7 s2 freq  -37046 delay    543
ptp4l[5375464.000]: master offset         17 s2 freq  -38603 path delay       616
phc2sys[5375464.400]: CLOCK_REALTIME phc offset         0 s2 freq  -37045 delay    544
ptp4l[5375465.000]: master offset        -18 s2 freq  -38603 path delay       618
phc2sys[5375465.400]: CLOCK_REALTIME phc offset       -11 s2 freq  -37044 delay    545
ptp4l[5375466.000]: master offset          3 s2 freq  -38603 path delay       600
phc2sys[5375466.400]: CLOCK_REALTIME phc offset       -11 s2 freq  -37043 delay    546
ptp4l[5375467.000]: master offset         14 s2 freq  -38603 path delay       600
phc2sys[5375467.400]: CLOCK_REALTIME phc offset        27 s2 freq  -37042 delay    540
ptp4l[5375468.000]: master offset        -10 s2 freq  -38603 path delay       623
phc2sys[5375468.400]: CLOCK_REALTIME phc offset       -30 s2 freq  -37046 delay    541
ptp4l[5375469.000]: master offset         -1 s2 freq  -38603 path delay       600
phc2sys[5375469.400]: CLOCK_REALTIME phc offset        -1 s2 freq  -37045 delay    542
ptp4l[5375470.000]: master offset         10 s2 freq  -38603 path delay       600
phc2sys[5375470.400]: CLOCK_REALTIME phc offset        -1 s2 freq  -37044 delay    543
ptp4l[5375471.000]: master offset          5 s2 freq  -38603 path delay       600
phc2sys[5375471.400]: CLOCK_REALTIME phc offset        -2 s2 freq  -37043 delay    544
ptp4l[5375472.000]: master offset         10 s2 freq  -38603 path delay       600
phc2sys[5375472.400]: CLOCK_REALTIME phc offset        -9 s2 freq  -37042 delay    545
ptp4l[5375473.000]: master offset         -4 s2 freq  -38603 path delay       600
phc2sys[5375473.400]: CLOCK_REALTIME phc offset         5 s2 freq  -37046 delay    546
ptp4l[5375474.000]: master offset          6 s2 freq  -38603 path delay       600
phc2sys[5375474.400]: CLOCK_REALTIME phc offset         3 s2 freq  -37045 delay    540
ptp4l[5375475.000]: master offset          5 s2 freq  -38603 path delay       600
phc2sys[5375475.400]: CLOCK_REALTIME phc offset        12 s2 freq  -37044 delay    541
ptp4l[5375476.000]: master offset         -4 s2 freq  -38603 path delay       646
phc2sys[5375476.400]: CLOCK_REALTIME phc offset       -21 s2 freq  -37043 delay    542
ptp4l[5375477.000]: master offset          1 s2 freq  -38603 path delay       600
phc2sys[5375477.400]: CLOCK_REALTIME phc offset         0 s2 freq  -37042 delay    543
ptp4l[5375478.000]: master offset          4 s2 freq  -38603 path delay       600
phc2sys[5375478.400]: CLOCK_REALTIME phc offset        -7 s2 freq  -37046 delay    544
ptp4l[5375479.000]: master offset          8 s2 freq  -38603 path delay       600
phc2sys[5375479.400]: CLOCK_REALTIME phc offset         0 s2 freq  -37045 delay    545
ptp4l[5375480.000]: master offset          1 s2 freq  -38603 path delay       600
phc2sys[5375480.400]: CLOCK_REALTIME phc offset         6 s2 freq  -37044 delay    546
ptp4l[5375481.000]: master offset          6 s2 freq  -38603 path delay       600
phc2sys[5375481.400]: CLOCK_REALTIME phc offset         8 s2 freq  -37043 delay    540
ptp4l[5375482.000]: master offset         55 s2 freq  -38603 path delay       653
phc2sys[5375482.400]: CLOCK_REALTIME phc offset        -2 s2 freq  -37042 delay    541
ptp4l[5375483.000]: master offset          2 s2 freq  -38602 path delay       600
phc2sys[5375483.400]: CLOCK_REALTIME phc offset         3 s2 freq  -37046 delay    542
ptp4l[5375484.000]: master offset          3 s2 freq  -38602 path delay       600
phc2sys[5375484.400]: CLOCK_REALTIME phc offset        -2 s2 freq  -37045 delay    543
ptp4l[5375485.000]: master offset         22 s2 freq  -38602 path delay       608
phc2sys[5375485.400]: CLOCK_REALTIME phc offset        12 s2 freq  -37044 delay    544
ptp4l[5375486.000]: master offset         -2 s2 freq  -38602 path delay       600
phc2sys[5375486.400]: CLOCK_REALTIME phc offset        10 s2 freq  -37043 delay    545
ptp4l[5375487.000]: master offset          6 s2 freq  -38602 path delay       600
phc2sys[5375487.400]: CLOCK_REALTIME phc offset        -1 s2 freq  -37042 delay    546
ptp4l[5375488.000]: master offset         12 s2 freq  -38602 path delay       600
phc2sys[5375488.400]: CLOCK_REALTIME phc offset        10 s2 freq  -37046 delay    540
ptp4l[5375489.000]: master offset         41 s2 freq  -38602 path delay       641
phc2sys[5375489.400]: CLOCK_REALTIME phc offset       -20 s2 freq  -37045 delay    541
ptp4l[5375490.000]: master offset          7 s2 freq  -38602 path delay       600
phc2sys[5375490.400]: CLOCK_REALTIME phc offset        27 s2 freq  -37044 delay    542
ptp4l[5375491.000]: master offset         13 s2 freq  -38602 path delay       600
phc2sys[5375491.400]: CLOCK_REALTIME phc offset         3 s2 freq  -37043 delay    543
ptp4l[5375492.000]: master offset        -11 s2 freq  -38602 path delay       609
phc2sys[5375492.400]: CLOCK_REALTIME phc offset        21 s2 freq  -37042 delay    544
ptp4l[5375493.000]: master offset          1 s2 freq  -38602 path delay       600
phc2sys[5375493.400]: CLOCK_REALTIME phc offset         1 s2 freq  -37046 delay    545
ptp4l[5375494.000]: master offset          5 s2 freq  -38602 path delay       600
phc2sys[5375494.400]: CLOCK_REALTIME phc offset        10 s2 freq  -37045 delay    546
ptp4l[5375495.000]: master offset          8 s2 freq  -38602 path delay       600
phc2sys[5375495.400]: CLOCK_REALTIME phc offset        -6 s2 freq  -37044 delay    540
ptp4l[5375496.000]: master offset          2 s2 freq  -38602 path delay       600
phc2sys[5375496.400]: CLOCK_REALTIME phc offset        11 s2 freq  -37043 delay    541
ptp4l[5375497.000]: master offset         10 s2 freq  -38602 path delay       600
phc2sys[5375497.400]: CLOCK_REALTIME phc offset       -19 s2 freq  -37042 delay    542
ptp4l[5375498.000]: master offset         -1 s2 freq  -38602 path delay       600
phc2sys[5375498.400]: CLOCK_REALTIME phc offset       -11 s2 freq  -37046 delay    543
ptp4l[5375499.000]: master offset         -3 s2 freq  -38602 path delay       600
phc2sys[5375499.400]: CLOCK_REALTIME phc offset        29 s2 freq  -37045 delay    544
ptp4l[5375500.000]: master offset          3 s2 freq  -38602 path delay       600
phc2sys[5375500.400]: CLOCK_REALTIME phc offset       -11 s2 freq  -37044 delay    545
ptp4l[5375501.000]: master offset          3 s2 freq  -38602 path delay       600
phc2sys[5375501.400]: CLOCK_REALTIME phc offset        -1 s2 freq  -37043 delay    546
ptp4l[5375502.000]: master offset          1 s2 freq  -38602 path delay       600
phc2sys[5375502.400]: CLOCK_REALTIME phc offset       -25 s2 freq  -37042 delay    540
ptp4l[5375503.000]: master offset          1 s2 freq  -38602 path delay       600
phc2sys[5375503.400]: CLOCK_REALTIME phc offset        27 s2 freq  -37046 delay    541
ptp4l[5375504.000]: master offset         11 s2 freq  -38602 path delay       600
phc2sys[5375504.400]: CLOCK_REALTIME phc offset         8 s2 freq  -37045 delay    542
ptp4l[5375505.000]: master offset         10 s2 freq  -38602 path delay       600
phc2sys[5375505.400]: CLOCK_REALTIME phc offset         2 s2 freq  -37044 delay    543
ptp4l[5375506.000]: master offset          1 s2 freq  -38601 path delay       600
phc2sys[5375506.400]: CLOCK_REALTIME phc offset         1 s2 freq  -37043 delay    544
ptp4l[5375507.000]: master offset          3 s2 freq  -38601 path delay       600
phc2sys[5375507.400]: CLOCK_REALTIME phc offset        -1 s2 freq  -37042 delay    545
ptp4l[5375508.000]: master offset          7 s2 freq  -38601 path delay       600
phc2sys[5375508.400]: CLOCK_REALTIME phc offset        16 s2 freq  -37046 delay    546
ptp4l[5375509.000]: master offset         -4 s2 freq  -38601 path delay       600
phc2sys[5375509.400]: CLOCK_REALTIME phc offset         5 s2 freq  -37045 delay    540
ptp4l[5375510.000]: master offset         10 s2 freq  -38601 path delay       606
phc2sys[5375510.400]: CLOCK_REALTIME phc offset         3 s2 freq  -37044 delay    541
ptp4l[5375511.000]: master offset         10 s2 freq  -38601 path delay       600
phc2sys[5375511.400]: CLOCK_REALTIME phc offset        14 s2 freq  -37043 delay    542
ptp4l[5375512.000]: master offset          4 s2 freq  -38601 path delay       600
phc2sys[5375512.400]: CLOCK_REALTIME phc offset       -11 s2 freq  -37042 delay    543
ptp4l[5375513.000]: master offset          0 s2 freq  -38601 path delay       605
phc2sys[5375513.400]: CLOCK_REALTIME phc offset        -6 s2 freq  -37046 delay    544
ptp4l[5375514.000]: master offset         10 s2 freq  -38601 path delay       600
phc2sys[5375514.400]: CLOCK_REALTIME phc offset       -12 s2 freq  -37045 delay    545
ptp4l[5375515.000]: master offset          6 s2 freq  -38601 path delay       600
phc2sys[5375515.400]: CLOCK_REALTIME phc offset        17 s2 freq  -37044 delay    546
ptp4l[5375516.000]: master offset          0 s2 freq  -38601 path delay       600
phc2sys[5375516.400]: CLOCK_REALTIME phc offset        10 s2 freq  -37043 delay    540
ptp4l[5375517.000]: master offset         12 s2 freq  -38601 path delay       600
phc2sys[5375517.400]: CLOCK_REALTIME phc offset       -10 s2 freq  -37042 delay    541
ptp4l[5375518.000]: master offset         11 s2 freq  -38601 path delay       600
phc2sys[5375518.400]: CLOCK_REALTIME phc offset         7 s2 freq  -37046 delay    542
ptp4l[5375519.000]: master offset          3 s2 freq  -38601 path delay       600
phc2sys[5375519.400]: CLOCK_REALTIME phc offset         7 s2 freq  -37045 delay    543
ptp4l[5375520.000]: master offset         18 s2 freq  -38601 path delay       614
phc2sys[5375520.400]: CLOCK_REALTIME phc offset         5 s2 freq  -37044 delay    544
ptp4l[5375521.000]: master offset          0 s2 freq  -38601 path delay       603
phc2sys[5375521.400]: CLOCK_REALTIME phc offset         7 s2 freq  -37043 delay    545
ptp4l[5375522.000]: master offset          3 s2 freq  -38601 path delay       600
phc2sys[5375522.400]: CLOCK_REALTIME phc offset         6 s2 freq  -37042 delay    546
ptp4l[5375523.000]: master offset        -15 s2 freq  -38601 path delay       623
phc2sys[5375523.400]: CLOCK_REALTIME phc offset       -16 s2 freq  -37046 delay    540
ptp4l[5375524.000]: master offset          2 s2 freq  -38601 path delay       600
phc2sys[5375524.400]: CLOCK_REALTIME phc offset        15 s2 freq  -37045 delay    541
ptp4l[5375525.000]: master offset          5 s2 freq  -38601 path delay       605
phc2sys[5375525.400]: CLOCK_REALTIME phc offset        13 s2 freq  -37044 delay    542
ptp4l[5375526.000]: master offset         20 s2 freq  -38600 path delay       612
phc2sys[5375526.400]: CLOCK_REALTIME phc offset        13 s2 freq  -37043 delay    543
ptp4l[5375527.000]: master offset        -37 s2 freq  -38600 path delay       635
phc2sys[5375527.400]: CLOCK_REALTIME phc offset        -6 s2 freq  -37042 delay    544
ptp4l[5375528.000]: master offset         13 s2 freq  -38600 path delay       609
phc2sys[5375528.400]: CLOCK_REALTIME phc offset         1 s2 freq  -37046 delay    545
ptp4l[5375529.000]: master offset         11 s2 freq  -38600 path delay       600
phc2sys[5375529.400]: CLOCK_REALTIME phc offset        10 s2 freq  -37045 delay    546
ptp4l[5375530.000]: master offset          2 s2 freq  -38600 path delay       607
phc2sys[5375530.400]: CLOCK_REALTIME phc offset        11 s2 freq  -37044 delay    540
ptp4l[5375531.000]: master offset         10 s2 freq  -38600 path delay       600
phc2sys[5375531.400]: CLOCK_REALTIME phc offset        17 s2 freq  -37043 delay    541
ptp4l[5375532.000]: master offset          5 s2 freq  -38600 path delay       600
phc2sys[5375532.400]: CLOCK_REALTIME phc offset        -4 s2 freq  -37042 delay    542
ptp4l[5375533.000]: master offset          6 s2 freq  -38600 path delay       600
phc2sys[5375533.400]: CLOCK_REALTIME phc offset       -10 s2 freq  -37046 delay    543
ptp4l[5375534.000]: master offset        -44 s2 freq  -38600 path delay       649
phc2sys[5375534.400]: CLOCK_REALTIME phc offset        -2 s2 freq  -37045 delay    544
ptp4l[5375535.000]: master offset          7 s2 freq  -38600 path delay       600
phc2sys[5375535.400]: CLOCK_REALTIME phc offset       -12 s2 freq  -37044 delay    545
ptp4l[5375536.000]: master offset          3 s2 freq  -38600 path delay       600
phc2sys[5375536.400]: CLOCK_REALTIME phc offset       -21 s2 freq  -37043 delay    546
ptp4l[5375537.000]: master offset         -4 s2 freq  -38600 path delay       608
phc2sys[5375537.400]: CLOCK_REALTIME phc offset         0 s2 freq  -37042 delay    540
ptp4l[5375538.000]: master offset          6 s2 freq  -38600 path delay       601
phc2sys[5375538.400]: CLOCK_REALTIME phc offset       -16 s2 freq  -37046 delay    541
ptp4l[5375539.000]: master offset         10 s2 freq  -38600 path delay       600
phc2sys[5375539.400]: CLOCK_REALTIME phc offset         9 s2 freq  -37045 delay    542
ptp4l[5375540.000]: master offset          1 s2 freq  -38600 path delay       608
phc2sys[5375540.400]: CLOCK_REALTIME phc offset         9 s2 freq  -37044 delay    543
ptp4l[5375541.000]: master offset          4 s2 freq  -38600 path delay       600
phc2sys[5375541.400]: CLOCK_REALTIME phc offset        -6 s2 freq  -37043 delay    544
ptp4l[5375542.000]: master offset         -3 s2 freq  -38600 path delay       600
phc2sys[5375542.400]: CLOCK_REALTIME phc offset         4 s2 freq  -37042 delay    545
ptp4l[5375543.000]: master offset         27 s2 freq  -38600 path delay       617
phc2sys[5375543.400]: CLOCK_REALTIME phc offset       -11 s2 freq  -37046 delay    546
ptp4l[5375544.000]: master offset          2 s2 freq  -38600 path delay       600
phc2sys[5375544.400]: CLOCK_REALTIME phc offset       -10 s2 freq  -37045 delay    540
ptp4l[5375545.000]: master offset         13 s2 freq  -38600 path delay       600
phc2sys[5375545.400]: CLOCK_REALTIME phc offset         1 s2 freq  -37044 delay    541
ptp4l[5375546.000]: master offset         -6 s2 freq  -38600 path delay       603
phc2sys[5375546.400]: CLOCK_REALTIME phc offset        21 s2 freq  -37043 delay    542
ptp4l[5375547.000]: master offset          2 s2 freq  -38599 path delay       600
phc2sys[5375547.400]: CLOCK_REALTIME phc offset       -16 s2 freq  -37042 delay    543
ptp4l[5375548.000]: master offset         22 s2 freq  -38599 path delay       615
phc2sys[5375548.400]: CLOCK_REALTIME phc offset       -14 s2 freq  -37046 delay    544
ptp4l[5375549.000]: master offset          6 s2 freq  -38599 path delay       600
phc2sys[5375549.400]: CLOCK_REALTIME phc offset         9 s2 freq  -37045 delay    545
ptp4l[5375550.000]: master offset         -5 s2 freq  -38599 path delay       600
phc2sys[5375550.400]: CLOCK_REALTIME phc offset        -2 s2 freq  -37044 delay    546
ptp4l[5375551.000]: master offset         46 s2 freq  -38599 path delay       639
phc2sys[5375551.400]: CLOCK_REALTIME phc offset        -4 s2 freq  -37043 delay    540
ptp4l[5375552.000]: master offset          8 s2 freq  -38599 path delay       603
phc2sys[5375552.400]: CLOCK_REALTIME phc offset        16 s2 freq  -37042 delay    541
ptp4l[5375553.000]: master offset          6 s2 freq  -38599 path delay       601
phc2sys[5375553.400]: CLOCK_REALTIME phc offset       -17 s2 freq  -37046 delay    542
ptp4l[5375554.000]: master offset         32 s2 freq  -38599 path delay       627
phc2sys[5375554.400]: CLOCK_REALTIME phc offset        24 s2 freq  -37045 delay    543
ptp4l[5375555.000]: master offset          5 s2 freq  -38599 path delay       600
phc2sys[5375555.400]: CLOCK_REALTIME phc offset         9 s2 freq  -37044 delay    544
ptp4l[5375556.000]: master offset         -3 s2 freq  -38599 path delay       601
phc2sys[5375556.400]: CLOCK_REALTIME phc offset         5 s2 freq  -37043 delay    545
ptp4l[5375557.000]: master offset          8 s2 freq  -38599 path delay       600
phc2sys[5375557.400]: CLOCK_REALTIME phc offset         1 s2 freq  -37042 delay    546
ptp4l[5375558.000]: master offset         -7 s2 freq  -38599 path delay       613
phc2sys[5375558.400]: CLOCK_REALTIME phc offset         6 s2 freq  -37046 delay    540
ptp4l[5375559.000]: master offset          6 s2 freq  -38599 path delay       600
phc2sys[5375559.400]: CLOCK_REALTIME phc offset       -10 s2 freq  -37045 delay    541
ptp4l[5375560.000]: master offset         19 s2 freq  -38599 path delay       613
phc2sys[5375560.400]: CLOCK_REALTIME phc offset        -7 s2 freq  -37044 delay    542
ptp4l[5375561.000]: master offset         17 s2 freq  -38599 path delay       609
phc2sys[5375561.400]: CLOCK_REALTIME phc offset       -19 s2 freq  -37043 delay    543
ptp4l[5375562.000]: master offset         -3 s2 freq  -38599 path delay       612
phc2sys[5375562.400]: CLOCK_REALTIME phc offset       -12 s2 freq  -37042 delay    544
ptp4l[5375563.000]: master offset          2 s2 freq  -38599 path delay       600
phc2sys[5375563.400]: CLOCK_REALTIME phc offset        14 s2 freq  -37046 delay    545
ptp4l[5375564.000]: master offset          1 s2 freq  -38599 path delay       600
phc2sys[5375564.400]: CLOCK_REALTIME phc offset        -4 s2 freq  -37045 delay    546
ptp4l[5375565.000]: master offset          5 s2 freq  -38599 path delay       600
phc2sys[5375565.400]: CLOCK_REALTIME phc offset        -1 s2 freq  -37044 delay    540
ptp4l[5375566.000]: master offset          2 s2 freq  -38599 path delay       600
phc2sys[5375566.400]: CLOCK_REALTIME phc offset        -6 s2 freq  -37043 delay    541
ptp4l[5375567.000]: master offset         -2 s2 freq  -38599 path delay       600
phc2sys[5375567.400]: CLOCK_REALTIME phc offset         5 s2 freq  -37042 delay    542
ptp4l[5375568.000]: master offset          6 s2 freq  -38599 path delay       600
phc2sys[5375568.400]: CLOCK_REALTIME phc offset       -10 s2 freq  -37046 delay    543
ptp4l[5375569.000]: master offset        -39 s2 freq  -38599 path delay       641
phc2sys[5375569.400]: CLOCK_REALTIME phc offset         7 s2 freq  -37045 delay    544
ptp4l[5375570.000]: master offset         -8 s2 freq  -38598 path delay       612
phc2sys[5375570.400]: CLOCK_REALTIME phc offset        14 s2 freq  -37044 delay    545
ptp4l[5375571.000]: master offset          4 s2 freq  -38598 path delay       610
phc2sys[5375571.400]: CLOCK_REALTIME phc offset        17 s2 freq  -37043 delay    546
ptp4l[5375572.000]: master offset         10 s2 freq  -38598 path delay       600
phc2sys[5375572.400]: CLOCK_REALTIME phc offset       -14 s2 freq  -37042 delay    540
ptp4l[5375573.000]: master offset        -12 s2 freq  -38598 path delay       620
phc2sys[5375573.400]: CLOCK_REALTIME phc offset        -1 s2 freq  -37046 delay    541
ptp4l[5375574.000]: master offset          3 s2 freq  -38598 path delay       600
phc2sys[5375574.400]: CLOCK_REALTIME phc offset       -18 s2 freq  -37045 delay    542
ptp4l[5375575.000]: master offset         -4 s2 freq  -38598 path delay       616
phc2sys[5375575.400]: CLOCK_REALTIME phc offset        17 s2 freq  -37044 delay    543
ptp4l[5375576.000]: master offset         -1 s2 freq  -38598 path delay       600
phc2sys[5375576.400]: CLOCK_REALTIME phc offset         7 s2 freq  -37043 delay    544
ptp4l[5375577.000]: master offset         -2 s2 freq  -38598 path delay       606
phc2sys[5375577.400]: CLOCK_REALTIME phc offset       -10 s2 freq  -37042 delay    545
ptp4l[5375578.000]: master offset         12 s2 freq  -38598 path delay       600
phc2sys[5375578.400]: CLOCK_REALTIME phc offset         0 s2 freq  -37046 delay    546
ptp4l[5375579.000]: master offset         42 s2 freq  -38598 path delay       638
phc2sys[5375579.400]: CLOCK_REALTIME phc offset       -14 s2 freq  -37045 delay    540
ptp4l[5375580.000]: master offset         44 s2 freq  -38598 path delay       642
phc2sys[5375580.400]: CLOCK_REALTIME phc offset        -8 s2 freq  -37044 delay    541
ptp4l[5375581.000]: master offset          9 s2 freq  -38598 path delay       600
phc2sys[5375581.400]: CLOCK_REALTIME phc offset       -21 s2 freq  -37043 delay    542
ptp4l[5375582.000]: master offset          5 s2 freq  -38598 path delay       600
phc2sys[5375582.400]: CLOCK_REALTIME phc offset        -1 s2 freq  -37042 delay    543
ptp4l[5375583.000]: master offset          8 s2 freq  -38598 path delay       600
phc2sys[5375583.400]: CLOCK_REALTIME phc offset       -11 s2 freq  -37046 delay    544
ptp4l[5375584.000]: master offset         12 s2 freq  -38598 path delay       600
phc2sys[5375584.400]: CLOCK_REALTIME phc offset         5 s2 freq  -37045 delay    545
ptp4l[5375585.000]: master offset         17 s2 freq  -38598 path delay       624
phc2sys[5375585.400]: CLOCK_REALTIME phc offset       -11 s2 freq  -37044 delay    546
ptp4l[5375586.000]: master offset          2 s2 freq  -38598 path delay       600
phc2sys[5375586.400]: CLOCK_REALTIME phc offset        15 s2 freq  -37043 delay    540
ptp4l[5375587.000]: master offset          9 s2 freq  -38598 path delay       600
phc2sys[5375587.400]: CLOCK_REALTIME phc offset         1 s2 freq  -37042 delay    541
ptp4l[5375588.000]: master offset          4 s2 freq  -38598 path delay       603
phc2sys[5375588.400]: CLOCK_REALTIME phc offset        14 s2 freq  -37046 delay    542
ptp4l[5375589.000]: master offset          9 s2 freq  -38598 path delay       600
phc2sys[5375589.400]: CLOCK_REALTIME phc offset         0 s2 freq  -37045 delay    543
ptp4l[5375590.000]: master offset          7 s2 freq  -38598 path delay       600
phc2sys[5375590.400]: CLOCK_REALTIME phc offset        19 s2 freq  -37044 delay    544
ptp4l[5375591.000]: master offset          1 s2 freq  -38598 path delay       600
phc2sys[5375591.400]: CLOCK_REALTIME phc offset        14 s2 freq  -37043 delay    545
ptp4l[5375592.000]: master offset         17 s2 freq  -38598 path delay       611
phc2sys[5375592.400]: CLOCK_REALTIME phc offset        10 s2 freq  -37042 delay    546
ptp4l[5375593.000]: master offset         22 s2 freq  -38598 path delay       615
phc2sys[5375593.400]: CLOCK_REALTIME phc offset        -1 s2 freq  -37046 delay    540
ptp4l[5375594.000]: master offset         -2 s2 freq  -38598 path delay       600
phc2sys[5375594.400]: CLOCK_REALTIME phc offset        -9 s2 freq  -37045 delay    541
ptp4l[5375595.000]: master offset          1 s2 freq  -38598 path delay       600
phc2sys[5375595.400]: CLOCK_REALTIME phc offset        11 s2 freq  -37044 delay    542
ptp4l[5375596.000]: master offset          3 s2 freq  -38598 path delay       600
phc2sys[5375596.400]: CLOCK_REALTIME phc offset         2 s2 freq  -37043 delay    543
ptp4l[5375597.000]: master offset        -18 s2 freq  -38598 path delay       620
phc2sys[5375597.400]: CLOCK_REALTIME phc offset        -2 s2 freq  -37042 delay    544
ptp4l[5375598.000]: master offset          0 s2 freq  -38598 path delay       600
phc2sys[5375598.400]: CLOCK_REALTIME phc offset         3 s2 freq  -37046 delay    545
ptp4l[5375599.000]: master offset          0 s2 freq  -38598 path delay       600
phc2sys[5375599.400]: CLOCK_REALTIME phc offset         4 s2 freq  -37045 delay    546
ptp4l[5375600.000]: master offset          0 s2 freq  -38598 path delay       600
phc2sys[5375600.400]: CLOCK_REALTIME phc offset       -11 s2 freq  -37044 delay    540
ptp4l[5375601.000]: master offset          4 s2 freq  -38598 path delay       601
phc2sys[5375601.400]: CLOCK_REALTIME phc offset        14 s2 freq  -37043 delay    541
ptp4l[5375602.000]: master offset          0 s2 freq  -38598 path delay       600
phc2sys[5375602.400]: CLOCK_REALTIME phc offset        -6 s2 freq  -37042 delay    542
ptp4l[5375603.000]: master offset          8 s2 freq  -38598 path delay       600
phc2sys[5375603.400]: CLOCK_REALTIME phc offset         6 s2 freq  -37046 delay    543
ptp4l[5375604.000]: master offset          5 s2 freq  -38598 path delay       600
phc2sys[5375604.400]: CLOCK_REALTIME phc offset        12 s2 freq  -37045 delay    544
ptp4l[5375605.000]: master offset         14 s2 freq  -38598 path delay       602
phc2sys[5375605.400]: CLOCK_REALTIME phc offset       -23 s2 freq  -37044 delay    545
ptp4l[5375606.000]: master offset          5 s2 freq  -38598 path delay       600
phc2sys[5375606.400]: CLOCK_REALTIME phc offset        -5 s2 freq  -37043 delay    546
ptp4l[5375607.000]: master offset         15 s2 freq  -38598 path delay       600
phc2sys[5375607.400]: CLOCK_REALTIME phc offset        19 s2 freq  -37042 delay    540
ptp4l[5375608.000]: master offset        -31 s2 freq  -38598 path delay       628
phc2sys[5375608.400]: CLOCK_REALTIME phc offset        -9 s2 freq  -37046 delay    541
ptp4l[5375609.000]: master offset         23 s2 freq  -38598 path delay       613
phc2sys[5375609.400]: CLOCK_REALTIME phc offset        -6 s2 freq  -37045 delay    542
ptp4l[5375610.000]: master offset         11 s2 freq  -38598 path delay       600
phc2sys[5375610.400]: CLOCK_REALTIME phc offset       -12 s2 freq  -37044 delay    543
ptp4l[5375611.000]: master offset          4 s2 freq  -38598 path delay       600
phc2sys[5375611.400]: CLOCK_REALTIME phc offset        -3 s2 freq  -37043 delay    544
ptp4l[5375612.000]: master offset          4 s2 freq  -38598 path delay       600
phc2sys[5375612.400]: CLOCK_REALTIME phc offset       -30 s2 freq  -37042 delay    545
ptp4l[5375613.000]: master offset          7 s2 freq  -38598 path delay       602
phc2sys[5375613.400]: CLOCK_REALTIME phc offset         9 s2 freq  -37046 delay    546
ptp4l[5375614.000]: master offset          6 s2 freq  -38598 path delay       600
phc2sys[5375614.400]: CLOCK_REALTIME phc offset       -14 s2 freq  -37045 delay    540
ptp4l[5375615.000]: master offset        -10 s2 freq  -38598 path delay       600
phc2sys[5375615.400]: CLOCK_REALTIME phc offset       -15 s2 freq  -37044 delay    541
ptp4l[5375616.000]: master offset         14 s2 freq  -38598 path delay       609
phc2sys[5375616.400]: CLOCK_REALTIME phc offset         4 s2 freq  -37043 delay    542
ptp4l[5375617.000]: master offset         15 s2 freq  -38598 path delay       619
phc2sys[5375617.400]: CLOCK_REALTIME phc offset        -3 s2 freq  -37042 delay    543
ptp4l[5375618.000]: master offset          2 s2 freq  -38598 path delay       600
phc2sys[5375618.400]: CLOCK_REALTIME phc offset       -17 s2 freq  -37046 delay    544
ptp4l[5375619.000]: master offset         17 s2 freq  -38598 path delay       617
phc2sys[5375619.400]: CLOCK_REALTIME phc offset       -15 s2 freq  -37045 delay    545
ptp4l[5375620.000]: master offset        -23 s2 freq  -38598 path delay       626
phc2sys[5375620.400]: CLOCK_REALTIME phc offset        15 s2 freq  -37044 delay    546
ptp4l[5375621.000]: master offset          4 s2 freq  -38598 path delay       601
phc2sys[5375621.400]: CLOCK_REALTIME phc offset         6 s2 freq  -37043 delay    540
ptp4l[5375622.000]: master offset        -67 s2 freq  -38598 path delay       661
phc2sys[5375622.400]: CLOCK_REALTIME phc offset         9 s2 freq  -37042 delay    541
ptp4l[5375623.000]: master offset         20 s2 freq  -38598 path delay       614
phc2sys[5375623.400]: CLOCK_REALTIME phc offset        16 s2 freq  -37046 delay    542
ptp4l[5375624.000]: master offset         11 s2 freq  -38598 path delay       600
phc2sys[5375624.400]: CLOCK_REALTIME phc offset         3 s2 freq  -37045 delay    543
ptp4l[5375625.000]: master offset          2 s2 freq  -38598 path delay       600
phc2sys[5375625.400]: CLOCK_REALTIME phc offset         4 s2 freq  -37044 delay    544
ptp4l[5375626.000]: master offset          2 s2 freq  -38598 path delay       600
phc2sys[5375626.400]: CLOCK_REALTIME phc offset         3 s2 freq  -37043 delay    545
ptp4l[5375627.000]: master offset          1 s2 freq  -38598 path delay       600
phc2sys[5375627.400]: CLOCK_REALTIME phc offset       -16 s2 freq  -37042 delay    546
ptp4l[5375628.000]: master offset          8 s2 freq  -38598 path delay       600
phc2sys[5375628.400]: CLOCK_REALTIME phc offset        21 s2 freq  -37046 delay    540
ptp4l[5375629.000]: master offset        -44 s2 freq  -38598 path delay       654
phc2sys[5375629.400]: CLOCK_REALTIME phc offset        -6 s2 freq  -37045 delay    541
ptp4l[5375630.000]: master offset          8 s2 freq  -38598 path delay       600
phc2sys[5375630.400]: CLOCK_REALTIME phc offset         1 s2 freq  -37044 delay    542
ptp4l[5375631.000]: master offset          8 s2 freq  -38598 path delay       600
phc2sys[5375631.400]: CLOCK_REALTIME phc offset        -6 s2 freq  -37043 delay    543
ptp4l[5375632.000]: master offset          5 s2 freq  -38598 path delay       600
phc2sys[5375632.400]: CLOCK_REALTIME phc offset        11 s2 freq  -37042 delay    544
ptp4l[5375633.000]: master offset          7 s2 freq  -38598 path delay       600
phc2sys[5375633.400]: CLOCK_REALTIME phc offset        17 s2 freq  -37046 delay    545
ptp4l[5375634.000]: master offset          7 s2 freq  -38598 path delay       600
phc2sys[5375634.400]: CLOCK_REALTIME phc offset       -12 s2 freq  -37045 delay    546
ptp4l[5375635.000]: master offset         18 s2 freq  -38598 path delay       625
phc2sys[5375635.400]: CLOCK_REALTIME phc offset        20 s2 freq  -37044 delay    540
ptp4l[5375636.000]: master offset          4 s2 freq  -38598 path delay       600
phc2sys[5375636.400]: CLOCK_REALTIME phc offset         2 s2 freq  -37043 delay    541
ptp4l[5375637.000]: master offset          4 s2 freq  -38598 path delay       600
phc2sys[5375637.400]: CLOCK_REALTIME phc offset        -6 s2 freq  -37042 delay    542
ptp4l[5375638.000]: master offset          5 s2 freq  -38598 path delay       600
phc2sys[5375638.400]: CLOCK_REALTIME phc offset         8 s2 freq  -37046 delay    543
ptp4l[5375639.000]: master offset         12 s2 freq  -38598 path delay       600
phc2sys[5375639.400]: CLOCK_REALTIME phc offset        10 s2 freq  -37045 delay    544
ptp4l[5375640.000]: master offset          3 s2 freq  -38598 path delay       600
phc2sys[5375640.400]: CLOCK_REALTIME phc offset         1 s2 freq  -37044 delay    545
ptp4l[5375641.000]: master offset         -6 s2 freq  -38598 path delay       600
phc2sys[5375641.400]: CLOCK_REALTIME phc offset        10 s2 freq  -37043 delay    546
ptp4l[5375642.000]: master offset          2 s2 freq  -38598 path delay       600
phc2sys[5375642.400]: CLOCK_REALTIME phc offset        -2 s2 freq  -37042 delay    540
ptp4l[5375643.000]: master offset          0 s2 freq  -38598 path delay       600
phc2sys[5375643.400]: CLOCK_REALTIME phc offset        -1 s2 freq  -37046 delay    541
ptp4l[5375644.000]: master offset          4 s2 freq  -38598 path delay       606
phc2sys[5375644.400]: CLOCK_REALTIME phc offset        -3 s2 freq  -37045 delay    542
ptp4l[5375645.000]: master offset         11 s2 freq  -38598 path delay       600
phc2sys[5375645.400]: CLOCK_REALTIME phc offset       -13 s2 freq  -37044 delay    543
ptp4l[5375646.000]: master offset          9 s2 freq  -38598 path delay       600
phc2sys[5375646.400]: CLOCK_REALTIME phc offset        14 s2 freq  -37043 delay    544
ptp4l[5375647.000]: master offset         14 s2 freq  -38598 path delay       600
phc2sys[5375647.400]: CLOCK_REALTIME phc offset        11 s2 freq  -37042 delay    545
ptp4l[5375648.000]: master offset         96 s2 freq  -38598 path delay       691
phc2sys[5375648.400]: CLOCK_REALTIME phc offset       -13 s2 freq  -37046 delay    546
ptp4l[5375649.000]: master offset         -9 s2 freq  -38598 path delay       647
phc2sys[5375649.400]: CLOCK_REALTIME phc offset         7 s2 freq  -37045 delay    540
ptp4l[5375650.000]: master offset         13 s2 freq  -38598 path delay       600
phc2sys[5375650.400]: CLOCK_REALTIME phc offset       -11 s2 freq  -37044 delay    541
ptp4l[5375651.000]: master offset         15 s2 freq  -38598 path delay       601
phc2sys[5375651.400]: CLOCK_REALTIME phc offset        -1 s2 freq  -37043 delay    542
ptp4l[5375652.000]: master offset          3 s2 freq  -38598 path delay       600
phc2sys[5375652.400]: CLOCK_REALTIME phc offset        17 s2 freq  -37042 delay    543
ptp4l[5375653.000]: master offset          7 s2 freq  -38598 path delay       600
phc2sys[5375653.400]: CLOCK_REALTIME phc offset        -4 s2 freq  -37046 delay    544
ptp4l[5375654.000]: master offset         10 s2 freq  -38598 path delay       600
phc2sys[5375654.400]: CLOCK_REALTIME phc offset       -13 s2 freq  -37045 delay    545
ptp4l[5375655.000]: master offset         -7 s2 freq  -38598 path delay       600
phc2sys[5375655.400]: CLOCK_REALTIME phc offset        -3 s2 freq  -37044 delay    546
ptp4l[5375656.000]: master offset        -45 s2 freq  -38598 path delay       643
phc2sys[5375656.400]: CLOCK_REALTIME phc offset        14 s2 freq  -37043 delay    540
ptp4l[5375657.000]: master offset         40 s2 freq  -38598 path delay       630
phc2sys[5375657.400]: CLOCK_REALTIME phc offset        -2 s2 freq  -37042 delay    541
ptp4l[5375658.000]: master offset         -2 s2 freq  -38598 path delay       600
phc2sys[5375658.400]: CLOCK_REALTIME phc offset        -1 s2 freq  -37046 delay    542
ptp4l[5375659.000]: master offset          4 s2 freq  -38598 path delay       600
phc2sys[5375659.400]: CLOCK_REALTIME phc offset       -20 s2 freq  -37045 delay    543
ptp4l[5375660.000]: master offset          9 s2 freq  -38598 path delay       600
phc2sys[5375660.400]: CLOCK_REALTIME phc offset         6 s2 freq  -37044 delay    544
ptp4l[5375661.000]: master offset         -4 s2 freq  -38598 path delay       600
phc2sys[5375661.400]: CLOCK_REALTIME phc offset         8 s2 freq  -37043 delay    545
ptp4l[5375662.000]: master offset          6 s2 freq  -38598 path delay       600
phc2sys[5375662.400]: CLOCK_REALTIME phc offset        -2 s2 freq  -37042 delay    546
ptp4l[5375663.000]: master offset         18 s2 freq  -38598 path delay       614
phc2sys[5375663.400]: CLOCK_REALTIME phc offset         3 s2 freq  -37046 delay    540
ptp4l[5375664.000]: master offset         44 s2 freq  -38598 path delay       630
phc2sys[5375664.400]: CLOCK_REALTIME phc offset        -1 s2 freq  -37045 delay    541
ptp4l[5375665.000]: master offset          5 s2 freq  -38598 path delay       600
phc2sys[5375665.400]: CLOCK_REALTIME phc offset         6 s2 freq  -37044 delay    542
ptp4l[5375666.000]: master offset          7 s2 freq  -38598 path delay       600
phc2sys[5375666.400]: CLOCK_REALTIME phc offset        -6 s2 freq  -37043 delay    543
ptp4l[5375667.000]: master offset          4 s2 freq  -38598 path delay       604
phc2sys[5375667.400]: CLOCK_REALTIME phc offset       -14 s2 freq  -37042 delay    544
ptp4l[5375668.000]: master offset          6 s2 freq  -38598 path delay       600
phc2sys[5375668.400]: CLOCK_REALTIME phc offset         0 s2 freq  -37046 delay    545
ptp4l[5375669.000]: master offset         -1 s2 freq  -38598 path delay       600
phc2sys[5375669.400]: CLOCK_REALTIME phc offset         1 s2 freq  -37045 delay    546
ptp4l[5375670.000]: master offset         16 s2 freq  -38598 path delay       606
phc2sys[5375670.400]: CLOCK_REALTIME phc offset       -18 s2 freq  -37044 delay    540
ptp4l[5375671.000]: master offset         12 s2 freq  -38599 path delay       600
phc2sys[5375671.400]: CLOCK_REALTIME phc offset        -2 s2 freq  -37043 delay    541
ptp4l[5375672.000]: master offset         10 s2 freq  -38599 path delay       600
phc2sys[5375672.400]: CLOCK_REALTIME phc offset       -12 s2 freq  -37042 delay    542
ptp4l[5375673.000]: master offset         18 s2 freq  -38599 path delay       614
phc2sys[5375673.400]: CLOCK_REALTIME phc offset        20 s2 freq  -37046 delay    543
ptp4l[5375674.000]: master offset          6 s2 freq  -38599 path delay       600
phc2sys[5375674.400]: CLOCK_REALTIME phc offset        -8 s2 freq  -37045 delay    544
ptp4l[5375675.000]: master offset          7 s2 freq  -38599 path delay       600
phc2sys[5375675.400]: CLOCK_REALTIME phc offset       -18 s2 freq  -37044 delay    545
ptp4l[5375676.000]: master offset         38 s2 freq  -38599 path delay       631
phc2sys[5375676.400]: CLOCK_REALTIME phc offset         6 s2 freq  -37043 delay    546
ptp4l[5375677.000]: master offset          4 s2 freq  -38599 path delay       603
phc2sys[5375677.400]: CLOCK_REALTIME phc offset         1 s2 freq  -37042 delay    540
ptp4l[5375678.000]: master offset        -10 s2 freq  -38599 path delay       615
phc2sys[5375678.400]: CLOCK_REALTIME phc offset         2 s2 freq  -37046 delay    541
ptp4l[5375679.000]: master offset          3 s2 freq  -38599 path delay       600
phc2sys[5375679.400]: CLOCK_REALTIME phc offset        -5 s2 freq  -37045 delay    542
ptp4l[5375680.000]: master offset          1 s2 freq  -38599 path delay       600
phc2sys[5375680.400]: CLOCK_REALTIME phc offset        -4 s2 freq  -37044 delay    543
ptp4l[5375681.000]: master offset          7 s2 freq  -38599 path delay       600
phc2sys[5375681.400]: CLOCK_REALTIME phc offset         4 s2 freq  -37043 delay    544
ptp4l[5375682.000]: master offset          7 s2 freq  -38599 path delay       600
phc2sys[5375682.400]: CLOCK_REALTIME phc offset         2 s2 freq  -37042 delay    545
ptp4l[5375683.000]: master offset          7 s2 freq  -38599 path delay       600
phc2sys[5375683.400]: CLOCK_REALTIME phc offset        -5 s2 freq  -37046 delay    546
ptp4l[5375684.000]: master offset         -1 s2 freq  -38599 path delay       600
phc2sys[5375684.400]: CLOCK_REALTIME phc offset        -7 s2 freq  -37045 delay    540
ptp4l[5375685.000]: master offset          4 s2 freq  -38599 path delay       600
phc2sys[5375685.400]: CLOCK_REALTIME phc offset        23 s2 freq  -37044 delay    541
ptp4l[5375686.000]: master offset          0 s2 freq  -38599 path delay       624
phc2sys[5375686.400]: CLOCK_REALTIME phc offset         9 s2 freq  -37043 delay    542
ptp4l[5375687.000]: master offset          3 s2 freq  -38599 path delay       600
phc2sys[5375687.400]: CLOCK_REALTIME phc offset        -4 s2 freq  -37042 delay    543
ptp4l[5375688.000]: master offset          9 s2 freq  -38599 path delay       600
phc2sys[5375688.400]: CLOCK_REALTIME phc offset         9 s2 freq  -37046 delay    544
ptp4l[5375689.000]: master offset          7 s2 freq  -38599 path delay       604
phc2sys[5375689.400]: CLOCK_REALTIME phc offset         1 s2 freq  -37045 delay    545
ptp4l[5375690.000]: master offset          3 s2 freq  -38599 path delay       600
phc2sys[5375690.400]: CLOCK_REALTIME phc offset         8 s2 freq  -37044 delay    546
ptp4l[5375691.000]: master offset          8 s2 freq  -38599 path delay       600
phc2sys[5375691.400]: CLOCK_REALTIME phc offset         1 s2 freq  -37043 delay    540
ptp4l[5375692.000]: master offset          3 s2 freq  -38599 path delay       600
phc2sys[5375692.400]: CLOCK_REALTIME phc offset         6 s2 freq  -37042 delay    541
ptp4l[5375693.000]: master offset         10 s2 freq  -38599 path delay       600
phc2sys[5375693.400]: CLOCK_REALTIME phc offset        16 s2 freq  -37046 delay    542
ptp4l[5375694.000]: master offset          2 s2 freq  -38599 path delay       600
phc2sys[5375694.400]: CLOCK_REALTIME phc offset       -16 s2 freq  -37045 delay    543
ptp4l[5375695.000]: master offset         13 s2 freq  -38600 path delay       617
phc2sys[5375695.400]: CLOCK_REALTIME phc offset        -1 s2 freq  -37044 delay    544
ptp4l[5375696.000]: master offset          6 s2 freq  -38600 path delay       600
phc2sys[5375696.400]: CLOCK_REALTIME phc offset       -19 s2 freq  -37043 delay    545
ptp4l[5375697.000]: master offset         20 s2 freq  -38600 path delay       615
phc2sys[5375697.400]: CLOCK_REALTIME phc offset         8 s2 freq  -37042 delay    546
ptp4l[5375698.000]: master offset          2 s2 freq  -38600 path delay       600
phc2sys[5375698.400]: CLOCK_REALTIME phc offset       -11 s2 freq  -37046 delay    540
ptp4l[5375699.000]: master offset          8 s2 freq  -38600 path delay       600
phc2sys[5375699.400]: CLOCK_REALTIME phc offset         9 s2 freq  -37045 delay    541
ptp4l[5375700.000]: master offset          6 s2 freq  -38600 path delay       600
phc2sys[5375700.400]: CLOCK_REALTIME phc offset       -10 s2 freq  -37044 delay    542
ptp4l[5375701.000]: master offset          3 s2 freq  -38600 path delay       600
phc2sys[5375701.400]: CLOCK_REALTIME phc offset        -2 s2 freq  -37043 delay    543
ptp4l[5375702.000]: master offset          0 s2 freq  -38600 path delay       600
phc2sys[5375702.400]: CLOCK_REALTIME phc offset        -6 s2 freq  -37042 delay    544
ptp4l[5375703.000]: master offset          5 s2 freq  -38600 path delay       600
phc2sys[5375703.400]: CLOCK_REALTIME phc offset       -10 s2 freq  -37046 delay    545
ptp4l[5375704.000]: master offset         10 s2 freq  -38600 path delay       600
phc2sys[5375704.400]: CLOCK_REALTIME phc offset         1 s2 freq  -37045 delay    546
ptp4l[5375705.000]: master offset          6 s2 freq  -38600 path delay       601
phc2sys[5375705.400]: CLOCK_REALTIME phc offset       -10 s2 freq  -37044 delay    540
ptp4l[5375706.000]: master offset         11 s2 freq  -38600 path delay       600
phc2sys[5375706.400]: CLOCK_REALTIME phc offset        24 s2 freq  -37043 delay    541
ptp4l[5375707.000]: master offset          3 s2 freq  -38600 path delay       600
phc2sys[5375707.400]: CLOCK_REALTIME phc offset        -6 s2 freq  -37042 delay    542
ptp4l[5375708.000]: master offset          9 s2 freq  -38600 path delay       642
phc2sys[5375708.400]: CLOCK_REALTIME phc offset       -17 s2 freq  -37046 delay    543
ptp4l[5375709.000]: master offset          7 s2 freq  -38600 path delay       600
phc2sys[5375709.400]: CLOCK_REALTIME phc offset         2 s2 freq  -37045 delay    544
ptp4l[5375710.000]: master offset          0 s2 freq  -38600 path delay       600
phc2sys[5375710.400]: CLOCK_REALTIME phc offset         5 s2 freq  -37044 delay    545
ptp4l[5375711.000]: master offset          3 s2 freq  -38600 path delay       600
phc2sys[5375711.400]: CLOCK_REALTIME phc offset       -24 s2 freq  -37043 delay    546
ptp4l[5375712.000]: master offset          8 s2 freq  -38600 path delay       600
phc2sys[5375712.400]: CLOCK_REALTIME phc offset        -7 s2 freq  -37042 delay    540
ptp4l[5375713.000]: master offset          8 s2 freq  -38600 path delay       600
phc2sys[5375713.400]: CLOCK_REALTIME phc offset        -9 s2 freq  -37046 delay    541
ptp4l[5375714.000]: master offset          3 s2 freq  -38600 path delay       600
phc2sys[5375714.400]: CLOCK_REALTIME phc offset        25 s2 freq  -37045 delay    542
ptp4l[5375715.000]: master offset          3 s2 freq  -38601 path delay       600
phc2sys[5375715.400]: CLOCK_REALTIME phc offset         2 s2 freq  -37044 delay    543
ptp4l[5375716.000]: master offset         10 s2 freq  -38601 path delay       600
phc2sys[5375716.400]: CLOCK_REALTIME phc offset        -8 s2 freq  -37043 delay    544
ptp4l[5375717.000]: master offset          5 s2 freq  -38601 path delay       600
phc2sys[5375717.400]: CLOCK_REALTIME phc offset        -8 s2 freq  -37042 delay    545
ptp4l[5375718.000]: master offset          8 s2 freq  -38601 path delay       600
phc2sys[5375718.400]: CLOCK_REALTIME phc offset        12 s2 freq  -37046 delay    546
ptp4l[5375719.000]: master offset          0 s2 freq  -38601 path delay       603
phc2sys[5375719.400]: CLOCK_REALTIME phc offset         5 s2 freq  -37045 delay    540
ptp4l[5375720.000]: master offset          2 s2 freq  -38601 path delay       600
phc2sys[5375720.400]: CLOCK_REALTIME phc offset        -8 s2 freq  -37044 delay    541
ptp4l[5375721.000]: master offset         19 s2 freq  -38601 path delay       600
phc2sys[5375721.400]: CLOCK_REALTIME phc offset        -6 s2 freq  -37043 delay    542
ptp4l[5375722.000]: master offset          7 s2 freq  -38601 path delay       600
phc2sys[5375722.400]: CLOCK_REALTIME phc offset        -6 s2 freq  -37042 delay    543
ptp4l[5375723.000]: master offset         20 s2 freq  -38601 path delay       615
phc2sys[5375723.400]: CLOCK_REALTIME phc offset        -7 s2 freq  -37046 delay    544
ptp4l[5375724.000]: master offset         26 s2 freq  -38601 path delay       625
phc2sys[5375724.400]: CLOCK_REALTIME phc offset        -1 s2 freq  -37045 delay    545
ptp4l[5375725.000]: master offset          8 s2 freq  -38601 path delay       600
phc2sys[5375725.400]: CLOCK_REALTIME phc offset        16 s2 freq  -37044 delay    546
ptp4l[5375726.000]: master offset         16 s2 freq  -38601 path delay       606
phc2sys[5375726.400]: CLOCK_REALTIME phc offset         1 s2 freq  -37043 delay    540
ptp4l[5375727.000]: master offset          9 s2 freq  -38601 path delay       602
phc2sys[5375727.400]: CLOCK_REALTIME phc offset         7 s2 freq  -37042 delay    541
ptp4l[5375728.000]: master offset         12 s2 freq  -38601 path delay       600
phc2sys[5375728.400]: CLOCK_REALTIME phc offset         3 s2 freq  -37046 delay    542
ptp4l[5375729.000]: master offset          4 s2 freq  -38601 path delay       600
phc2sys[5375729.400]: CLOCK_REALTIME phc offset        18 s2 freq  -37045 delay    543
ptp4l[5375730.000]: master offset         11 s2 freq  -38601 path delay       600
phc2sys[5375730.400]: CLOCK_REALTIME phc offset        27 s2 freq  -37044 delay    544
ptp4l[5375731.000]: master offset          5 s2 freq  -38601 path delay       600
phc2sys[5375731.400]: CLOCK_REALTIME phc offset        -6 s2 freq  -37043 delay    545
ptp4l[5375732.000]: master offset          4 s2 freq  -38601 path delay       600
phc2sys[5375732.400]: CLOCK_REALTIME phc offset         6 s2 freq  -37042 delay    546
ptp4l[5375733.000]: master offset          3 s2 freq  -38601 path delay       600
phc2sys[5375733.400]: CLOCK_REALTIME phc offset        12 s2 freq  -37046 delay    540
ptp4l[5375734.000]: master offset          5 s2 freq  -38601 path delay       600
phc2sys[5375734.400]: CLOCK_REALTIME phc offset        17 s2 freq  -37045 delay    541
ptp4l[5375735.000]: master offset         11 s2 freq  -38602 path delay       605
phc2sys[5375735.400]: CLOCK_REALTIME phc offset        -5 s2 freq  -37044 delay    542
ptp4l[5375736.000]: master offset          7 s2 freq  -38602 path delay       600
phc2sys[5375736.400]: CLOCK_REALTIME phc offset        12 s2 freq  -37043 delay    543
ptp4l[5375737.000]: master offset         14 s2 freq  -38602 path delay       610
phc2sys[5375737.400]: CLOCK_REALTIME phc offset        -4 s2 freq  -37042 delay    544
ptp4l[5375738.000]: master offset         10 s2 freq  -38602 path delay       600
phc2sys[5375738.400]: CLOCK_REALTIME phc offset        -2 s2 freq  -37046 delay    545
ptp4l[5375739.000]: master offset         40 s2 freq  -38602 path delay       639
phc2sys[5375739.400]: CLOCK_REALTIME phc offset        14 s2 freq  -37045 delay    546
ptp4l[5375740.000]: master offset          3 s2 freq  -38602 path delay       600
phc2sys[5375740.400]: CLOCK_REALTIME phc offset        10 s2 freq  -37044 delay    540
ptp4l[5375741.000]: master offset          5 s2 freq  -38602 path delay       600
phc2sys[5375741.400]: CLOCK_REALTIME phc offset         3 s2 freq  -37043 delay    541
ptp4l[5375742.000]: master offset          8 s2 freq  -38602 path delay       600
phc2sys[5375742.400]: CLOCK_REALTIME phc offset        -3 s2 freq  -37042 delay    542
ptp4l[5375743.000]: master offset          1 s2 freq  -38602 path delay       600
phc2sys[5375743.400]: CLOCK_REALTIME phc offset        -2 s2 freq  -37046 delay    543
ptp4l[5375744.000]: master offset         43 s2 freq  -38602 path delay       637
phc2sys[5375744.400]: CLOCK_REALTIME phc offset         0 s2 freq  -37045 delay    544
ptp4l[5375745.000]: master offset        -11 s2 freq  -38602 path delay       615
phc2sys[5375745.400]: CLOCK_REALTIME phc offset        -9 s2 freq  -37044 delay    545
ptp4l[5375746.000]: master offset          3 s2 freq  -38602 path delay       602
phc2sys[5375746.400]: CLOCK_REALTIME phc offset         1 s2 freq  -37043 delay    546
ptp4l[5375747.000]: master offset          0 s2 freq  -38602 path delay       600
phc2sys[5375747.400]: CLOCK_REALTIME phc offset        -3 s2 freq  -37042 delay    540
ptp4l[5375748.000]: master offset          7 s2 freq  -38602 path delay       600
phc2sys[5375748.400]: CLOCK_REALTIME phc offset         4 s2 freq  -37046 delay    541
ptp4l[5375749.000]: master offset          5 s2 freq  -38602 path delay       604
phc2sys[5375749.400]: CLOCK_REALTIME phc offset       -12 s2 freq  -37045 delay    542
ptp4l[5375750.000]: master offset          5 s2 freq  -38602 path delay       602
phc2sys[5375750.400]: CLOCK_REALTIME phc offset        -9 s2 freq  -37044 delay    543
ptp4l[5375751.000]: master offset          1 s2 freq  -38602 path delay       600
phc2sys[5375751.400]: CLOCK_REALTIME phc offset         2 s2 freq  -37043 delay    544
ptp4l[5375752.000]: master offset          9 s2 freq  -38602 path delay       600
phc2sys[5375752.400]: CLOCK_REALTIME phc offset       -15 s2 freq  -37042 delay    545
ptp4l[5375753.000]: master offset         -9 s2 freq  -38602 path delay       616
phc2sys[5375753.400]: CLOCK_REALTIME phc offset        20 s2 freq  -37046 delay    546
ptp4l[5375754.000]: master offset          2 s2 freq  -38602 path delay       600
phc2sys[5375754.400]: CLOCK_REALTIME phc offset       -17 s2 freq  -37045 delay    540
ptp4l[5375755.000]: master offset         13 s2 freq  -38602 path delay       612
phc2sys[5375755.400]: CLOCK_REALTIME phc offset         5 s2 freq  -37044 delay    541
ptp4l[5375756.000]: master offset          0 s2 freq  -38602 path delay       600
phc2sys[5375756.400]: CLOCK_REALTIME phc offset        -6 s2 freq  -37043 delay    542
ptp4l[5375757.000]: master offset         41 s2 freq  -38602 path delay       639
phc2sys[5375757.400]: CLOCK_REALTIME phc offset         2 s2 freq  -37042 delay    543
ptp4l[5375758.000]: master offset         -6 s2 freq  -38602 path delay       600
phc2sys[5375758.400]: CLOCK_REALTIME phc offset        -7 s2 freq  -37046 delay    544
ptp4l[5375759.000]: master offset          7 s2 freq  -38603 path delay       600
phc2sys[5375759.400]: CLOCK_REALTIME phc offset        -9 s2 freq  -37045 delay    545
ptp4l[5375760.000]: master offset        -16 s2 freq  -38603 path delay       617
phc2sys[5375760.400]: CLOCK_REALTIME phc offset         3 s2 freq  -37044 delay    546
ptp4l[5375761.000]: master offset          2 s2 freq  -38603 path delay       600
phc2sys[5375761.400]: CLOCK_REALTIME phc offset        10 s2 freq  -37043 delay    540
ptp4l[5375762.000]: master offset          8 s2 freq  -38603 path delay       600
phc2sys[5375762.400]: CLOCK_REALTIME phc offset        -6 s2 freq  -37042 delay    541
ptp4l[5375763.000]: master offset         16 s2 freq  -38603 path delay       600
phc2sys[5375763.400]: CLOCK_REALTIME phc offset        -5 s2 freq  -37046 delay    542
ptp4l[5375764.000]: master offset          4 s2 freq  -38603 path delay       600
phc2sys[5375764.400]: CLOCK_REALTIME phc offset        12 s2 freq  -37045 delay    543
ptp4l[5375765.000]: master offset        -40 s2 freq  -38603 path delay       651
phc2sys[5375765.400]: CLOCK_REALTIME phc offset        16 s2 freq  -37044 delay    544
ptp4l[5375766.000]: master offset          9 s2 freq  -38603 path delay       600
phc2sys[5375766.400]: CLOCK_REALTIME phc offset       -11 s2 freq  -37043 delay    545
ptp4l[5375767.000]: master offset         48 s2 freq  -38603 path delay       642
phc2sys[5375767.400]: CLOCK_REALTIME phc offset        -9 s2 freq  -37042 delay    546
ptp4l[5375768.000]: master offset         29 s2 freq  -38603 path delay       624
phc2sys[5375768.400]: CLOCK_REALTIME phc offset         5 s2 freq  -37046 delay    540
ptp4l[5375769.000]: master offset         -2 s2 freq  -38603 path delay       600
phc2sys[5375769.400]: CLOCK_REALTIME phc offset         8 s2 freq  -37045 delay    541
ptp4l[5375770.000]: master offset         -2 s2 freq  -38603 path delay       600
phc2sys[5375770.400]: CLOCK_REALTIME phc offset        -6 s2 freq  -37044 delay    542
ptp4l[5375771.000]: master offset          4 s2 freq  -38603 path delay       600
phc2sys[5375771.400]: CLOCK_REALTIME phc offset        13 s2 freq  -37043 delay    543
ptp4l[5375772.000]: master offset         20 s2 freq  -38603 path delay       611
phc2sys[5375772.400]: CLOCK_REALTIME phc offset         1 s2 freq  -37042 delay    544
ptp4l[5375773.000]: master offset         -2 s2 freq  -38603 path delay       600
phc2sys[5375773.400]: CLOCK_REALTIME phc offset        -9 s2 freq  -37046 delay    545
ptp4l[5375774.000]: master offset          6 s2 freq  -38603 path delay       600
phc2sys[5375774.400]: CLOCK_REALTIME phc offset         7 s2 freq  -37045 delay    546
ptp4l[5375775.000]: master offset        -22 s2 freq  -38603 path delay       624
phc2sys[5375775.400]: CLOCK_REALTIME phc offset         7 s2 freq  -37044 delay    540
ptp4l[5375776.000]: master offset          7 s2 freq  -38603 path delay       614
phc2sys[5375776.400]: CLOCK_REALTIME phc offset        -8 s2 freq  -37043 delay    541
ptp4l[5375777.000]: master offset         -7 s2 freq  -38603 path delay       600
phc2sys[5375777.400]: CLOCK_REALTIME phc offset       -33 s2 freq  -37042 delay    542
ptp4l[5375778.000]: master offset          7 s2 freq  -38603 path delay       600
phc2sys[5375778.400]: CLOCK_REALTIME phc offset         1 s2 freq  -37046 delay    543
ptp4l[5375779.000]: master offset          2 s2 freq  -38603 path delay       600
phc2sys[5375779.400]: CLOCK_REALTIME phc offset        16 s2 freq  -37045 delay    544
ptp4l[5375780.000]: master offset         -6 s2 freq  -38603 path delay       611
phc2sys[5375780.400]: CLOCK_REALTIME phc offset       -11 s2 freq  -37044 delay    545
ptp4l[5375781.000]: master offset          7 s2 freq  -38603 path delay       600
phc2sys[5375781.400]: CLOCK_REALTIME phc offset        -6 s2 freq  -37043 delay    546
ptp4l[5375782.000]: master offset          5 s2 freq  -38603 path delay       600
phc2sys[5375782.400]: CLOCK_REALTIME phc offset        -7 s2 freq  -37042 delay    540
ptp4l[5375783.000]: master offset          0 s2 freq  -38603 path delay       600
phc2sys[5375783.400]: CLOCK_REALTIME phc offset         6 s2 freq  -37046 delay    541
ptp4l[5375784.000]: master offset          2 s2 freq  -38603 path delay       603
phc2sys[5375784.400]: CLOCK_REALTIME phc offset         5 s2 freq  -37045 delay    542
ptp4l[5375785.000]: master offset         -2 s2 freq  -38603 path delay       600
phc2sys[5375785.400]: CLOCK_REALTIME phc offset        -1 s2 freq  -37044 delay    543
ptp4l[5375786.000]: master offset         -1 s2 freq  -38603 path delay       600
phc2sys[5375786.400]: CLOCK_REALTIME phc offset        10 s2 freq  -37043 delay    544
ptp4l[5375787.000]: master offset          0 s2 freq  -38603 path delay       600
phc2sys[5375787.400]: CLOCK_REALTIME phc offset         0 s2 freq  -37042 delay    545
ptp4l[5375788.000]: master offset          0 s2 freq  -38603 path delay       604
phc2sys[5375788.400]: CLOCK_REALTIME phc offset        -2 s2 freq  -37046 delay    546
ptp4l[5375789.000]: master offset          4 s2 freq  -38603 path delay       600
phc2sys[5375789.400]: CLOCK_REALTIME phc offset        -1 s2 freq  -37045 delay    540
ptp4l[5375790.000]: master offset          3 s2 freq  -38603 path delay       600
phc2sys[5375790.400]: CLOCK_REALTIME phc offset        -5 s2 freq  -37044 delay    541
ptp4l[5375791.000]: master offset         13 s2 freq  -38603 path delay       600
phc2sys[5375791.400]: CLOCK_REALTIME phc offset        -3 s2 freq  -37043 delay    542
ptp4l[5375792.000]: master offset         11 s2 freq  -38603 path delay       600
phc2sys[5375792.400]: CLOCK_REALTIME phc offset       -14 s2 freq  -37042 delay    543
ptp4l[5375793.000]: master offset         -2 s2 freq  -38603 path delay       600
phc2sys[5375793.400]: CLOCK_REALTIME phc offset        19 s2 freq  -37046 delay    544
ptp4l[5375794.000]: master offset         -4 s2 freq  -38603 path delay       611
phc2sys[5375794.400]: CLOCK_REALTIME phc offset         7 s2 freq  -37045 delay    545
ptp4l[5375795.000]: master offset          8 s2 freq  -38603 path delay       605
phc2sys[5375795.400]: CLOCK_REALTIME phc offset         7 s2 freq  -37044 delay    546
ptp4l[5375796.000]: master offset          7 s2 freq  -38603 path delay       600
phc2sys[5375796.400]: CLOCK_REALTIME phc offset         0 s2 freq  -37043 delay    540
ptp4l[5375797.000]: master offset          8 s2 freq  -38603 path delay       600
phc2sys[5375797.400]: CLOCK_REALTIME phc offset       -13 s2 freq  -37042 delay    541
ptp4l[5375798.000]: master offset         13 s2 freq  -38603 path delay       600
phc2sys[5375798.400]: CLOCK_REALTIME phc offset       -19 s2 freq  -37046 delay    542
ptp4l[5375799.000]: master offset        -29 s2 freq  -38603 path delay       629
phc2sys[5375799.400]: CLOCK_REALTIME phc offset       -11 s2 freq  -37045 delay    543
ptp4l[5375800.000]: master offset          4 s2 freq  -38603 path delay       600
phc2sys[5375800.400]: CLOCK_REALTIME phc offset         0 s2 freq  -37044 delay    544
ptp4l[5375801.000]: master offset         -1 s2 freq  -38603 path delay       600
phc2sys[5375801.400]: CLOCK_REALTIME phc offset        -7 s2 freq  -37043 delay    545
ptp4l[5375802.000]: master offset          8 s2 freq  -38603 path delay       600
phc2sys[5375802.400]: CLOCK_REALTIME phc offset        -9 s2 freq  -37042 delay    546
ptp4l[5375803.000]: master offset         12 s2 freq  -38603 path delay       600
phc2sys[5375803.400]: CLOCK_REALTIME phc offset        -1 s2 freq  -37046 delay    540
ptp4l[5375804.000]: master offset         -8 s2 freq  -38603 path delay       609
phc2sys[5375804.400]: CLOCK_REALTIME phc offset        12 s2 freq  -37045 delay    541
ptp4l[5375805.000]: master offset         -1 s2 freq  -38603 path delay       600
phc2sys[5375805.400]: CLOCK_REALTIME phc offset       -13 s2 freq  -37044 delay    542
ptp4l[5375806.000]: master offset        -35 s2 freq  -38603 path delay       632
phc2sys[5375806.400]: CLOCK_REALTIME phc offset        17 s2 freq  -37043 delay    543
ptp4l[5375807.000]: master offset          9 s2 freq  -38603 path delay       602
phc2sys[5375807.400]: CLOCK_REALTIME phc offset        26 s2 freq  -37042 delay    544
ptp4l[5375808.000]: master offset         12 s2 freq  -38603 path delay       600
phc2sys[5375808.400]: CLOCK_REALTIME phc offset        -5 s2 freq  -37046 delay    545
ptp4l[5375809.000]: master offset          6 s2 freq  -38603 path delay       600
phc2sys[5375809.400]: CLOCK_REALTIME phc offset         0 s2 freq  -37045 delay    546
ptp4l[5375810.000]: master offset          8 s2 freq  -38603 path delay       600
phc2sys[5375810.400]: CLOCK_REALTIME phc offset        -8 s2 freq  -37044 delay    540
ptp4l[5375811.000]: master offset          6 s2 freq  -38603 path delay       612
phc2sys[5375811.400]: CLOCK_REALTIME phc offset         1 s2 freq  -37043 delay    541
ptp4l[5375812.000]: master offset          8 s2 freq  -38603 path delay       600
phc2sys[5375812.400]: CLOCK_REALTIME phc offset         2 s2 freq  -37042 delay    542
ptp4l[5375813.000]: master offset          3 s2 freq  -38603 path delay       602
phc2sys[5375813.400]: CLOCK_REALTIME phc offset        13 s2 freq  -37046 delay    543
ptp4l[5375814.000]: master offset          9 s2 freq  -38603 path delay       600
phc2sys[5375814.400]: CLOCK_REALTIME phc offset        -2 s2 freq  -37045 delay    544
ptp4l[5375815.000]: master offset        -16 s2 freq  -38603 path delay       618
phc2sys[5375815.400]: CLOCK_REALTIME phc offset       -11 s2 freq  -37044 delay    545
ptp4l[5375816.000]: master offset          8 s2 freq  -38603 path delay       600
phc2sys[5375816.400]: CLOCK_REALTIME phc offset       -11 s2 freq  -37043 delay    546
ptp4l[5375817.000]: master offset          9 s2 freq  -38603 path delay       600
phc2sys[5375817.400]: CLOCK_REALTIME phc offset        -7 s2 freq  -37042 delay    540
